Sequence_ID,Sim_95,Sim_90,Sim_70,Sim_50,Sim_40,Sim_30
EColi1700_2,C95_EColi1700_2,C90_EColi1700_2,C70_EColi1700_2,C50_EColi1700_2,C40_EColi88_0,C30_EColi88_0
EColi1701_1,C95_EColi1701_1,C90_EColi1701_1,C70_EColi1701_1,C50_EColi1701_1,C40_EColi1701_1,C30_EColi1701_1
EColi1702_2,C95_EColi1702_2,C90_EColi1702_2,C70_EColi1702_2,C50_EColi1702_2,C40_EColi1702_2,C30_EColi1702_2
EColi1703_0,C95_EColi1703_0,C90_EColi1703_0,C70_EColi1703_0,C50_EColi1703_0,C40_EColi2202_2,C30_EColi2202_2
EColi1704_2,C95_EColi1704_2,C90_EColi1704_2,C70_EColi1704_2,C50_EColi1704_2,C40_EColi1704_2,C30_EColi5086_0
EColi1705_2,C95_EColi1705_2,C90_EColi1705_2,C70_EColi1705_2,C50_EColi1705_2,C40_EColi2413_2,C30_EColi3878_1
EColi1706_2,C95_EColi1706_2,C90_EColi1706_2,C70_EColi1706_2,C50_EColi1706_2,C40_EColi1706_2,C30_EColi1706_2
EColi1707_2,C95_EColi1707_2,C90_EColi1707_2,C70_EColi1707_2,C50_EColi1707_2,C40_EColi1707_2,C30_EColi5530_2
EColi1708_2,C95_EColi1708_2,C90_EColi1708_2,C70_EColi1708_2,C50_EColi1708_2,C40_EColi4529_2,C30_EColi48_0
EColi1709_2,C95_EColi1709_2,C90_EColi1709_2,C70_EColi1709_2,C50_EColi1709_2,C40_EColi1709_2,C30_EColi1709_2
EColi1710_1,C95_EColi1710_1,C90_EColi1710_1,C70_EColi1710_1,C50_EColi1710_1,C40_EColi1710_1,C30_EColi1710_1
EColi1711_1,C95_EColi1711_1,C90_EColi1711_1,C70_EColi1711_1,C50_EColi4874_2,C40_EColi4874_2,C30_EColi4874_2
EColi1712_2,C95_EColi1712_2,C90_EColi1712_2,C70_EColi1712_2,C50_EColi2218_1,C40_EColi2218_1,C30_EColi5650_2
EColi1713_1,C95_EColi1713_1,C90_EColi1713_1,C70_EColi1713_1,C50_EColi1713_1,C40_EColi1713_1,C30_EColi1713_1
EColi1714_0,C95_EColi1714_0,C90_EColi1714_0,C70_EColi1714_0,C50_EColi1714_0,C40_EColi1714_0,C30_EColi1714_0
EColi1715_2,C95_EColi1715_2,C90_EColi1715_2,C70_EColi1715_2,C50_EColi1715_2,C40_EColi1715_2,C30_EColi5721_1
EColi1716_1,C95_EColi1716_1,C90_EColi1716_1,C70_EColi1716_1,C50_EColi1716_1,C40_EColi5866_0,C30_EColi5866_0
EColi1717_1,C95_EColi1717_1,C90_EColi1717_1,C70_EColi1717_1,C50_EColi1717_1,C40_EColi2222_2,C30_EColi5866_0
EColi1718_2,C95_EColi1718_2,C90_EColi1718_2,C70_EColi1718_2,C50_EColi1718_2,C40_EColi1718_2,C30_EColi1718_2
EColi1719_0,C95_EColi1719_0,C90_EColi1719_0,C70_EColi1719_0,C50_EColi1719_0,C40_EColi1719_0,C30_EColi1830_2
EColi1720_2,C95_EColi1720_2,C90_EColi1720_2,C70_EColi1720_2,C50_EColi1720_2,C40_EColi1720_2,C30_EColi1720_2
EColi1721_1,C95_EColi1721_1,C90_EColi1721_1,C70_EColi1721_1,C50_EColi1721_1,C40_EColi1721_1,C30_EColi5838_2
EColi1722_2,C95_EColi1722_2,C90_EColi1722_2,C70_EColi1722_2,C50_EColi1722_2,C40_EColi1722_2,C30_EColi5618_1
EColi1723_0,C95_EColi1723_0,C90_EColi1723_0,C70_EColi1723_0,C50_EColi1723_0,C40_EColi1723_0,C30_EColi2235_1
EColi1724_2,C95_EColi1724_2,C90_EColi1724_2,C70_EColi1724_2,C50_EColi1724_2,C40_EColi1724_2,C30_EColi1724_2
EColi1725_1,C95_EColi1725_1,C90_EColi1725_1,C70_EColi1725_1,C50_EColi6304_1,C40_EColi5893_2,C30_EColi5893_2
EColi1726_0,C95_EColi1726_0,C90_EColi1726_0,C70_EColi1726_0,C50_EColi1726_0,C40_EColi1726_0,C30_EColi1726_0
EColi1727_1,C95_EColi1727_1,C90_EColi1727_1,C70_EColi1727_1,C50_EColi1727_1,C40_EColi1727_1,C30_EColi1727_1
EColi1728_1,C95_EColi1728_1,C90_EColi1728_1,C70_EColi1728_1,C50_EColi1728_1,C40_EColi1728_1,C30_EColi6108_2
EColi1729_0,C95_EColi1729_0,C90_EColi1729_0,C70_EColi1729_0,C50_EColi1729_0,C40_EColi1729_0,C30_EColi2253_1
EColi1730_0,C95_EColi1730_0,C90_EColi1730_0,C70_EColi1730_0,C50_EColi1730_0,C40_EColi359_2,C30_EColi231_2
EColi1731_0,C95_EColi1731_0,C90_EColi1731_0,C70_EColi1731_0,C50_EColi717_0,C40_EColi570_0,C30_EColi570_0
EColi1732_2,C95_EColi1732_2,C90_EColi1732_2,C70_EColi1732_2,C50_EColi1732_2,C40_EColi1732_2,C30_EColi1732_2
EColi1733_0,C95_EColi1733_0,C90_EColi1733_0,C70_EColi1733_0,C50_EColi1733_0,C40_EColi1733_0,C30_EColi2767_2
EColi1734_0,C95_EColi1734_0,C90_EColi1734_0,C70_EColi1734_0,C50_EColi1734_0,C40_EColi1734_0,C30_EColi1734_0
EColi1735_2,C95_EColi1735_2,C90_EColi1735_2,C70_EColi1735_2,C50_EColi1735_2,C40_EColi486_1,C30_EColi4546_0
EColi1736_0,C95_EColi1736_0,C90_EColi1736_0,C70_EColi1736_0,C50_EColi1736_0,C40_EColi1736_0,C30_EColi3807_0
EColi1737_1,C95_EColi1737_1,C90_EColi1737_1,C70_EColi1737_1,C50_EColi1737_1,C40_EColi3051_0,C30_EColi3051_0
EColi1738_1,C95_EColi1738_1,C90_EColi1738_1,C70_EColi1738_1,C50_EColi1738_1,C40_EColi1738_1,C30_EColi1738_1
EColi1739_1,C95_EColi1739_1,C90_EColi1739_1,C70_EColi1739_1,C50_EColi1739_1,C40_EColi1739_1,C30_EColi1799_1
EColi1740_1,C95_EColi1740_1,C90_EColi1740_1,C70_EColi1740_1,C50_EColi1740_1,C40_EColi1740_1,C30_EColi3271_0
EColi1741_1,C95_EColi1741_1,C90_EColi1741_1,C70_EColi1741_1,C50_EColi1741_1,C40_EColi1741_1,C30_EColi1741_1
EColi1742_1,C95_EColi1742_1,C90_EColi1742_1,C70_EColi1742_1,C50_EColi1742_1,C40_EColi1742_1,C30_EColi1742_1
EColi1743_1,C95_EColi1743_1,C90_EColi1743_1,C70_EColi1743_1,C50_EColi1743_1,C40_EColi1743_1,C30_EColi960_0
EColi1744_1,C95_EColi1744_1,C90_EColi1744_1,C70_EColi1744_1,C50_EColi1744_1,C40_EColi1744_1,C30_EColi5472_0
EColi1745_2,C95_EColi1745_2,C90_EColi1745_2,C70_EColi1745_2,C50_EColi1745_2,C40_EColi1745_2,C30_EColi1745_2
EColi1746_2,C95_EColi1746_2,C90_EColi1746_2,C70_EColi1746_2,C50_EColi1746_2,C40_EColi1746_2,C30_EColi1746_2
EColi1747_0,C95_EColi1747_0,C90_EColi1747_0,C70_EColi1747_0,C50_EColi1747_0,C40_EColi1747_0,C30_EColi3477_2
EColi1748_2,C95_EColi1748_2,C90_EColi1748_2,C70_EColi1748_2,C50_EColi1748_2,C40_EColi400_2,C30_EColi400_2
EColi1749_1,C95_EColi1749_1,C90_EColi1749_1,C70_EColi1749_1,C50_EColi1749_1,C40_EColi1749_1,C30_EColi1749_1
EColi1750_1,C95_EColi1750_1,C90_EColi1750_1,C70_EColi1750_1,C50_EColi1750_1,C40_EColi1750_1,C30_EColi1750_1
EColi1751_1,C95_EColi1751_1,C90_EColi1751_1,C70_EColi1751_1,C50_EColi1751_1,C40_EColi1751_1,C30_EColi2638_0
EColi1752_2,C95_EColi1752_2,C90_EColi1752_2,C70_EColi1752_2,C50_EColi1752_2,C40_EColi1752_2,C30_EColi1752_2
EColi1753_1,C95_EColi1753_1,C90_EColi1753_1,C70_EColi1753_1,C50_EColi1753_1,C40_EColi4894_2,C30_EColi4894_2
EColi1754_1,C95_EColi1754_1,C90_EColi1754_1,C70_EColi1754_1,C50_EColi1754_1,C40_EColi1754_1,C30_EColi1754_1
EColi1755_2,C95_EColi1755_2,C90_EColi1755_2,C70_EColi1755_2,C50_EColi1755_2,C40_EColi1755_2,C30_EColi1749_1
EColi1756_2,C95_EColi1756_2,C90_EColi1756_2,C70_EColi1756_2,C50_EColi1756_2,C40_EColi1756_2,C30_EColi1756_2
EColi1757_2,C95_EColi1757_2,C90_EColi1757_2,C70_EColi1757_2,C50_EColi1757_2,C40_EColi1411_2,C30_EColi5558_1
EColi1758_2,C95_EColi1758_2,C90_EColi1758_2,C70_EColi1758_2,C50_EColi1758_2,C40_EColi1758_2,C30_EColi1758_2
EColi1759_2,C95_EColi1759_2,C90_EColi1759_2,C70_EColi1759_2,C50_EColi1759_2,C40_EColi1759_2,C30_EColi1759_2
EColi1760_1,C95_EColi1760_1,C90_EColi1760_1,C70_EColi1760_1,C50_EColi1760_1,C40_EColi1760_1,C30_EColi1727_1
EColi1761_1,C95_EColi1761_1,C90_EColi1761_1,C70_EColi1761_1,C50_EColi1761_1,C40_EColi1761_1,C30_EColi1574_0
EColi1762_2,C95_EColi1762_2,C90_EColi1762_2,C70_EColi1762_2,C50_EColi4637_2,C40_EColi4637_2,C30_EColi4637_2
EColi1763_1,C95_EColi1763_1,C90_EColi1763_1,C70_EColi1763_1,C50_EColi1763_1,C40_EColi1763_1,C30_EColi1763_1
EColi1764_1,C95_EColi1764_1,C90_EColi1764_1,C70_EColi1764_1,C50_EColi1764_1,C40_EColi1764_1,C30_EColi1764_1
EColi1765_1,C95_EColi1765_1,C90_EColi1765_1,C70_EColi1765_1,C50_EColi1765_1,C40_EColi1765_1,C30_EColi1765_1
EColi1766_1,C95_EColi1766_1,C90_EColi1766_1,C70_EColi1766_1,C50_EColi1766_1,C40_EColi1766_1,C30_EColi4694_0
EColi1767_2,C95_EColi1767_2,C90_EColi1767_2,C70_EColi1767_2,C50_EColi1767_2,C40_EColi1767_2,C30_EColi1767_2
EColi1768_1,C95_EColi1768_1,C90_EColi1768_1,C70_EColi1768_1,C50_EColi1768_1,C40_EColi1768_1,C30_EColi1768_1
EColi1769_1,C95_EColi1769_1,C90_EColi1769_1,C70_EColi1769_1,C50_EColi1769_1,C40_EColi1769_1,C30_EColi1769_1
EColi1770_2,C95_EColi1770_2,C90_EColi1770_2,C70_EColi1770_2,C50_EColi1770_2,C40_EColi1770_2,C30_EColi1770_2
EColi1771_1,C95_EColi1771_1,C90_EColi1771_1,C70_EColi1771_1,C50_EColi1771_1,C40_EColi1771_1,C30_EColi4242_0
EColi1772_2,C95_EColi1772_2,C90_EColi1772_2,C70_EColi1772_2,C50_EColi1772_2,C40_EColi1772_2,C30_EColi1772_2
EColi1773_1,C95_EColi1773_1,C90_EColi1773_1,C70_EColi1773_1,C50_EColi1773_1,C40_EColi1773_1,C30_EColi3578_1
EColi1774_1,C95_EColi1774_1,C90_EColi1774_1,C70_EColi1774_1,C50_EColi1774_1,C40_EColi1774_1,C30_EColi2693_2
EColi1775_1,C95_EColi1775_1,C90_EColi1775_1,C70_EColi1775_1,C50_EColi1775_1,C40_EColi1775_1,C30_EColi5043_0
EColi1776_2,C95_EColi1776_2,C90_EColi1776_2,C70_EColi1776_2,C50_EColi1776_2,C40_EColi1776_2,C30_EColi1776_2
EColi1777_1,C95_EColi1777_1,C90_EColi1777_1,C70_EColi1777_1,C50_EColi1777_1,C40_EColi1777_1,C30_EColi1777_1
EColi1778_2,C95_EColi1778_2,C90_EColi1778_2,C70_EColi1778_2,C50_EColi1778_2,C40_EColi1778_2,C30_EColi1778_2
EColi1779_0,C95_EColi1779_0,C90_EColi1779_0,C70_EColi1779_0,C50_EColi1779_0,C40_EColi1779_0,C30_EColi279_2
EColi1780_1,C95_EColi1780_1,C90_EColi1780_1,C70_EColi1780_1,C50_EColi1780_1,C40_EColi1780_1,C30_EColi1780_1
EColi1781_1,C95_EColi1781_1,C90_EColi1781_1,C70_EColi1781_1,C50_EColi1781_1,C40_EColi1781_1,C30_EColi109_0
EColi1782_1,C95_EColi1782_1,C90_EColi1782_1,C70_EColi1782_1,C50_EColi1782_1,C40_EColi2114_0,C30_EColi5309_0
EColi1783_2,C95_EColi1783_2,C90_EColi1783_2,C70_EColi1783_2,C50_EColi1783_2,C40_EColi1783_2,C30_EColi1783_2
EColi1784_1,C95_EColi1784_1,C90_EColi1784_1,C70_EColi1784_1,C50_EColi1784_1,C40_EColi1784_1,C30_EColi1784_1
EColi1785_2,C95_EColi1785_2,C90_EColi1785_2,C70_EColi1785_2,C50_EColi1785_2,C40_EColi2498_2,C30_EColi2498_2
EColi1786_2,C95_EColi1786_2,C90_EColi1786_2,C70_EColi1786_2,C50_EColi1786_2,C40_EColi1786_2,C30_EColi1786_2
EColi1787_1,C95_EColi1787_1,C90_EColi1787_1,C70_EColi1787_1,C50_EColi1787_1,C40_EColi1787_1,C30_EColi356_1
EColi1788_1,C95_EColi1788_1,C90_EColi1788_1,C70_EColi1788_1,C50_EColi1788_1,C40_EColi1788_1,C30_EColi1788_1
EColi1789_1,C95_EColi1789_1,C90_EColi1789_1,C70_EColi1789_1,C50_EColi1789_1,C40_EColi1789_1,C30_EColi1789_1
EColi1790_1,C95_EColi1790_1,C90_EColi1790_1,C70_EColi1790_1,C50_EColi1790_1,C40_EColi1790_1,C30_EColi1790_1
EColi1791_2,C95_EColi1791_2,C90_EColi1791_2,C70_EColi1791_2,C50_EColi1791_2,C40_EColi1791_2,C30_EColi1791_2
EColi1792_1,C95_EColi1792_1,C90_EColi1792_1,C70_EColi1792_1,C50_EColi714_2,C40_EColi714_2,C30_EColi1100_1
EColi1793_1,C95_EColi1793_1,C90_EColi1793_1,C70_EColi1793_1,C50_EColi3945_2,C40_EColi1040_0,C30_EColi1040_0
EColi1794_0,C95_EColi1794_0,C90_EColi1794_0,C70_EColi1794_0,C50_EColi1794_0,C40_EColi1794_0,C30_EColi1794_0
EColi1795_1,C95_EColi1795_1,C90_EColi1795_1,C70_EColi1795_1,C50_EColi1795_1,C40_EColi2883_2,C30_EColi2883_2
EColi1796_2,C95_EColi1796_2,C90_EColi1796_2,C70_EColi1796_2,C50_EColi1796_2,C40_EColi1796_2,C30_EColi1796_2
EColi1797_2,C95_EColi1797_2,C90_EColi1797_2,C70_EColi1797_2,C50_EColi1797_2,C40_EColi1400_1,C30_EColi1400_1
EColi1798_1,C95_EColi1798_1,C90_EColi1798_1,C70_EColi1798_1,C50_EColi1798_1,C40_EColi1917_1,C30_EColi1917_1
EColi1799_1,C95_EColi1799_1,C90_EColi1799_1,C70_EColi1799_1,C50_EColi1799_1,C40_EColi1799_1,C30_EColi1799_1
EColi1900_1,C95_EColi1900_1,C90_EColi1900_1,C70_EColi1900_1,C50_EColi1953_1,C40_EColi1953_1,C30_EColi1953_1
EColi1901_0,C95_EColi1901_0,C90_EColi1901_0,C70_EColi1901_0,C50_EColi1901_0,C40_EColi1901_0,C30_EColi1901_0
EColi1902_0,C95_EColi1902_0,C90_EColi1902_0,C70_EColi1902_0,C50_EColi1902_0,C40_EColi1902_0,C30_EColi1902_0
EColi1903_0,C95_EColi1903_0,C90_EColi1903_0,C70_EColi1903_0,C50_EColi1903_0,C40_EColi1903_0,C30_EColi1903_0
EColi1904_0,C95_EColi1904_0,C90_EColi1904_0,C70_EColi1904_0,C50_EColi1904_0,C40_EColi1904_0,C30_EColi1904_0
EColi1905_0,C95_EColi1905_0,C90_EColi1905_0,C70_EColi1905_0,C50_EColi1905_0,C40_EColi1905_0,C30_EColi1905_0
EColi1906_0,C95_EColi1906_0,C90_EColi1906_0,C70_EColi1906_0,C50_EColi1906_0,C40_EColi1906_0,C30_EColi1906_0
EColi1907_0,C95_EColi1907_0,C90_EColi1907_0,C70_EColi1907_0,C50_EColi1907_0,C40_EColi1907_0,C30_EColi1907_0
EColi1908_0,C95_EColi1908_0,C90_EColi1908_0,C70_EColi1908_0,C50_EColi1908_0,C40_EColi1908_0,C30_EColi4635_0
EColi1909_1,C95_EColi1909_1,C90_EColi1909_1,C70_EColi1909_1,C50_EColi1909_1,C40_EColi1909_1,C30_EColi4995_1
EColi1910_0,C95_EColi1910_0,C90_EColi1910_0,C70_EColi1910_0,C50_EColi1910_0,C40_EColi1910_0,C30_EColi1910_0
EColi1911_0,C95_EColi1911_0,C90_EColi1911_0,C70_EColi1911_0,C50_EColi1911_0,C40_EColi1911_0,C30_EColi1911_0
EColi1912_0,C95_EColi1912_0,C90_EColi1912_0,C70_EColi1912_0,C50_EColi1912_0,C40_EColi1912_0,C30_EColi4546_0
EColi1913_1,C95_EColi1913_1,C90_EColi1913_1,C70_EColi1913_1,C50_EColi1913_1,C40_EColi1913_1,C30_EColi1913_1
EColi1914_0,C95_EColi1914_0,C90_EColi1914_0,C70_EColi1914_0,C50_EColi1914_0,C40_EColi1914_0,C30_EColi1914_0
EColi1915_0,C95_EColi1915_0,C90_EColi1915_0,C70_EColi1915_0,C50_EColi1915_0,C40_EColi1915_0,C30_EColi1915_0
EColi1916_2,C95_EColi1916_2,C90_EColi1916_2,C70_EColi1916_2,C50_EColi1916_2,C40_EColi4738_1,C30_EColi1916_2
EColi1917_1,C95_EColi1917_1,C90_EColi1917_1,C70_EColi1917_1,C50_EColi1917_1,C40_EColi1917_1,C30_EColi1917_1
EColi1918_2,C95_EColi1918_2,C90_EColi1918_2,C70_EColi1918_2,C50_EColi1918_2,C40_EColi1918_2,C30_EColi1918_2
EColi1919_0,C95_EColi1919_0,C90_EColi1919_0,C70_EColi1919_0,C50_EColi1919_0,C40_EColi1919_0,C30_EColi6314_1
EColi1920_1,C95_EColi1920_1,C90_EColi1920_1,C70_EColi1920_1,C50_EColi1920_1,C40_EColi1920_1,C30_EColi5505_0
EColi1921_0,C95_EColi1921_0,C90_EColi1921_0,C70_EColi1921_0,C50_EColi1921_0,C40_EColi1921_0,C30_EColi1921_0
EColi1922_0,C95_EColi1922_0,C90_EColi1922_0,C70_EColi1922_0,C50_EColi1922_0,C40_EColi1922_0,C30_EColi1922_0
EColi1923_0,C95_EColi1923_0,C90_EColi1923_0,C70_EColi1923_0,C50_EColi5812_0,C40_EColi5812_0,C30_EColi1923_0
EColi1924_0,C95_EColi1924_0,C90_EColi1924_0,C70_EColi1924_0,C50_EColi1924_0,C40_EColi1924_0,C30_EColi1924_0
EColi1925_1,C95_EColi1925_1,C90_EColi1925_1,C70_EColi1925_1,C50_EColi1925_1,C40_EColi1925_1,C30_EColi5822_0
EColi1926_2,C95_EColi1926_2,C90_EColi1926_2,C70_EColi1926_2,C50_EColi1926_2,C40_EColi1926_2,C30_EColi1926_2
EColi1927_0,C95_EColi1927_0,C90_EColi1927_0,C70_EColi1927_0,C50_EColi1927_0,C40_EColi1927_0,C30_EColi1927_0
EColi1928_1,C95_EColi1928_1,C90_EColi1928_1,C70_EColi1928_1,C50_EColi1928_1,C40_EColi1928_1,C30_EColi1928_1
EColi1929_2,C95_EColi1929_2,C90_EColi1929_2,C70_EColi1929_2,C50_EColi1929_2,C40_EColi1929_2,C30_EColi4894_2
EColi1930_2,C95_EColi1930_2,C90_EColi1930_2,C70_EColi1930_2,C50_EColi1930_2,C40_EColi1930_2,C30_EColi3907_1
EColi1931_0,C95_EColi1931_0,C90_EColi1931_0,C70_EColi1931_0,C50_EColi1931_0,C40_EColi1931_0,C30_EColi1931_0
EColi1932_1,C95_EColi1932_1,C90_EColi1932_1,C70_EColi1932_1,C50_EColi1932_1,C40_EColi1932_1,C30_EColi5801_2
EColi1933_0,C95_EColi1933_0,C90_EColi1933_0,C70_EColi1933_0,C50_EColi1963_1,C40_EColi1963_1,C30_EColi5664_0
EColi1934_1,C95_EColi1934_1,C90_EColi1934_1,C70_EColi1934_1,C50_EColi1934_1,C40_EColi1934_1,C30_EColi2402_2
EColi1935_0,C95_EColi1935_0,C90_EColi1935_0,C70_EColi1935_0,C50_EColi1935_0,C40_EColi1935_0,C30_EColi1935_0
EColi1936_0,C95_EColi1936_0,C90_EColi1936_0,C70_EColi1936_0,C50_EColi1936_0,C40_EColi1936_0,C30_EColi1936_0
EColi1937_0,C95_EColi1937_0,C90_EColi1937_0,C70_EColi1937_0,C50_EColi1937_0,C40_EColi1937_0,C30_EColi1938_0
EColi1938_0,C95_EColi1938_0,C90_EColi1938_0,C70_EColi1938_0,C50_EColi1938_0,C40_EColi1939_0,C30_EColi1938_0
EColi1939_0,C95_EColi1939_0,C90_EColi1939_0,C70_EColi1939_0,C50_EColi1939_0,C40_EColi1939_0,C30_EColi1938_0
EColi1940_2,C95_EColi1940_2,C90_EColi1940_2,C70_EColi1940_2,C50_EColi5091_2,C40_EColi5091_2,C30_EColi5091_2
EColi1941_1,C95_EColi1941_1,C90_EColi1941_1,C70_EColi1941_1,C50_EColi1941_1,C40_EColi1941_1,C30_EColi1776_2
EColi1942_2,C95_EColi1942_2,C90_EColi1942_2,C70_EColi1942_2,C50_EColi1942_2,C40_EColi1942_2,C30_EColi4994_0
EColi1943_1,C95_EColi1943_1,C90_EColi1943_1,C70_EColi1943_1,C50_EColi1943_1,C40_EColi1943_1,C30_EColi1943_1
EColi1944_2,C95_EColi1944_2,C90_EColi1944_2,C70_EColi1944_2,C50_EColi1944_2,C40_EColi1944_2,C30_EColi3083_2
EColi1945_1,C95_EColi1945_1,C90_EColi1945_1,C70_EColi1945_1,C50_EColi1945_1,C40_EColi1945_1,C30_EColi1945_1
EColi1946_1,C95_EColi1946_1,C90_EColi1946_1,C70_EColi1946_1,C50_EColi1946_1,C40_EColi3333_1,C30_EColi3333_1
EColi1947_1,C95_EColi1947_1,C90_EColi1947_1,C70_EColi1947_1,C50_EColi1947_1,C40_EColi1947_1,C30_EColi3659_1
EColi1948_0,C95_EColi1948_0,C90_EColi1948_0,C70_EColi1948_0,C50_EColi1948_0,C40_EColi1948_0,C30_EColi4843_0
EColi1949_2,C95_EColi1949_2,C90_EColi1949_2,C70_EColi1949_2,C50_EColi1949_2,C40_EColi1949_2,C30_EColi1949_2
EColi1950_1,C95_EColi1950_1,C90_EColi1950_1,C70_EColi1950_1,C50_EColi1950_1,C40_EColi1950_1,C30_EColi3283_1
EColi1951_1,C95_EColi1951_1,C90_EColi1951_1,C70_EColi1951_1,C50_EColi5036_1,C40_EColi4136_1,C30_EColi4136_1
EColi1952_2,C95_EColi1952_2,C90_EColi1952_2,C70_EColi1952_2,C50_EColi1952_2,C40_EColi1952_2,C30_EColi1952_2
EColi1953_1,C95_EColi1953_1,C90_EColi1953_1,C70_EColi1953_1,C50_EColi1953_1,C40_EColi1953_1,C30_EColi1953_1
EColi1954_0,C95_EColi1954_0,C90_EColi1954_0,C70_EColi1954_0,C50_EColi1954_0,C40_EColi1904_0,C30_EColi1904_0
EColi1955_0,C95_EColi1955_0,C90_EColi1955_0,C70_EColi1955_0,C50_EColi1955_0,C40_EColi1955_0,C30_EColi1955_0
EColi1956_0,C95_EColi1956_0,C90_EColi1956_0,C70_EColi1956_0,C50_EColi1956_0,C40_EColi1956_0,C30_EColi4981_1
EColi1957_1,C95_EColi1957_1,C90_EColi1957_1,C70_EColi1957_1,C50_EColi1957_1,C40_EColi1918_2,C30_EColi1918_2
EColi1958_0,C95_EColi1958_0,C90_EColi1958_0,C70_EColi1958_0,C50_EColi1958_0,C40_EColi1958_0,C30_EColi498_2
EColi1959_0,C95_EColi1959_0,C90_EColi1959_0,C70_EColi1959_0,C50_EColi2661_2,C40_EColi2661_2,C30_EColi2661_2
EColi1960_2,C95_EColi1960_2,C90_EColi1960_2,C70_EColi1960_2,C50_EColi1960_2,C40_EColi1960_2,C30_EColi1960_2
EColi1961_0,C95_EColi1961_0,C90_EColi1961_0,C70_EColi1961_0,C50_EColi1961_0,C40_EColi1961_0,C30_EColi1961_0
EColi1962_0,C95_EColi1962_0,C90_EColi1962_0,C70_EColi1962_0,C50_EColi1962_0,C40_EColi1962_0,C30_EColi1962_0
EColi1963_1,C95_EColi1963_1,C90_EColi1963_1,C70_EColi1963_1,C50_EColi1963_1,C40_EColi1963_1,C30_EColi5664_0
EColi1964_0,C95_EColi1964_0,C90_EColi1964_0,C70_EColi1964_0,C50_EColi1964_0,C40_EColi1964_0,C30_EColi1964_0
EColi1965_1,C95_EColi1965_1,C90_EColi1965_1,C70_EColi1965_1,C50_EColi1965_1,C40_EColi5067_0,C30_EColi5067_0
EColi1966_0,C95_EColi1966_0,C90_EColi1966_0,C70_EColi1966_0,C50_EColi1966_0,C40_EColi5199_1,C30_EColi3267_0
EColi1967_1,C95_EColi1967_1,C90_EColi1967_1,C70_EColi1967_1,C50_EColi1967_1,C40_EColi1967_1,C30_EColi2499_1
EColi1968_2,C95_EColi1968_2,C90_EColi1968_2,C70_EColi1968_2,C50_EColi1968_2,C40_EColi1968_2,C30_EColi1968_2
EColi1969_1,C95_EColi1969_1,C90_EColi1969_1,C70_EColi1969_1,C50_EColi1969_1,C40_EColi1969_1,C30_EColi1969_1
EColi1970_0,C95_EColi1970_0,C90_EColi1970_0,C70_EColi1970_0,C50_EColi1947_1,C40_EColi1947_1,C30_EColi3659_1
EColi1971_0,C95_EColi1971_0,C90_EColi1971_0,C70_EColi1971_0,C50_EColi1971_0,C40_EColi1971_0,C30_EColi3341_1
EColi1972_1,C95_EColi1972_1,C90_EColi1972_1,C70_EColi1972_1,C50_EColi1681_0,C40_EColi1879_0,C30_EColi1879_0
EColi1973_1,C95_EColi1973_1,C90_EColi1973_1,C70_EColi1973_1,C50_EColi1879_0,C40_EColi1879_0,C30_EColi1879_0
EColi1974_0,C95_EColi1974_0,C90_EColi1974_0,C70_EColi1974_0,C50_EColi1974_0,C40_EColi1974_0,C30_EColi1974_0
EColi1975_0,C95_EColi1975_0,C90_EColi1975_0,C70_EColi1975_0,C50_EColi1975_0,C40_EColi1975_0,C30_EColi1975_0
EColi1976_1,C95_EColi1976_1,C90_EColi1976_1,C70_EColi1976_1,C50_EColi1976_1,C40_EColi1976_1,C30_EColi1976_1
EColi1977_1,C95_EColi1977_1,C90_EColi1977_1,C70_EColi1977_1,C50_EColi1977_1,C40_EColi1977_1,C30_EColi1977_1
EColi1978_1,C95_EColi1978_1,C90_EColi1978_1,C70_EColi1978_1,C50_EColi1885_1,C40_EColi2693_2,C30_EColi2693_2
EColi1979_1,C95_EColi1979_1,C90_EColi1979_1,C70_EColi1979_1,C50_EColi5807_0,C40_EColi1979_1,C30_EColi1979_1
EColi1980_1,C95_EColi1980_1,C90_EColi1980_1,C70_EColi1980_1,C50_EColi3840_2,C40_EColi3840_2,C30_EColi3840_2
EColi1981_1,C95_EColi1981_1,C90_EColi1981_1,C70_EColi1981_1,C50_EColi1981_1,C40_EColi1981_1,C30_EColi1981_1
EColi1982_1,C95_EColi1982_1,C90_EColi1982_1,C70_EColi1982_1,C50_EColi1982_1,C40_EColi1982_1,C30_EColi4348_0
EColi1983_2,C95_EColi1983_2,C90_EColi1983_2,C70_EColi1983_2,C50_EColi25_0,C40_EColi25_0,C30_EColi25_0
EColi1984_1,C95_EColi1984_1,C90_EColi1984_1,C70_EColi1984_1,C50_EColi5300_1,C40_EColi5300_1,C30_EColi1650_1
EColi1985_1,C95_EColi1985_1,C90_EColi1985_1,C70_EColi1985_1,C50_EColi1985_1,C40_EColi6099_1,C30_EColi6099_1
EColi1986_1,C95_EColi1986_1,C90_EColi1986_1,C70_EColi1986_1,C50_EColi1356_1,C40_EColi4435_1,C30_EColi356_1
EColi1987_2,C95_EColi1987_2,C90_EColi1987_2,C70_EColi1987_2,C50_EColi2189_0,C40_EColi2189_0,C30_EColi2189_0
EColi1988_0,C95_EColi1988_0,C90_EColi1988_0,C70_EColi1988_0,C50_EColi1988_0,C40_EColi1988_0,C30_EColi1988_0
EColi1989_2,C95_EColi1989_2,C90_EColi1989_2,C70_EColi1989_2,C50_EColi1989_2,C40_EColi4025_2,C30_EColi4025_2
EColi1990_2,C95_EColi1990_2,C90_EColi1990_2,C70_EColi1990_2,C50_EColi1990_2,C40_EColi5454_2,C30_EColi4695_0
EColi1991_1,C95_EColi1991_1,C90_EColi1991_1,C70_EColi1991_1,C50_EColi1991_1,C40_EColi1991_1,C30_EColi1991_1
EColi1992_2,C95_EColi1992_2,C90_EColi1992_2,C70_EColi1992_2,C50_EColi1992_2,C40_EColi2205_2,C30_EColi3083_2
EColi1993_1,C95_EColi1993_1,C90_EColi1993_1,C70_EColi1993_1,C50_EColi1993_1,C40_EColi1993_1,C30_EColi1993_1
EColi1994_1,C95_EColi1994_1,C90_EColi1994_1,C70_EColi1994_1,C50_EColi1994_1,C40_EColi1994_1,C30_EColi3793_0
EColi1995_0,C95_EColi1995_0,C90_EColi1995_0,C70_EColi1995_0,C50_EColi1995_0,C40_EColi3285_0,C30_EColi3285_0
EColi1996_1,C95_EColi1996_1,C90_EColi1996_1,C70_EColi1996_1,C50_EColi1996_1,C40_EColi1647_1,C30_EColi1647_1
EColi1997_2,C95_EColi1997_2,C90_EColi1997_2,C70_EColi1997_2,C50_EColi1997_2,C40_EColi1997_2,C30_EColi1997_2
EColi1998_2,C95_EColi1998_2,C90_EColi1998_2,C70_EColi1998_2,C50_EColi1998_2,C40_EColi1998_2,C30_EColi1998_2
EColi1999_2,C95_EColi1999_2,C90_EColi1999_2,C70_EColi1999_2,C50_EColi1999_2,C40_EColi4614_0,C30_EColi4860_0
EColi2100_1,C95_EColi2100_1,C90_EColi2100_1,C70_EColi2100_1,C50_EColi2100_1,C40_EColi3381_1,C30_EColi3381_1
EColi2101_1,C95_EColi2101_1,C90_EColi2101_1,C70_EColi2101_1,C50_EColi2101_1,C40_EColi2101_1,C30_EColi2101_1
EColi2102_2,C95_EColi2102_2,C90_EColi2102_2,C70_EColi2102_2,C50_EColi2102_2,C40_EColi4694_0,C30_EColi4694_0
EColi2103_1,C95_EColi2103_1,C90_EColi2103_1,C70_EColi2103_1,C50_EColi2103_1,C40_EColi4043_1,C30_EColi4043_1
EColi2104_1,C95_EColi2104_1,C90_EColi2104_1,C70_EColi2104_1,C50_EColi2104_1,C40_EColi2104_1,C30_EColi4300_1
EColi2105_2,C95_EColi2105_2,C90_EColi2105_2,C70_EColi2105_2,C50_EColi2105_2,C40_EColi2105_2,C30_EColi2105_2
EColi2106_2,C95_EColi2106_2,C90_EColi2106_2,C70_EColi2106_2,C50_EColi2106_2,C40_EColi2106_2,C30_EColi2106_2
EColi2107_1,C95_EColi2107_1,C90_EColi2107_1,C70_EColi2107_1,C50_EColi2107_1,C40_EColi2107_1,C30_EColi2107_1
EColi2108_2,C95_EColi2108_2,C90_EColi2108_2,C70_EColi2108_2,C50_EColi2108_2,C40_EColi84_2,C30_EColi84_2
EColi2109_2,C95_EColi2109_2,C90_EColi2109_2,C70_EColi2109_2,C50_EColi2109_2,C40_EColi3391_1,C30_EColi3391_1
EColi2110_1,C95_EColi2110_1,C90_EColi2110_1,C70_EColi2110_1,C50_EColi2110_1,C40_EColi2110_1,C30_EColi2110_1
EColi2111_0,C95_EColi2111_0,C90_EColi2111_0,C70_EColi2111_0,C50_EColi2111_0,C40_EColi2111_0,C30_EColi2111_0
EColi2112_0,C95_EColi2112_0,C90_EColi2112_0,C70_EColi2112_0,C50_EColi2112_0,C40_EColi2112_0,C30_EColi2112_0
EColi2113_1,C95_EColi2113_1,C90_EColi2113_1,C70_EColi2113_1,C50_EColi2113_1,C40_EColi2113_1,C30_EColi2113_1
EColi2114_0,C95_EColi2114_0,C90_EColi2114_0,C70_EColi2114_0,C50_EColi2114_0,C40_EColi2114_0,C30_EColi5309_0
EColi2115_1,C95_EColi2115_1,C90_EColi2115_1,C70_EColi2115_1,C50_EColi2115_1,C40_EColi5906_2,C30_EColi5947_0
EColi2116_1,C95_EColi2116_1,C90_EColi2116_1,C70_EColi2116_1,C50_EColi2116_1,C40_EColi4930_1,C30_EColi4930_1
EColi2117_1,C95_EColi2117_1,C90_EColi2117_1,C70_EColi2117_1,C50_EColi111_2,C40_EColi111_2,C30_EColi111_2
EColi2118_1,C95_EColi2118_1,C90_EColi2118_1,C70_EColi2118_1,C50_EColi2118_1,C40_EColi1425_0,C30_EColi1425_0
EColi2119_1,C95_EColi2119_1,C90_EColi2119_1,C70_EColi2119_1,C50_EColi2079_2,C40_EColi6029_0,C30_EColi6029_0
EColi2120_2,C95_EColi2120_2,C90_EColi2120_2,C70_EColi2120_2,C50_EColi2120_2,C40_EColi6029_0,C30_EColi6029_0
EColi2121_2,C95_EColi2121_2,C90_EColi2121_2,C70_EColi2121_2,C50_EColi2121_2,C40_EColi6029_0,C30_EColi6029_0
EColi2122_1,C95_EColi2122_1,C90_EColi2122_1,C70_EColi2122_1,C50_EColi2122_1,C40_EColi2122_1,C30_EColi1332_2
EColi2123_1,C95_EColi2123_1,C90_EColi2123_1,C70_EColi2123_1,C50_EColi2123_1,C40_EColi2123_1,C30_EColi2123_1
EColi2124_2,C95_EColi2124_2,C90_EColi2124_2,C70_EColi2124_2,C50_EColi2124_2,C40_EColi2124_2,C30_EColi1264_0
EColi2125_2,C95_EColi2125_2,C90_EColi2125_2,C70_EColi2125_2,C50_EColi2125_2,C40_EColi2125_2,C30_EColi5680_0
EColi2126_1,C95_EColi2126_1,C90_EColi2126_1,C70_EColi2126_1,C50_EColi2126_1,C40_EColi2126_1,C30_EColi2126_1
EColi2127_2,C95_EColi2127_2,C90_EColi2127_2,C70_EColi2127_2,C50_EColi2127_2,C40_EColi2127_2,C30_EColi5769_1
EColi2128_2,C95_EColi2128_2,C90_EColi2128_2,C70_EColi2128_2,C50_EColi2128_2,C40_EColi2128_2,C30_EColi1631_2
EColi2129_1,C95_EColi2129_1,C90_EColi2129_1,C70_EColi2129_1,C50_EColi3855_1,C40_EColi3855_1,C30_EColi3855_1
EColi2130_1,C95_EColi2130_1,C90_EColi2130_1,C70_EColi2130_1,C50_EColi2130_1,C40_EColi5931_2,C30_EColi5931_2
EColi2131_1,C95_EColi2131_1,C90_EColi2131_1,C70_EColi2131_1,C50_EColi2131_1,C40_EColi3584_2,C30_EColi888_1
EColi2132_2,C95_EColi2132_2,C90_EColi2132_2,C70_EColi2132_2,C50_EColi2132_2,C40_EColi892_1,C30_EColi2132_2
EColi2133_2,C95_EColi2133_2,C90_EColi2133_2,C70_EColi2133_2,C50_EColi2133_2,C40_EColi2133_2,C30_EColi2133_2
EColi2134_0,C95_EColi2134_0,C90_EColi2134_0,C70_EColi2134_0,C50_EColi2134_0,C40_EColi2134_0,C30_EColi1650_1
EColi2135_2,C95_EColi2135_2,C90_EColi2135_2,C70_EColi2135_2,C50_EColi2135_2,C40_EColi2135_2,C30_EColi2135_2
EColi2136_0,C95_EColi2136_0,C90_EColi2136_0,C70_EColi2136_0,C50_EColi2136_0,C40_EColi2136_0,C30_EColi2136_0
EColi2137_1,C95_EColi2137_1,C90_EColi2137_1,C70_EColi2137_1,C50_EColi2137_1,C40_EColi2137_1,C30_EColi2137_1
EColi2138_1,C95_EColi2138_1,C90_EColi2138_1,C70_EColi2138_1,C50_EColi299_2,C40_EColi1319_0,C30_EColi4434_2
EColi2139_1,C95_EColi2139_1,C90_EColi2139_1,C70_EColi2139_1,C50_EColi2139_1,C40_EColi2139_1,C30_EColi2139_1
EColi2140_1,C95_EColi2140_1,C90_EColi2140_1,C70_EColi2140_1,C50_EColi2140_1,C40_EColi2140_1,C30_EColi2140_1
EColi2141_1,C95_EColi2141_1,C90_EColi2141_1,C70_EColi2141_1,C50_EColi2141_1,C40_EColi2141_1,C30_EColi3595_2
EColi2142_1,C95_EColi2142_1,C90_EColi2142_1,C70_EColi2142_1,C50_EColi2142_1,C40_EColi2142_1,C30_EColi2142_1
EColi2143_1,C95_EColi2143_1,C90_EColi2143_1,C70_EColi2143_1,C50_EColi2143_1,C40_EColi2143_1,C30_EColi2143_1
EColi2144_1,C95_EColi2144_1,C90_EColi2144_1,C70_EColi2144_1,C50_EColi2144_1,C40_EColi3261_0,C30_EColi3261_0
EColi2145_2,C95_EColi2145_2,C90_EColi2145_2,C70_EColi2145_2,C50_EColi2145_2,C40_EColi2145_2,C30_EColi3610_0
EColi2146_2,C95_EColi2146_2,C90_EColi2146_2,C70_EColi2146_2,C50_EColi2146_2,C40_EColi2146_2,C30_EColi3854_1
EColi2147_2,C95_EColi2147_2,C90_EColi2147_2,C70_EColi2147_2,C50_EColi2147_2,C40_EColi2147_2,C30_EColi2147_2
EColi2148_1,C95_EColi2148_1,C90_EColi2148_1,C70_EColi2148_1,C50_EColi2148_1,C40_EColi2182_1,C30_EColi1997_2
EColi2149_1,C95_EColi2149_1,C90_EColi2149_1,C70_EColi2149_1,C50_EColi2149_1,C40_EColi2149_1,C30_EColi2149_1
EColi2150_2,C95_EColi2150_2,C90_EColi2150_2,C70_EColi2150_2,C50_EColi542_2,C40_EColi542_2,C30_EColi542_2
EColi2151_0,C95_EColi2151_0,C90_EColi2151_0,C70_EColi2151_0,C50_EColi2151_0,C40_EColi2151_0,C30_EColi2151_0
EColi2152_0,C95_EColi2152_0,C90_EColi2152_0,C70_EColi2152_0,C50_EColi2152_0,C40_EColi2152_0,C30_EColi2152_0
EColi2153_2,C95_EColi2153_2,C90_EColi2153_2,C70_EColi2153_2,C50_EColi2153_2,C40_EColi1644_2,C30_EColi2076_2
EColi2154_2,C95_EColi2154_2,C90_EColi2154_2,C70_EColi2154_2,C50_EColi2154_2,C40_EColi2154_2,C30_EColi2154_2
EColi2155_1,C95_EColi2155_1,C90_EColi2155_1,C70_EColi2155_1,C50_EColi2155_1,C40_EColi2155_1,C30_EColi2155_1
EColi2156_2,C95_EColi2156_2,C90_EColi2156_2,C70_EColi2156_2,C50_EColi2156_2,C40_EColi5905_2,C30_EColi5905_2
EColi2157_1,C95_EColi2157_1,C90_EColi2157_1,C70_EColi2157_1,C50_EColi2157_1,C40_EColi2157_1,C30_EColi6017_1
EColi2158_2,C95_EColi2158_2,C90_EColi2158_2,C70_EColi2158_2,C50_EColi2158_2,C40_EColi2158_2,C30_EColi2166_2
EColi2159_0,C95_EColi2159_0,C90_EColi2159_0,C70_EColi2159_0,C50_EColi2159_0,C40_EColi2050_1,C30_EColi2050_1
EColi2160_1,C95_EColi2160_1,C90_EColi2160_1,C70_EColi2160_1,C50_EColi2160_1,C40_EColi4965_1,C30_EColi4965_1
EColi2161_1,C95_EColi2161_1,C90_EColi2161_1,C70_EColi2161_1,C50_EColi2161_1,C40_EColi2161_1,C30_EColi2161_1
EColi2162_2,C95_EColi2162_2,C90_EColi2162_2,C70_EColi2162_2,C50_EColi2162_2,C40_EColi2162_2,C30_EColi2162_2
EColi2163_0,C95_EColi2163_0,C90_EColi2163_0,C70_EColi2163_0,C50_EColi2163_0,C40_EColi2163_0,C30_EColi2163_0
EColi2164_1,C95_EColi2164_1,C90_EColi2164_1,C70_EColi2164_1,C50_EColi2164_1,C40_EColi2164_1,C30_EColi2164_1
EColi2165_2,C95_EColi2165_2,C90_EColi2165_2,C70_EColi2165_2,C50_EColi2165_2,C40_EColi2165_2,C30_EColi2165_2
EColi2166_2,C95_EColi2166_2,C90_EColi2166_2,C70_EColi2166_2,C50_EColi2166_2,C40_EColi2166_2,C30_EColi2166_2
EColi2167_1,C95_EColi2167_1,C90_EColi2167_1,C70_EColi2167_1,C50_EColi2726_0,C40_EColi6029_0,C30_EColi6029_0
EColi2168_1,C95_EColi2168_1,C90_EColi2168_1,C70_EColi2168_1,C50_EColi2168_1,C40_EColi2168_1,C30_EColi2168_1
EColi2169_2,C95_EColi2169_2,C90_EColi2169_2,C70_EColi2169_2,C50_EColi2726_0,C40_EColi6029_0,C30_EColi6029_0
EColi2170_2,C95_EColi2170_2,C90_EColi2170_2,C70_EColi2170_2,C50_EColi2170_2,C40_EColi2170_2,C30_EColi2170_2
EColi2171_2,C95_EColi2171_2,C90_EColi2171_2,C70_EColi2171_2,C50_EColi2171_2,C40_EColi2171_2,C30_EColi3263_1
EColi2172_1,C95_EColi2172_1,C90_EColi2172_1,C70_EColi2172_1,C50_EColi2172_1,C40_EColi2172_1,C30_EColi2172_1
EColi2173_1,C95_EColi2173_1,C90_EColi2173_1,C70_EColi2173_1,C50_EColi2173_1,C40_EColi1637_2,C30_EColi2173_1
EColi2174_2,C95_EColi2174_2,C90_EColi2174_2,C70_EColi2174_2,C50_EColi2174_2,C40_EColi2174_2,C30_EColi3377_2
EColi2175_2,C95_EColi2175_2,C90_EColi2175_2,C70_EColi2175_2,C50_EColi2175_2,C40_EColi2175_2,C30_EColi2175_2
EColi2176_2,C95_EColi2176_2,C90_EColi2176_2,C70_EColi2176_2,C50_EColi2176_2,C40_EColi4438_2,C30_EColi4438_2
EColi2177_1,C95_EColi2177_1,C90_EColi2177_1,C70_EColi2177_1,C50_EColi2177_1,C40_EColi2177_1,C30_EColi2177_1
EColi2178_1,C95_EColi2178_1,C90_EColi2178_1,C70_EColi2178_1,C50_EColi2178_1,C40_EColi2178_1,C30_EColi599_0
EColi2179_0,C95_EColi2179_0,C90_EColi2179_0,C70_EColi2179_0,C50_EColi1613_0,C40_EColi1613_0,C30_EColi2136_0
EColi2180_2,C95_EColi2180_2,C90_EColi2180_2,C70_EColi2180_2,C50_EColi2180_2,C40_EColi2180_2,C30_EColi2180_2
EColi2181_1,C95_EColi2181_1,C90_EColi2181_1,C70_EColi2181_1,C50_EColi2181_1,C40_EColi5439_2,C30_EColi5439_2
EColi2182_1,C95_EColi2182_1,C90_EColi2182_1,C70_EColi2182_1,C50_EColi2182_1,C40_EColi2182_1,C30_EColi1997_2
EColi2183_0,C95_EColi2183_0,C90_EColi2183_0,C70_EColi2183_0,C50_EColi2508_0,C40_EColi2508_0,C30_EColi2508_0
EColi2184_1,C95_EColi2184_1,C90_EColi2184_1,C70_EColi2184_1,C50_EColi2184_1,C40_EColi2184_1,C30_EColi244_1
EColi2185_2,C95_EColi2185_2,C90_EColi2185_2,C70_EColi2185_2,C50_EColi2185_2,C40_EColi3261_0,C30_EColi3261_0
EColi2186_1,C95_EColi2186_1,C90_EColi2186_1,C70_EColi2186_1,C50_EColi2186_1,C40_EColi2186_1,C30_EColi2186_1
EColi2187_2,C95_EColi2187_2,C90_EColi2187_2,C70_EColi2187_2,C50_EColi2187_2,C40_EColi2187_2,C30_EColi2187_2
EColi2188_1,C95_EColi2188_1,C90_EColi2188_1,C70_EColi2188_1,C50_EColi4804_0,C40_EColi892_1,C30_EColi1349_2
EColi2189_0,C95_EColi2189_0,C90_EColi2189_0,C70_EColi2189_0,C50_EColi2189_0,C40_EColi2189_0,C30_EColi2189_0
EColi2190_0,C95_EColi2190_0,C90_EColi2190_0,C70_EColi2190_0,C50_EColi2190_0,C40_EColi2506_2,C30_EColi2189_0
EColi2191_2,C95_EColi2191_2,C90_EColi2191_2,C70_EColi2191_2,C50_EColi2191_2,C40_EColi2191_2,C30_EColi2191_2
EColi2192_2,C95_EColi2192_2,C90_EColi2192_2,C70_EColi2192_2,C50_EColi2192_2,C40_EColi2192_2,C30_EColi2192_2
EColi2193_0,C95_EColi2193_0,C90_EColi2193_0,C70_EColi2193_0,C50_EColi2781_1,C40_EColi2781_1,C30_EColi2781_1
EColi2194_2,C95_EColi2194_2,C90_EColi2194_2,C70_EColi2194_2,C50_EColi2194_2,C40_EColi2194_2,C30_EColi1808_1
EColi2195_0,C95_EColi2195_0,C90_EColi2195_0,C70_EColi2195_0,C50_EColi2457_2,C40_EColi2457_2,C30_EColi2457_2
EColi2196_2,C95_EColi2196_2,C90_EColi2196_2,C70_EColi2196_2,C50_EColi2196_2,C40_EColi2196_2,C30_EColi5683_2
EColi2197_2,C95_EColi2197_2,C90_EColi2197_2,C70_EColi2197_2,C50_EColi2197_2,C40_EColi2197_2,C30_EColi2197_2
EColi2198_0,C95_EColi2198_0,C90_EColi2198_0,C70_EColi2198_0,C50_EColi2198_0,C40_EColi2198_0,C30_EColi2198_0
EColi2199_1,C95_EColi2199_1,C90_EColi2199_1,C70_EColi2199_1,C50_EColi2199_1,C40_EColi2199_1,C30_EColi2199_1
EColi2400_0,C95_EColi2400_0,C90_EColi2400_0,C70_EColi2400_0,C50_EColi2400_0,C40_EColi2400_0,C30_EColi2400_0
EColi2401_0,C95_EColi2401_0,C90_EColi2401_0,C70_EColi2401_0,C50_EColi1402_2,C40_EColi1402_2,C30_EColi987_2
EColi2402_2,C95_EColi2402_2,C90_EColi2402_2,C70_EColi2402_2,C50_EColi2402_2,C40_EColi2402_2,C30_EColi2402_2
EColi2403_1,C95_EColi2403_1,C90_EColi2403_1,C70_EColi2403_1,C50_EColi4983_1,C40_EColi2403_1,C30_EColi342_2
EColi2404_1,C95_EColi2404_1,C90_EColi2404_1,C70_EColi2404_1,C50_EColi2404_1,C40_EColi2404_1,C30_EColi2404_1
EColi2405_1,C95_EColi2405_1,C90_EColi2405_1,C70_EColi2405_1,C50_EColi2337_0,C40_EColi5823_0,C30_EColi3312_1
EColi2406_1,C95_EColi2406_1,C90_EColi2406_1,C70_EColi2406_1,C50_EColi2406_1,C40_EColi1818_1,C30_EColi1818_1
EColi2407_2,C95_EColi2407_2,C90_EColi2407_2,C70_EColi2407_2,C50_EColi2407_2,C40_EColi2407_2,C30_EColi2191_2
EColi2408_0,C95_EColi2408_0,C90_EColi2408_0,C70_EColi2408_0,C50_EColi2408_0,C40_EColi5934_0,C30_EColi5934_0
EColi2409_2,C95_EColi2409_2,C90_EColi2409_2,C70_EColi2409_2,C50_EColi2409_2,C40_EColi2409_2,C30_EColi2198_0
EColi2410_2,C95_EColi2410_2,C90_EColi2410_2,C70_EColi2410_2,C50_EColi4735_1,C40_EColi4735_1,C30_EColi4735_1
EColi2411_0,C95_EColi2411_0,C90_EColi2411_0,C70_EColi2411_0,C50_EColi2411_0,C40_EColi2411_0,C30_EColi3578_1
EColi2412_2,C95_EColi2412_2,C90_EColi2412_2,C70_EColi2412_2,C50_EColi2412_2,C40_EColi2412_2,C30_EColi2412_2
EColi2413_2,C95_EColi2413_2,C90_EColi2413_2,C70_EColi2413_2,C50_EColi2413_2,C40_EColi2413_2,C30_EColi3878_1
EColi2414_2,C95_EColi2414_2,C90_EColi2414_2,C70_EColi2414_2,C50_EColi2414_2,C40_EColi2414_2,C30_EColi2414_2
EColi2415_2,C95_EColi2415_2,C90_EColi2415_2,C70_EColi2415_2,C50_EColi2415_2,C40_EColi2415_2,C30_EColi2415_2
EColi2416_2,C95_EColi2416_2,C90_EColi2416_2,C70_EColi2416_2,C50_EColi5036_1,C40_EColi4136_1,C30_EColi4136_1
EColi2417_1,C95_EColi2417_1,C90_EColi2417_1,C70_EColi2417_1,C50_EColi2417_1,C40_EColi2417_1,C30_EColi2960_1
EColi2418_0,C95_EColi2418_0,C90_EColi2418_0,C70_EColi2418_0,C50_EColi2418_0,C40_EColi2418_0,C30_EColi2418_0
EColi2419_1,C95_EColi2419_1,C90_EColi2419_1,C70_EColi2419_1,C50_EColi2419_1,C40_EColi48_0,C30_EColi48_0
EColi2420_2,C95_EColi2420_2,C90_EColi2420_2,C70_EColi2420_2,C50_EColi2420_2,C40_EColi4135_1,C30_EColi4135_1
EColi2421_2,C95_EColi2421_2,C90_EColi2421_2,C70_EColi2421_2,C50_EColi2624_0,C40_EColi2624_0,C30_EColi2624_0
EColi2422_1,C95_EColi2422_1,C90_EColi2422_1,C70_EColi2422_1,C50_EColi2422_1,C40_EColi2422_1,C30_EColi2422_1
EColi2423_2,C95_EColi2423_2,C90_EColi2423_2,C70_EColi2423_2,C50_EColi2423_2,C40_EColi2423_2,C30_EColi2423_2
EColi2424_0,C95_EColi2424_0,C90_EColi2424_0,C70_EColi2424_0,C50_EColi2424_0,C40_EColi2424_0,C30_EColi2424_0
EColi2425_1,C95_EColi2425_1,C90_EColi2425_1,C70_EColi2425_1,C50_EColi2425_1,C40_EColi2425_1,C30_EColi2425_1
EColi2426_1,C95_EColi2426_1,C90_EColi2426_1,C70_EColi2426_1,C50_EColi4989_0,C40_EColi4989_0,C30_EColi4989_0
EColi2427_2,C95_EColi2427_2,C90_EColi2427_2,C70_EColi2427_2,C50_EColi2427_2,C40_EColi2427_2,C30_EColi2427_2
EColi2428_2,C95_EColi2428_2,C90_EColi2428_2,C70_EColi2428_2,C50_EColi2428_2,C40_EColi2428_2,C30_EColi2428_2
EColi2429_2,C95_EColi2429_2,C90_EColi2429_2,C70_EColi2429_2,C50_EColi2429_2,C40_EColi2429_2,C30_EColi3554_1
EColi2430_1,C95_EColi2430_1,C90_EColi2430_1,C70_EColi2430_1,C50_EColi2430_1,C40_EColi2430_1,C30_EColi2430_1
EColi2431_0,C95_EColi2431_0,C90_EColi2431_0,C70_EColi2431_0,C50_EColi2431_0,C40_EColi2431_0,C30_EColi2431_0
EColi2432_2,C95_EColi2432_2,C90_EColi2432_2,C70_EColi2432_2,C50_EColi2432_2,C40_EColi2432_2,C30_EColi2432_2
EColi2433_0,C95_EColi2433_0,C90_EColi2433_0,C70_EColi2433_0,C50_EColi2433_0,C40_EColi1007_1,C30_EColi1007_1
EColi2434_2,C95_EColi2434_2,C90_EColi2434_2,C70_EColi2434_2,C50_EColi1116_1,C40_EColi3874_2,C30_EColi3874_2
EColi2435_1,C95_EColi2435_1,C90_EColi2435_1,C70_EColi2435_1,C50_EColi2435_1,C40_EColi2435_1,C30_EColi2435_1
EColi2436_0,C95_EColi2436_0,C90_EColi2436_0,C70_EColi2436_0,C50_EColi1753_1,C40_EColi4894_2,C30_EColi4894_2
EColi2437_0,C95_EColi2437_0,C90_EColi2437_0,C70_EColi2437_0,C50_EColi1014_1,C40_EColi527_0,C30_EColi527_0
EColi2438_2,C95_EColi2438_2,C90_EColi2438_2,C70_EColi2438_2,C50_EColi2438_2,C40_EColi2438_2,C30_EColi5937_1
EColi2439_2,C95_EColi2439_2,C90_EColi2439_2,C70_EColi2439_2,C50_EColi2439_2,C40_EColi2439_2,C30_EColi2439_2
EColi2440_0,C95_EColi2440_0,C90_EColi2440_0,C70_EColi2440_0,C50_EColi2440_0,C40_EColi4569_0,C30_EColi4569_0
EColi2441_1,C95_EColi2441_1,C90_EColi2441_1,C70_EColi2441_1,C50_EColi2441_1,C40_EColi2441_1,C30_EColi2441_1
EColi2442_0,C95_EColi2442_0,C90_EColi2442_0,C70_EColi2442_0,C50_EColi3727_1,C40_EColi3727_1,C30_EColi1308_0
EColi2443_0,C95_EColi2443_0,C90_EColi2443_0,C70_EColi2443_0,C50_EColi2443_0,C40_EColi1494_1,C30_EColi1494_1
EColi2444_1,C95_EColi2444_1,C90_EColi2445_1,C70_EColi2445_1,C50_EColi2445_1,C40_EColi2445_1,C30_EColi4935_0
EColi2445_1,C95_EColi2445_1,C90_EColi2445_1,C70_EColi2445_1,C50_EColi2445_1,C40_EColi2445_1,C30_EColi4935_0
EColi2446_1,C95_EColi2446_1,C90_EColi2446_1,C70_EColi2446_1,C50_EColi2446_1,C40_EColi2446_1,C30_EColi2446_1
EColi2447_0,C95_EColi2447_0,C90_EColi2447_0,C70_EColi2447_0,C50_EColi2447_0,C40_EColi4982_1,C30_EColi3618_0
EColi2448_0,C95_EColi2448_0,C90_EColi2448_0,C70_EColi2448_0,C50_EColi2448_0,C40_EColi2448_0,C30_EColi2448_0
EColi2449_0,C95_EColi2449_0,C90_EColi2449_0,C70_EColi2449_0,C50_EColi2449_0,C40_EColi2449_0,C30_EColi2449_0
EColi2450_0,C95_EColi2450_0,C90_EColi2450_0,C70_EColi2450_0,C50_EColi2450_0,C40_EColi2450_0,C30_EColi2450_0
EColi2451_1,C95_EColi2451_1,C90_EColi2451_1,C70_EColi2451_1,C50_EColi2451_1,C40_EColi2451_1,C30_EColi2451_1
EColi2452_1,C95_EColi2452_1,C90_EColi2452_1,C70_EColi2452_1,C50_EColi2452_1,C40_EColi2452_1,C30_EColi2452_1
EColi2453_1,C95_EColi2453_1,C90_EColi2453_1,C70_EColi2453_1,C50_EColi2453_1,C40_EColi2453_1,C30_EColi4700_0
EColi2454_2,C95_EColi2454_2,C90_EColi2454_2,C70_EColi2454_2,C50_EColi2454_2,C40_EColi2454_2,C30_EColi2454_2
EColi2455_0,C95_EColi2455_0,C90_EColi2455_0,C70_EColi2455_0,C50_EColi2455_0,C40_EColi4653_0,C30_EColi4653_0
EColi2456_1,C95_EColi2456_1,C90_EColi2456_1,C70_EColi2456_1,C50_EColi2456_1,C40_EColi2456_1,C30_EColi2456_1
EColi2457_2,C95_EColi2457_2,C90_EColi2457_2,C70_EColi2457_2,C50_EColi2457_2,C40_EColi2457_2,C30_EColi2457_2
EColi2458_1,C95_EColi2458_1,C90_EColi2458_1,C70_EColi2458_1,C50_EColi2458_1,C40_EColi2458_1,C30_EColi2611_2
EColi2459_0,C95_EColi2459_0,C90_EColi2459_0,C70_EColi2459_0,C50_EColi2459_0,C40_EColi2459_0,C30_EColi2459_0
EColi2460_2,C95_EColi2460_2,C90_EColi2460_2,C70_EColi2460_2,C50_EColi2460_2,C40_EColi2460_2,C30_EColi245_1
EColi2461_0,C95_EColi2461_0,C90_EColi2461_0,C70_EColi2461_0,C50_EColi2461_0,C40_EColi2461_0,C30_EColi2461_0
EColi2462_2,C95_EColi2462_2,C90_EColi2462_2,C70_EColi2462_2,C50_EColi2462_2,C40_EColi2462_2,C30_EColi2462_2
EColi2463_0,C95_EColi2463_0,C90_EColi2463_0,C70_EColi2463_0,C50_EColi2463_0,C40_EColi2463_0,C30_EColi2463_0
EColi2464_2,C95_EColi2464_2,C90_EColi2464_2,C70_EColi2464_2,C50_EColi2464_2,C40_EColi256_0,C30_EColi2464_2
EColi2465_0,C95_EColi2465_0,C90_EColi2465_0,C70_EColi2465_0,C50_EColi2465_0,C40_EColi2465_0,C30_EColi2465_0
EColi2466_2,C95_EColi2466_2,C90_EColi2466_2,C70_EColi2466_2,C50_EColi2466_2,C40_EColi2466_2,C30_EColi2466_2
EColi2467_1,C95_EColi2467_1,C90_EColi2467_1,C70_EColi2467_1,C50_EColi2467_1,C40_EColi2467_1,C30_EColi2467_1
EColi2468_2,C95_EColi2468_2,C90_EColi2468_2,C70_EColi2468_2,C50_EColi2468_2,C40_EColi3157_2,C30_EColi4813_0
EColi2469_1,C95_EColi2469_1,C90_EColi2469_1,C70_EColi2469_1,C50_EColi2469_1,C40_EColi2469_1,C30_EColi1877_1
EColi2470_2,C95_EColi2470_2,C90_EColi2470_2,C70_EColi2470_2,C50_EColi1510_1,C40_EColi1510_1,C30_EColi1510_1
EColi2471_2,C95_EColi2471_2,C90_EColi2471_2,C70_EColi2471_2,C50_EColi2471_2,C40_EColi2471_2,C30_EColi2471_2
EColi2472_2,C95_EColi2472_2,C90_EColi2472_2,C70_EColi2472_2,C50_EColi2472_2,C40_EColi3680_0,C30_EColi3680_0
EColi2473_2,C95_EColi2473_2,C90_EColi2473_2,C70_EColi2473_2,C50_EColi2473_2,C40_EColi2473_2,C30_EColi2473_2
EColi2474_2,C95_EColi2474_2,C90_EColi2474_2,C70_EColi2474_2,C50_EColi2474_2,C40_EColi2474_2,C30_EColi2474_2
EColi2475_2,C95_EColi2475_2,C90_EColi2475_2,C70_EColi2475_2,C50_EColi2475_2,C40_EColi2475_2,C30_EColi5295_1
EColi2476_0,C95_EColi2476_0,C90_EColi2476_0,C70_EColi2476_0,C50_EColi2476_0,C40_EColi2474_2,C30_EColi2474_2
EColi2477_0,C95_EColi2477_0,C90_EColi2477_0,C70_EColi2477_0,C50_EColi2477_0,C40_EColi2477_0,C30_EColi2371_0
EColi2478_2,C95_EColi2478_2,C90_EColi2478_2,C70_EColi2478_2,C50_EColi2478_2,C40_EColi2478_2,C30_EColi2478_2
EColi2479_0,C95_EColi2479_0,C90_EColi2479_0,C70_EColi2479_0,C50_EColi2872_0,C40_EColi1065_0,C30_EColi1065_0
EColi2480_0,C95_EColi2480_0,C90_EColi2480_0,C70_EColi2480_0,C50_EColi1510_1,C40_EColi1510_1,C30_EColi1510_1
EColi2481_2,C95_EColi2481_2,C90_EColi2481_2,C70_EColi2481_2,C50_EColi2481_2,C40_EColi2481_2,C30_EColi2481_2
EColi2482_0,C95_EColi2482_0,C90_EColi2482_0,C70_EColi2482_0,C50_EColi2482_0,C40_EColi2482_0,C30_EColi2482_0
EColi2483_2,C95_EColi2483_2,C90_EColi2483_2,C70_EColi2483_2,C50_EColi2483_2,C40_EColi2483_2,C30_EColi2483_2
EColi2484_2,C95_EColi2484_2,C90_EColi2484_2,C70_EColi2484_2,C50_EColi2484_2,C40_EColi2484_2,C30_EColi2484_2
EColi2485_2,C95_EColi2485_2,C90_EColi2485_2,C70_EColi2485_2,C50_EColi2485_2,C40_EColi2485_2,C30_EColi2348_0
EColi2486_0,C95_EColi2486_0,C90_EColi2486_0,C70_EColi2486_0,C50_EColi2486_0,C40_EColi2486_0,C30_EColi2486_0
EColi2487_0,C95_EColi2487_0,C90_EColi2487_0,C70_EColi2487_0,C50_EColi2487_0,C40_EColi2487_0,C30_EColi2487_0
EColi2488_2,C95_EColi2488_2,C90_EColi2488_2,C70_EColi2488_2,C50_EColi2488_2,C40_EColi2488_2,C30_EColi2488_2
EColi2489_0,C95_EColi2489_0,C90_EColi2489_0,C70_EColi2489_0,C50_EColi2489_0,C40_EColi2489_0,C30_EColi2489_0
EColi2490_0,C95_EColi2490_0,C90_EColi2490_0,C70_EColi2490_0,C50_EColi2186_1,C40_EColi2186_1,C30_EColi2186_1
EColi2491_0,C95_EColi2491_0,C90_EColi2491_0,C70_EColi2491_0,C50_EColi2491_0,C40_EColi2491_0,C30_EColi2491_0
EColi2492_0,C95_EColi2492_0,C90_EColi2492_0,C70_EColi2492_0,C50_EColi2492_0,C40_EColi2492_0,C30_EColi2492_0
EColi2493_0,C95_EColi2493_0,C90_EColi2493_0,C70_EColi2493_0,C50_EColi2493_0,C40_EColi2285_2,C30_EColi2285_2
EColi2494_1,C95_EColi2494_1,C90_EColi2494_1,C70_EColi2494_1,C50_EColi2494_1,C40_EColi2900_2,C30_EColi1067_1
EColi2495_0,C95_EColi2495_0,C90_EColi2495_0,C70_EColi2495_0,C50_EColi693_2,C40_EColi2817_2,C30_EColi2817_2
EColi2496_0,C95_EColi2496_0,C90_EColi2496_0,C70_EColi2496_0,C50_EColi2496_0,C40_EColi2496_0,C30_EColi1578_1
EColi2497_0,C95_EColi2497_0,C90_EColi2497_0,C70_EColi2497_0,C50_EColi2497_0,C40_EColi2497_0,C30_EColi46_2
EColi2498_2,C95_EColi2498_2,C90_EColi2498_2,C70_EColi2498_2,C50_EColi2498_2,C40_EColi2498_2,C30_EColi2498_2
EColi2499_1,C95_EColi2499_1,C90_EColi2499_1,C70_EColi2499_1,C50_EColi2499_1,C40_EColi2499_1,C30_EColi2499_1
EColi2600_0,C95_EColi2600_0,C90_EColi2600_0,C70_EColi2600_0,C50_EColi4983_1,C40_EColi2403_1,C30_EColi342_2
EColi2601_1,C95_EColi2601_1,C90_EColi2601_1,C70_EColi2601_1,C50_EColi2601_1,C40_EColi2601_1,C30_EColi6176_0
EColi2602_0,C95_EColi2602_0,C90_EColi2602_0,C70_EColi2602_0,C50_EColi2602_0,C40_EColi2602_0,C30_EColi2446_1
EColi2603_0,C95_EColi2603_0,C90_EColi2603_0,C70_EColi2603_0,C50_EColi4738_1,C40_EColi4738_1,C30_EColi1916_2
EColi2604_1,C95_EColi2604_1,C90_EColi2604_1,C70_EColi2604_1,C50_EColi2604_1,C40_EColi5040_2,C30_EColi5067_0
EColi2605_2,C95_EColi2605_2,C90_EColi2605_2,C70_EColi2605_2,C50_EColi2605_2,C40_EColi2605_2,C30_EColi5445_0
EColi2606_1,C95_EColi2606_1,C90_EColi2606_1,C70_EColi2606_1,C50_EColi2606_1,C40_EColi2606_1,C30_EColi4799_2
EColi2607_0,C95_EColi2607_0,C90_EColi2607_0,C70_EColi2607_0,C50_EColi4713_2,C40_EColi4713_2,C30_EColi679_2
EColi2608_0,C95_EColi2608_0,C90_EColi2608_0,C70_EColi2608_0,C50_EColi2608_0,C40_EColi2608_0,C30_EColi2608_0
EColi2609_0,C95_EColi2609_0,C90_EColi2609_0,C70_EColi2609_0,C50_EColi2609_0,C40_EColi5997_0,C30_EColi5997_0
EColi2610_0,C95_EColi2610_0,C90_EColi2610_0,C70_EColi2610_0,C50_EColi2610_0,C40_EColi2610_0,C30_EColi1778_2
EColi2611_2,C95_EColi2611_2,C90_EColi2611_2,C70_EColi2611_2,C50_EColi2611_2,C40_EColi2611_2,C30_EColi2611_2
EColi2612_1,C95_EColi2612_1,C90_EColi2612_1,C70_EColi2612_1,C50_EColi2612_1,C40_EColi3341_1,C30_EColi3341_1
EColi2613_2,C95_EColi2613_2,C90_EColi2613_2,C70_EColi2613_2,C50_EColi2613_2,C40_EColi2613_2,C30_EColi2613_2
EColi2614_1,C95_EColi2614_1,C90_EColi2614_1,C70_EColi2614_1,C50_EColi2614_1,C40_EColi2614_1,C30_EColi2614_1
EColi2615_2,C95_EColi2615_2,C90_EColi2615_2,C70_EColi2615_2,C50_EColi5435_0,C40_EColi5435_0,C30_EColi5435_0
EColi2616_2,C95_EColi2616_2,C90_EColi2616_2,C70_EColi2616_2,C50_EColi2616_2,C40_EColi2616_2,C30_EColi2616_2
EColi2617_1,C95_EColi2617_1,C90_EColi2617_1,C70_EColi2617_1,C50_EColi2617_1,C40_EColi2216_2,C30_EColi2216_2
EColi2618_1,C95_EColi2618_1,C90_EColi2618_1,C70_EColi2618_1,C50_EColi2618_1,C40_EColi2618_1,C30_EColi5650_2
EColi2619_0,C95_EColi2619_0,C90_EColi2619_0,C70_EColi2619_0,C50_EColi2619_0,C40_EColi2619_0,C30_EColi2619_0
EColi2620_0,C95_EColi2620_0,C90_EColi2620_0,C70_EColi2620_0,C50_EColi2620_0,C40_EColi2620_0,C30_EColi2620_0
EColi2621_2,C95_EColi2621_2,C90_EColi2621_2,C70_EColi2621_2,C50_EColi2621_2,C40_EColi2621_2,C30_EColi2621_2
EColi2622_1,C95_EColi2622_1,C90_EColi2622_1,C70_EColi2622_1,C50_EColi2622_1,C40_EColi2622_1,C30_EColi2622_1
EColi2623_1,C95_EColi2623_1,C90_EColi2623_1,C70_EColi2623_1,C50_EColi2623_1,C40_EColi2623_1,C30_EColi2623_1
EColi2624_0,C95_EColi2624_0,C90_EColi2624_0,C70_EColi2624_0,C50_EColi2624_0,C40_EColi2624_0,C30_EColi2624_0
EColi2625_1,C95_EColi2625_1,C90_EColi2625_1,C70_EColi2625_1,C50_EColi2625_1,C40_EColi2625_1,C30_EColi2625_1
EColi2626_0,C95_EColi2626_0,C90_EColi2626_0,C70_EColi2626_0,C50_EColi2626_0,C40_EColi2626_0,C30_EColi2626_0
EColi2627_0,C95_EColi2627_0,C90_EColi2627_0,C70_EColi2627_0,C50_EColi2627_0,C40_EColi2627_0,C30_EColi2627_0
EColi2628_0,C95_EColi2628_0,C90_EColi2628_0,C70_EColi2628_0,C50_EColi2628_0,C40_EColi830_1,C30_EColi830_1
EColi2629_0,C95_EColi2629_0,C90_EColi2629_0,C70_EColi2629_0,C50_EColi2629_0,C40_EColi2629_0,C30_EColi2629_0
EColi2630_0,C95_EColi2630_0,C90_EColi2630_0,C70_EColi2630_0,C50_EColi2630_0,C40_EColi2630_0,C30_EColi2630_0
EColi2631_0,C95_EColi2631_0,C90_EColi2631_0,C70_EColi2631_0,C50_EColi880_0,C40_EColi880_0,C30_EColi880_0
EColi2632_0,C95_EColi2632_0,C90_EColi2632_0,C70_EColi2632_0,C50_EColi2632_0,C40_EColi3924_1,C30_EColi1577_0
EColi2633_1,C95_EColi2633_1,C90_EColi2633_1,C70_EColi2633_1,C50_EColi2633_1,C40_EColi2633_1,C30_EColi2633_1
EColi2634_1,C95_EColi2634_1,C90_EColi2634_1,C70_EColi2634_1,C50_EColi2634_1,C40_EColi2634_1,C30_EColi2634_1
EColi2635_0,C95_EColi2635_0,C90_EColi2635_0,C70_EColi2635_0,C50_EColi2635_0,C40_EColi2635_0,C30_EColi2635_0
EColi2636_0,C95_EColi2636_0,C90_EColi2636_0,C70_EColi2636_0,C50_EColi2636_0,C40_EColi2636_0,C30_EColi2636_0
EColi2637_1,C95_EColi2637_1,C90_EColi2637_1,C70_EColi2637_1,C50_EColi2637_1,C40_EColi2637_1,C30_EColi3477_2
EColi2638_0,C95_EColi2638_0,C90_EColi2638_0,C70_EColi2638_0,C50_EColi2638_0,C40_EColi2638_0,C30_EColi2638_0
EColi2639_2,C95_EColi2639_2,C90_EColi2639_2,C70_EColi2639_2,C50_EColi2639_2,C40_EColi2639_2,C30_EColi2639_2
EColi2640_2,C95_EColi2640_2,C90_EColi2640_2,C70_EColi2640_2,C50_EColi2640_2,C40_EColi2640_2,C30_EColi2640_2
EColi2641_2,C95_EColi2641_2,C90_EColi2641_2,C70_EColi2641_2,C50_EColi2641_2,C40_EColi2641_2,C30_EColi2641_2
EColi2642_1,C95_EColi2642_1,C90_EColi2642_1,C70_EColi2642_1,C50_EColi2642_1,C40_EColi2642_1,C30_EColi2642_1
EColi2643_2,C95_EColi2643_2,C90_EColi2643_2,C70_EColi2643_2,C50_EColi6168_1,C40_EColi6168_1,C30_EColi6168_1
EColi2644_1,C95_EColi2644_1,C90_EColi2644_1,C70_EColi2644_1,C50_EColi2644_1,C40_EColi2644_1,C30_EColi4207_2
EColi2645_2,C95_EColi2645_2,C90_EColi2645_2,C70_EColi2645_2,C50_EColi2645_2,C40_EColi2645_2,C30_EColi2645_2
EColi2646_0,C95_EColi2646_0,C90_EColi2646_0,C70_EColi2646_0,C50_EColi2646_0,C40_EColi4695_0,C30_EColi4695_0
EColi2647_0,C95_EColi2647_0,C90_EColi2647_0,C70_EColi2647_0,C50_EColi327_1,C40_EColi327_1,C30_EColi327_1
EColi2648_2,C95_EColi2648_2,C90_EColi2648_2,C70_EColi2648_2,C50_EColi2648_2,C40_EColi2648_2,C30_EColi2648_2
EColi2649_1,C95_EColi2649_1,C90_EColi2649_1,C70_EColi2649_1,C50_EColi2649_1,C40_EColi2649_1,C30_EColi2649_1
EColi2650_2,C95_EColi2650_2,C90_EColi2650_2,C70_EColi2650_2,C50_EColi2650_2,C40_EColi2650_2,C30_EColi2650_2
EColi2651_2,C95_EColi2651_2,C90_EColi2651_2,C70_EColi2651_2,C50_EColi2651_2,C40_EColi2651_2,C30_EColi2651_2
EColi2652_2,C95_EColi2652_2,C90_EColi2652_2,C70_EColi2652_2,C50_EColi2652_2,C40_EColi2652_2,C30_EColi2652_2
EColi2653_2,C95_EColi2653_2,C90_EColi2653_2,C70_EColi2653_2,C50_EColi2653_2,C40_EColi2653_2,C30_EColi2653_2
EColi2654_2,C95_EColi2654_2,C90_EColi2654_2,C70_EColi2654_2,C50_EColi2654_2,C40_EColi2654_2,C30_EColi2654_2
EColi2655_0,C95_EColi2655_0,C90_EColi2655_0,C70_EColi2655_0,C50_EColi2655_0,C40_EColi2655_0,C30_EColi2655_0
EColi2656_2,C95_EColi2656_2,C90_EColi2656_2,C70_EColi2656_2,C50_EColi3419_1,C40_EColi3419_1,C30_EColi3419_1
EColi2657_2,C95_EColi2657_2,C90_EColi2657_2,C70_EColi2657_2,C50_EColi2657_2,C40_EColi2811_1,C30_EColi2811_1
EColi2658_1,C95_EColi2658_1,C90_EColi2658_1,C70_EColi2658_1,C50_EColi6284_1,C40_EColi6284_1,C30_EColi1071_1
EColi2659_0,C95_EColi2659_0,C90_EColi2659_0,C70_EColi2659_0,C50_EColi2659_0,C40_EColi2659_0,C30_EColi2488_2
EColi2660_0,C95_EColi2660_0,C90_EColi2660_0,C70_EColi2660_0,C50_EColi827_2,C40_EColi4675_2,C30_EColi827_2
EColi2661_2,C95_EColi2661_2,C90_EColi2661_2,C70_EColi2661_2,C50_EColi2661_2,C40_EColi2661_2,C30_EColi2661_2
EColi2662_2,C95_EColi2662_2,C90_EColi2662_2,C70_EColi2662_2,C50_EColi5290_1,C40_EColi5290_1,C30_EColi5290_1
EColi2663_2,C95_EColi2663_2,C90_EColi2663_2,C70_EColi2663_2,C50_EColi2663_2,C40_EColi2663_2,C30_EColi2663_2
EColi2664_0,C95_EColi2664_0,C90_EColi2664_0,C70_EColi2664_0,C50_EColi2664_0,C40_EColi2664_0,C30_EColi2664_0
EColi2665_0,C95_EColi2665_0,C90_EColi2665_0,C70_EColi2665_0,C50_EColi4773_2,C40_EColi4773_2,C30_EColi4773_2
EColi2666_0,C95_EColi2666_0,C90_EColi2666_0,C70_EColi2666_0,C50_EColi2666_0,C40_EColi2666_0,C30_EColi2666_0
EColi2667_0,C95_EColi2667_0,C90_EColi2667_0,C70_EColi2667_0,C50_EColi2667_0,C40_EColi2667_0,C30_EColi2667_0
EColi2668_0,C95_EColi2668_0,C90_EColi2668_0,C70_EColi2668_0,C50_EColi2668_0,C40_EColi2668_0,C30_EColi5594_0
EColi2669_0,C95_EColi2669_0,C90_EColi2669_0,C70_EColi2669_0,C50_EColi2669_0,C40_EColi2669_0,C30_EColi3207_0
EColi2670_0,C95_EColi2670_0,C90_EColi2670_0,C70_EColi2670_0,C50_EColi2670_0,C40_EColi2670_0,C30_EColi4638_0
EColi2671_2,C95_EColi2671_2,C90_EColi2671_2,C70_EColi2671_2,C50_EColi2671_2,C40_EColi2671_2,C30_EColi4638_0
EColi2672_0,C95_EColi2672_0,C90_EColi2672_0,C70_EColi2672_0,C50_EColi2672_0,C40_EColi2672_0,C30_EColi1198_1
EColi2673_2,C95_EColi2673_2,C90_EColi2673_2,C70_EColi2673_2,C50_EColi2673_2,C40_EColi4538_0,C30_EColi4635_0
EColi2674_2,C95_EColi2674_2,C90_EColi2674_2,C70_EColi2674_2,C50_EColi5535_0,C40_EColi5535_0,C30_EColi5535_0
EColi2675_1,C95_EColi2675_1,C90_EColi2675_1,C70_EColi2675_1,C50_EColi2675_1,C40_EColi2675_1,C30_EColi2675_1
EColi2676_0,C95_EColi2676_0,C90_EColi2676_0,C70_EColi2676_0,C50_EColi2676_0,C40_EColi2676_0,C30_EColi3015_2
EColi2677_2,C95_EColi2677_2,C90_EColi2677_2,C70_EColi2677_2,C50_EColi2576_2,C40_EColi2576_2,C30_EColi3174_2
EColi2678_2,C95_EColi2678_2,C90_EColi2678_2,C70_EColi2678_2,C50_EColi2678_2,C40_EColi2678_2,C30_EColi2678_2
EColi2679_2,C95_EColi2679_2,C90_EColi2679_2,C70_EColi2679_2,C50_EColi2679_2,C40_EColi723_0,C30_EColi723_0
EColi2680_2,C95_EColi2680_2,C90_EColi2680_2,C70_EColi2680_2,C50_EColi2680_2,C40_EColi723_0,C30_EColi723_0
EColi2681_2,C95_EColi2681_2,C90_EColi2681_2,C70_EColi2681_2,C50_EColi4599_0,C40_EColi4189_0,C30_EColi4189_0
EColi2682_0,C95_EColi2682_0,C90_EColi2682_0,C70_EColi2682_0,C50_EColi4195_1,C40_EColi3004_0,C30_EColi3004_0
EColi2683_1,C95_EColi2683_1,C90_EColi2683_1,C70_EColi2683_1,C50_EColi6181_2,C40_EColi6181_2,C30_EColi3004_0
EColi2684_1,C95_EColi2684_1,C90_EColi2684_1,C70_EColi2684_1,C50_EColi2684_1,C40_EColi5017_0,C30_EColi5046_0
EColi2685_0,C95_EColi2685_0,C90_EColi2685_0,C70_EColi2685_0,C50_EColi2685_0,C40_EColi2685_0,C30_EColi2685_0
EColi2686_0,C95_EColi2686_0,C90_EColi2686_0,C70_EColi2686_0,C50_EColi3008_0,C40_EColi3008_0,C30_EColi3008_0
EColi2687_2,C95_EColi2687_2,C90_EColi2687_2,C70_EColi2687_2,C50_EColi2687_2,C40_EColi2687_2,C30_EColi2687_2
EColi2688_2,C95_EColi2688_2,C90_EColi2688_2,C70_EColi2688_2,C50_EColi2688_2,C40_EColi2901_2,C30_EColi2901_2
EColi2689_0,C95_EColi2689_0,C90_EColi2689_0,C70_EColi2689_0,C50_EColi2689_0,C40_EColi2689_0,C30_EColi2689_0
EColi2690_2,C95_EColi2690_2,C90_EColi2690_2,C70_EColi2690_2,C50_EColi4518_0,C40_EColi4518_0,C30_EColi4518_0
EColi2691_2,C95_EColi2691_2,C90_EColi2691_2,C70_EColi2691_2,C50_EColi2691_2,C40_EColi2691_2,C30_EColi2691_2
EColi2692_0,C95_EColi2692_0,C90_EColi2692_0,C70_EColi2692_0,C50_EColi2105_2,C40_EColi2105_2,C30_EColi2105_2
EColi2693_2,C95_EColi2693_2,C90_EColi2693_2,C70_EColi2693_2,C50_EColi2693_2,C40_EColi2693_2,C30_EColi2693_2
EColi2694_2,C95_EColi2694_2,C90_EColi2694_2,C70_EColi2694_2,C50_EColi2694_2,C40_EColi2694_2,C30_EColi2694_2
EColi2695_0,C95_EColi2695_0,C90_EColi2695_0,C70_EColi2695_0,C50_EColi2695_0,C40_EColi84_2,C30_EColi84_2
EColi2696_2,C95_EColi2696_2,C90_EColi2696_2,C70_EColi2696_2,C50_EColi2696_2,C40_EColi2696_2,C30_EColi4025_2
EColi2697_2,C95_EColi2697_2,C90_EColi2697_2,C70_EColi2697_2,C50_EColi2697_2,C40_EColi2697_2,C30_EColi2697_2
EColi2698_1,C95_EColi2698_1,C90_EColi2698_1,C70_EColi2698_1,C50_EColi2698_1,C40_EColi2698_1,C30_EColi2825_2
EColi2699_2,C95_EColi2699_2,C90_EColi2699_2,C70_EColi2699_2,C50_EColi2699_2,C40_EColi1981_1,C30_EColi1981_1
EColi2900_2,C95_EColi2900_2,C90_EColi2900_2,C70_EColi2900_2,C50_EColi2900_2,C40_EColi2900_2,C30_EColi2505_0
EColi2901_2,C95_EColi2901_2,C90_EColi2901_2,C70_EColi2901_2,C50_EColi2901_2,C40_EColi2901_2,C30_EColi2901_2
EColi2902_2,C95_EColi2902_2,C90_EColi2902_2,C70_EColi2902_2,C50_EColi2902_2,C40_EColi2902_2,C30_EColi2902_2
EColi2903_1,C95_EColi2903_1,C90_EColi2903_1,C70_EColi2903_1,C50_EColi2903_1,C40_EColi2903_1,C30_EColi4464_2
EColi2904_2,C95_EColi2904_2,C90_EColi2904_2,C70_EColi2904_2,C50_EColi2904_2,C40_EColi2904_2,C30_EColi2904_2
EColi2905_2,C95_EColi2905_2,C90_EColi2905_2,C70_EColi2905_2,C50_EColi2905_2,C40_EColi315_0,C30_EColi315_0
EColi2906_2,C95_EColi2906_2,C90_EColi2906_2,C70_EColi2906_2,C50_EColi2906_2,C40_EColi2906_2,C30_EColi2925_0
EColi2907_0,C95_EColi2907_0,C90_EColi2907_0,C70_EColi2907_0,C50_EColi2907_0,C40_EColi273_1,C30_EColi3381_1
EColi2908_2,C95_EColi2908_2,C90_EColi2908_2,C70_EColi2908_2,C50_EColi2908_2,C40_EColi2908_2,C30_EColi2908_2
EColi2909_1,C95_EColi2909_1,C90_EColi2909_1,C70_EColi2909_1,C50_EColi2909_1,C40_EColi4272_1,C30_EColi5032_2
EColi2910_1,C95_EColi2910_1,C90_EColi2910_1,C70_EColi2910_1,C50_EColi4289_0,C40_EColi4289_0,C30_EColi5130_2
EColi2911_1,C95_EColi2911_1,C90_EColi2911_1,C70_EColi2911_1,C50_EColi2911_1,C40_EColi2911_1,C30_EColi6159_1
EColi2912_0,C95_EColi2912_0,C90_EColi2912_0,C70_EColi2912_0,C50_EColi2915_0,C40_EColi2915_0,C30_EColi2915_0
EColi2913_1,C95_EColi2913_1,C90_EColi2913_1,C70_EColi2913_1,C50_EColi2913_1,C40_EColi2913_1,C30_EColi5908_0
EColi2914_0,C95_EColi2914_0,C90_EColi2914_0,C70_EColi2914_0,C50_EColi2914_0,C40_EColi2915_0,C30_EColi2915_0
EColi2915_0,C95_EColi2915_0,C90_EColi2915_0,C70_EColi2915_0,C50_EColi2915_0,C40_EColi2915_0,C30_EColi2915_0
EColi2916_1,C95_EColi2916_1,C90_EColi2916_1,C70_EColi2916_1,C50_EColi2916_1,C40_EColi2916_1,C30_EColi4303_0
EColi2917_1,C95_EColi2917_1,C90_EColi2917_1,C70_EColi2917_1,C50_EColi2917_1,C40_EColi2917_1,C30_EColi3452_2
EColi2918_0,C95_EColi2918_0,C90_EColi2918_0,C70_EColi2918_0,C50_EColi2918_0,C40_EColi2918_0,C30_EColi2918_0
EColi2919_1,C95_EColi2919_1,C90_EColi2919_1,C70_EColi2919_1,C50_EColi2919_1,C40_EColi2919_1,C30_EColi2919_1
EColi2920_1,C95_EColi2920_1,C90_EColi2920_1,C70_EColi2920_1,C50_EColi2920_1,C40_EColi2920_1,C30_EColi88_0
EColi2921_1,C95_EColi2921_1,C90_EColi2921_1,C70_EColi2921_1,C50_EColi2921_1,C40_EColi2921_1,C30_EColi2921_1
EColi2922_1,C95_EColi2922_1,C90_EColi2922_1,C70_EColi2922_1,C50_EColi2922_1,C40_EColi2922_1,C30_EColi2922_1
EColi2923_0,C95_EColi2923_0,C90_EColi2923_0,C70_EColi2923_0,C50_EColi4310_0,C40_EColi4310_0,C30_EColi1579_0
EColi2924_1,C95_EColi2924_1,C90_EColi2924_1,C70_EColi2924_1,C50_EColi2924_1,C40_EColi2924_1,C30_EColi2924_1
EColi2925_0,C95_EColi2925_0,C90_EColi2925_0,C70_EColi2925_0,C50_EColi2925_0,C40_EColi2925_0,C30_EColi2925_0
EColi2926_2,C95_EColi2926_2,C90_EColi2926_2,C70_EColi2926_2,C50_EColi2926_2,C40_EColi2926_2,C30_EColi2926_2
EColi2927_0,C95_EColi2927_0,C90_EColi2927_0,C70_EColi2927_0,C50_EColi2927_0,C40_EColi2927_0,C30_EColi2927_0
EColi2928_1,C95_EColi2928_1,C90_EColi2928_1,C70_EColi2928_1,C50_EColi2928_1,C40_EColi2928_1,C30_EColi2928_1
EColi2929_0,C95_EColi2929_0,C90_EColi2929_0,C70_EColi2929_0,C50_EColi2929_0,C40_EColi2929_0,C30_EColi2929_0
EColi2930_0,C95_EColi2930_0,C90_EColi2930_0,C70_EColi2930_0,C50_EColi2930_0,C40_EColi2930_0,C30_EColi2930_0
EColi2931_1,C95_EColi2931_1,C90_EColi2931_1,C70_EColi2931_1,C50_EColi2931_1,C40_EColi2931_1,C30_EColi2931_1
EColi2932_0,C95_EColi2932_0,C90_EColi2932_0,C70_EColi2932_0,C50_EColi2932_0,C40_EColi2932_0,C30_EColi2932_0
EColi2933_0,C95_EColi2933_0,C90_EColi2933_0,C70_EColi2933_0,C50_EColi2933_0,C40_EColi2933_0,C30_EColi2933_0
EColi2934_0,C95_EColi2934_0,C90_EColi2934_0,C70_EColi2934_0,C50_EColi2934_0,C40_EColi2934_0,C30_EColi2934_0
EColi2935_0,C95_EColi2935_0,C90_EColi2935_0,C70_EColi2935_0,C50_EColi2935_0,C40_EColi2935_0,C30_EColi2935_0
EColi2936_1,C95_EColi2936_1,C90_EColi2936_1,C70_EColi2936_1,C50_EColi2936_1,C40_EColi2936_1,C30_EColi2936_1
EColi2937_1,C95_EColi2937_1,C90_EColi2937_1,C70_EColi2937_1,C50_EColi2937_1,C40_EColi2937_1,C30_EColi2937_1
EColi2938_1,C95_EColi2938_1,C90_EColi2938_1,C70_EColi2938_1,C50_EColi2938_1,C40_EColi2938_1,C30_EColi2938_1
EColi2939_1,C95_EColi2939_1,C90_EColi2939_1,C70_EColi2939_1,C50_EColi2939_1,C40_EColi2939_1,C30_EColi2939_1
EColi2940_1,C95_EColi2940_1,C90_EColi2940_1,C70_EColi2940_1,C50_EColi2940_1,C40_EColi2940_1,C30_EColi2940_1
EColi2941_1,C95_EColi2941_1,C90_EColi2941_1,C70_EColi2941_1,C50_EColi2941_1,C40_EColi2941_1,C30_EColi2941_1
EColi2942_0,C95_EColi2942_0,C90_EColi2942_0,C70_EColi2942_0,C50_EColi2942_0,C40_EColi2942_0,C30_EColi5526_2
EColi2943_1,C95_EColi2943_1,C90_EColi2943_1,C70_EColi2943_1,C50_EColi2943_1,C40_EColi2943_1,C30_EColi2943_1
EColi2944_1,C95_EColi2944_1,C90_EColi2944_1,C70_EColi2944_1,C50_EColi2944_1,C40_EColi2944_1,C30_EColi2944_1
EColi2945_1,C95_EColi2945_1,C90_EColi2945_1,C70_EColi2945_1,C50_EColi2945_1,C40_EColi2945_1,C30_EColi2945_1
EColi2946_0,C95_EColi2946_0,C90_EColi2946_0,C70_EColi2946_0,C50_EColi2946_0,C40_EColi2946_0,C30_EColi2946_0
EColi2947_2,C95_EColi2947_2,C90_EColi2947_2,C70_EColi2947_2,C50_EColi2947_2,C40_EColi2947_2,C30_EColi2947_2
EColi2948_2,C95_EColi2948_2,C90_EColi2948_2,C70_EColi2948_2,C50_EColi2948_2,C40_EColi2948_2,C30_EColi2948_2
EColi2949_1,C95_EColi2949_1,C90_EColi2949_1,C70_EColi2949_1,C50_EColi2949_1,C40_EColi2949_1,C30_EColi2949_1
EColi2950_1,C95_EColi2950_1,C90_EColi2950_1,C70_EColi2950_1,C50_EColi2950_1,C40_EColi2950_1,C30_EColi2950_1
EColi2951_1,C95_EColi2951_1,C90_EColi2951_1,C70_EColi2951_1,C50_EColi2951_1,C40_EColi2951_1,C30_EColi2951_1
EColi2952_1,C95_EColi2952_1,C90_EColi2952_1,C70_EColi2952_1,C50_EColi2952_1,C40_EColi2952_1,C30_EColi2952_1
EColi2953_0,C95_EColi2953_0,C90_EColi2953_0,C70_EColi2953_0,C50_EColi2953_0,C40_EColi2953_0,C30_EColi3877_1
EColi2954_1,C95_EColi2954_1,C90_EColi2954_1,C70_EColi2954_1,C50_EColi457_2,C40_EColi2047_1,C30_EColi2825_2
EColi2955_2,C95_EColi2955_2,C90_EColi2955_2,C70_EColi2955_2,C50_EColi2955_2,C40_EColi2955_2,C30_EColi2955_2
EColi2956_2,C95_EColi2956_2,C90_EColi2956_2,C70_EColi2956_2,C50_EColi2956_2,C40_EColi2956_2,C30_EColi1650_1
EColi2957_0,C95_EColi2957_0,C90_EColi2957_0,C70_EColi2957_0,C50_EColi2957_0,C40_EColi2957_0,C30_EColi5952_2
EColi2958_0,C95_EColi2958_0,C90_EColi2958_0,C70_EColi2958_0,C50_EColi2958_0,C40_EColi2958_0,C30_EColi4350_0
EColi2959_1,C95_EColi2959_1,C90_EColi2959_1,C70_EColi2959_1,C50_EColi2959_1,C40_EColi2959_1,C30_EColi2959_1
EColi2960_1,C95_EColi2960_1,C90_EColi2960_1,C70_EColi2960_1,C50_EColi2960_1,C40_EColi2960_1,C30_EColi2960_1
EColi2961_2,C95_EColi2961_2,C90_EColi2961_2,C70_EColi2961_2,C50_EColi5236_1,C40_EColi5236_1,C30_EColi5236_1
EColi2962_0,C95_EColi2962_0,C90_EColi2962_0,C70_EColi2962_0,C50_EColi2962_0,C40_EColi2962_0,C30_EColi2962_0
EColi2963_1,C95_EColi2963_1,C90_EColi2963_1,C70_EColi2963_1,C50_EColi2963_1,C40_EColi2963_1,C30_EColi3750_2
EColi2964_2,C95_EColi2964_2,C90_EColi2964_2,C70_EColi2964_2,C50_EColi2964_2,C40_EColi2964_2,C30_EColi2964_2
EColi2965_2,C95_EColi2965_2,C90_EColi2965_2,C70_EColi2965_2,C50_EColi2965_2,C40_EColi2965_2,C30_EColi2978_0
EColi2966_1,C95_EColi2966_1,C90_EColi2966_1,C70_EColi2966_1,C50_EColi2966_1,C40_EColi2219_2,C30_EColi2219_2
EColi2967_1,C95_EColi2967_1,C90_EColi2967_1,C70_EColi2967_1,C50_EColi2967_1,C40_EColi478_2,C30_EColi4766_2
EColi2968_1,C95_EColi2968_1,C90_EColi2968_1,C70_EColi2968_1,C50_EColi3042_0,C40_EColi1236_2,C30_EColi1236_2
EColi2969_1,C95_EColi2969_1,C90_EColi2969_1,C70_EColi2969_1,C50_EColi2969_1,C40_EColi2969_1,C30_EColi596_1
EColi2970_1,C95_EColi2970_1,C90_EColi2970_1,C70_EColi2970_1,C50_EColi2970_1,C40_EColi2970_1,C30_EColi2970_1
EColi2971_2,C95_EColi2971_2,C90_EColi2971_2,C70_EColi2971_2,C50_EColi2971_2,C40_EColi2971_2,C30_EColi4114_0
EColi2972_2,C95_EColi2972_2,C90_EColi2972_2,C70_EColi2972_2,C50_EColi2972_2,C40_EColi4670_2,C30_EColi4670_2
EColi2973_0,C95_EColi2973_0,C90_EColi2973_0,C70_EColi2973_0,C50_EColi2973_0,C40_EColi5846_2,C30_EColi5846_2
EColi2974_2,C95_EColi2974_2,C90_EColi2974_2,C70_EColi2974_2,C50_EColi2974_2,C40_EColi2975_1,C30_EColi2975_1
EColi2975_1,C95_EColi2975_1,C90_EColi2975_1,C70_EColi2975_1,C50_EColi2975_1,C40_EColi2975_1,C30_EColi2975_1
EColi2976_0,C95_EColi2976_0,C90_EColi2976_0,C70_EColi2976_0,C50_EColi4842_2,C40_EColi4842_2,C30_EColi4800_2
EColi2977_0,C95_EColi2977_0,C90_EColi2977_0,C70_EColi2977_0,C50_EColi2977_0,C40_EColi2977_0,C30_EColi2977_0
EColi2978_0,C95_EColi2978_0,C90_EColi2978_0,C70_EColi2978_0,C50_EColi2978_0,C40_EColi2978_0,C30_EColi2978_0
EColi2979_1,C95_EColi2979_1,C90_EColi2979_1,C70_EColi2979_1,C50_EColi1840_2,C40_EColi259_2,C30_EColi259_2
EColi2980_2,C95_EColi2980_2,C90_EColi2980_2,C70_EColi2980_2,C50_EColi2980_2,C40_EColi4810_1,C30_EColi913_2
EColi2981_0,C95_EColi2981_0,C90_EColi2981_0,C70_EColi2981_0,C50_EColi2981_0,C40_EColi2981_0,C30_EColi2738_2
EColi2982_0,C95_EColi2982_0,C90_EColi2982_0,C70_EColi2982_0,C50_EColi2982_0,C40_EColi2982_0,C30_EColi2982_0
EColi2983_2,C95_EColi2983_2,C90_EColi2983_2,C70_EColi2983_2,C50_EColi1457_1,C40_EColi3240_2,C30_EColi3240_2
EColi2984_2,C95_EColi2984_2,C90_EColi2984_2,C70_EColi2984_2,C50_EColi2984_2,C40_EColi2984_2,C30_EColi2984_2
EColi2985_2,C95_EColi2985_2,C90_EColi2985_2,C70_EColi2985_2,C50_EColi2985_2,C40_EColi2985_2,C30_EColi2985_2
EColi2986_2,C95_EColi2986_2,C90_EColi2986_2,C70_EColi2986_2,C50_EColi2986_2,C40_EColi2986_2,C30_EColi2986_2
EColi2987_1,C95_EColi2987_1,C90_EColi2987_1,C70_EColi2987_1,C50_EColi2987_1,C40_EColi2987_1,C30_EColi2987_1
EColi2988_0,C95_EColi2988_0,C90_EColi2988_0,C70_EColi2988_0,C50_EColi2988_0,C40_EColi2988_0,C30_EColi2988_0
EColi2989_2,C95_EColi2989_2,C90_EColi2989_2,C70_EColi2989_2,C50_EColi2989_2,C40_EColi4466_2,C30_EColi4466_2
EColi2990_2,C95_EColi2990_2,C90_EColi2990_2,C70_EColi2990_2,C50_EColi2990_2,C40_EColi2990_2,C30_EColi382_0
EColi2991_1,C95_EColi2991_1,C90_EColi2991_1,C70_EColi2991_1,C50_EColi2991_1,C40_EColi2991_1,C30_EColi2991_1
EColi2992_0,C95_EColi2992_0,C90_EColi2992_0,C70_EColi2992_0,C50_EColi2992_0,C40_EColi2992_0,C30_EColi2992_0
EColi2993_0,C95_EColi2993_0,C90_EColi2993_0,C70_EColi2993_0,C50_EColi2993_0,C40_EColi4435_1,C30_EColi356_1
EColi2994_2,C95_EColi2994_2,C90_EColi2994_2,C70_EColi2994_2,C50_EColi2994_2,C40_EColi2994_2,C30_EColi6017_1
EColi2995_2,C95_EColi2995_2,C90_EColi2995_2,C70_EColi2995_2,C50_EColi2995_2,C40_EColi2995_2,C30_EColi2995_2
EColi2996_0,C95_EColi2996_0,C90_EColi2996_0,C70_EColi2996_0,C50_EColi2996_0,C40_EColi2996_0,C30_EColi2996_0
EColi2997_1,C95_EColi2997_1,C90_EColi2997_1,C70_EColi2997_1,C50_EColi2997_1,C40_EColi2997_1,C30_EColi2997_1
EColi2998_2,C95_EColi2998_2,C90_EColi2998_2,C70_EColi2998_2,C50_EColi2998_2,C40_EColi2998_2,C30_EColi2998_2
EColi2999_2,C95_EColi2999_2,C90_EColi2999_2,C70_EColi2999_2,C50_EColi2999_2,C40_EColi2999_2,C30_EColi2999_2
EColi3000_2,C95_EColi3000_2,C90_EColi3000_2,C70_EColi3000_2,C50_EColi3000_2,C40_EColi3000_2,C30_EColi3000_2
EColi3001_0,C95_EColi3001_0,C90_EColi3001_0,C70_EColi3001_0,C50_EColi3001_0,C40_EColi892_1,C30_EColi1349_2
EColi3002_0,C95_EColi3002_0,C90_EColi3002_0,C70_EColi3002_0,C50_EColi3002_0,C40_EColi3002_0,C30_EColi3002_0
EColi3003_1,C95_EColi3003_1,C90_EColi3003_1,C70_EColi3003_1,C50_EColi3003_1,C40_EColi3003_1,C30_EColi3003_1
EColi3004_0,C95_EColi3004_0,C90_EColi3004_0,C70_EColi3004_0,C50_EColi3004_0,C40_EColi3004_0,C30_EColi3004_0
EColi3005_2,C95_EColi3005_2,C90_EColi3005_2,C70_EColi3005_2,C50_EColi3005_2,C40_EColi3005_2,C30_EColi3005_2
EColi3006_2,C95_EColi3006_2,C90_EColi3006_2,C70_EColi3006_2,C50_EColi3006_2,C40_EColi3006_2,C30_EColi3006_2
EColi3007_1,C95_EColi3007_1,C90_EColi3007_1,C70_EColi3007_1,C50_EColi3007_1,C40_EColi3007_1,C30_EColi5251_1
EColi3008_0,C95_EColi3008_0,C90_EColi3008_0,C70_EColi3008_0,C50_EColi3008_0,C40_EColi3008_0,C30_EColi3008_0
EColi3009_0,C95_EColi3009_0,C90_EColi3009_0,C70_EColi3009_0,C50_EColi3009_0,C40_EColi3009_0,C30_EColi2901_2
EColi3010_1,C95_EColi3010_1,C90_EColi3010_1,C70_EColi3010_1,C50_EColi3010_1,C40_EColi1453_2,C30_EColi1453_2
EColi3011_0,C95_EColi3011_0,C90_EColi3011_0,C70_EColi3011_0,C50_EColi3011_0,C40_EColi3011_0,C30_EColi3011_0
EColi3012_0,C95_EColi3012_0,C90_EColi3012_0,C70_EColi3012_0,C50_EColi3012_0,C40_EColi3012_0,C30_EColi3154_0
EColi3013_0,C95_EColi3013_0,C90_EColi3013_0,C70_EColi3013_0,C50_EColi3013_0,C40_EColi3013_0,C30_EColi1652_1
EColi3014_1,C95_EColi3014_1,C90_EColi3014_1,C70_EColi3014_1,C50_EColi3014_1,C40_EColi3014_1,C30_EColi3014_1
EColi3015_2,C95_EColi3015_2,C90_EColi3015_2,C70_EColi3015_2,C50_EColi3015_2,C40_EColi3015_2,C30_EColi3015_2
EColi3016_1,C95_EColi3016_1,C90_EColi3016_1,C70_EColi3016_1,C50_EColi3016_1,C40_EColi3016_1,C30_EColi3016_1
EColi3017_0,C95_EColi3017_0,C90_EColi3017_0,C70_EColi3017_0,C50_EColi3017_0,C40_EColi3017_0,C30_EColi3017_0
EColi3018_1,C95_EColi3018_1,C90_EColi3018_1,C70_EColi3018_1,C50_EColi3018_1,C40_EColi1672_0,C30_EColi1672_0
EColi3019_2,C95_EColi3019_2,C90_EColi3019_2,C70_EColi3019_2,C50_EColi3019_2,C40_EColi3019_2,C30_EColi3019_2
EColi3020_0,C95_EColi3020_0,C90_EColi3020_0,C70_EColi3020_0,C50_EColi3020_0,C40_EColi3020_0,C30_EColi3020_0
EColi3021_2,C95_EColi3021_2,C90_EColi3021_2,C70_EColi3021_2,C50_EColi3021_2,C40_EColi3021_2,C30_EColi3021_2
EColi3022_2,C95_EColi3022_2,C90_EColi3022_2,C70_EColi3022_2,C50_EColi3022_2,C40_EColi3022_2,C30_EColi3022_2
EColi3023_1,C95_EColi3023_1,C90_EColi3023_1,C70_EColi3023_1,C50_EColi3023_1,C40_EColi3023_1,C30_EColi3023_1
EColi3024_1,C95_EColi3024_1,C90_EColi3024_1,C70_EColi3024_1,C50_EColi3024_1,C40_EColi3024_1,C30_EColi3254_2
EColi3025_2,C95_EColi3025_2,C90_EColi3025_2,C70_EColi3025_2,C50_EColi3025_2,C40_EColi3025_2,C30_EColi3025_2
EColi3026_0,C95_EColi3026_0,C90_EColi3026_0,C70_EColi3026_0,C50_EColi3026_0,C40_EColi3026_0,C30_EColi3026_0
EColi3027_1,C95_EColi3027_1,C90_EColi3027_1,C70_EColi3027_1,C50_EColi3027_1,C40_EColi3027_1,C30_EColi3027_1
EColi3028_2,C95_EColi3028_2,C90_EColi3028_2,C70_EColi3028_2,C50_EColi3098_2,C40_EColi3098_2,C30_EColi2281_0
EColi3029_2,C95_EColi3029_2,C90_EColi3029_2,C70_EColi3029_2,C50_EColi3029_2,C40_EColi3029_2,C30_EColi3029_2
EColi3030_1,C95_EColi3030_1,C90_EColi3030_1,C70_EColi3030_1,C50_EColi3030_1,C40_EColi3030_1,C30_EColi3030_1
EColi3031_0,C95_EColi3031_0,C90_EColi3031_0,C70_EColi3031_0,C50_EColi2552_1,C40_EColi2552_1,C30_EColi2552_1
EColi3032_2,C95_EColi3032_2,C90_EColi3032_2,C70_EColi3032_2,C50_EColi2549_2,C40_EColi2549_2,C30_EColi2549_2
EColi3033_2,C95_EColi3033_2,C90_EColi3033_2,C70_EColi3033_2,C50_EColi3033_2,C40_EColi3033_2,C30_EColi3033_2
EColi3034_1,C95_EColi3034_1,C90_EColi3034_1,C70_EColi3034_1,C50_EColi4566_1,C40_EColi4566_1,C30_EColi6307_1
EColi3035_0,C95_EColi3035_0,C90_EColi3035_0,C70_EColi3035_0,C50_EColi3035_0,C40_EColi3035_0,C30_EColi3035_0
EColi3036_1,C95_EColi3036_1,C90_EColi3036_1,C70_EColi3036_1,C50_EColi3036_1,C40_EColi3036_1,C30_EColi3036_1
EColi3037_0,C95_EColi3037_0,C90_EColi3037_0,C70_EColi3037_0,C50_EColi3037_0,C40_EColi4435_1,C30_EColi356_1
EColi3038_1,C95_EColi3038_1,C90_EColi3038_1,C70_EColi3038_1,C50_EColi6151_1,C40_EColi6151_1,C30_EColi6151_1
EColi3039_2,C95_EColi3039_2,C90_EColi3039_2,C70_EColi3039_2,C50_EColi3039_2,C40_EColi3039_2,C30_EColi3039_2
EColi3040_2,C95_EColi3040_2,C90_EColi3040_2,C70_EColi3040_2,C50_EColi3040_2,C40_EColi3040_2,C30_EColi3040_2
EColi3041_0,C95_EColi3041_0,C90_EColi3041_0,C70_EColi3041_0,C50_EColi3041_0,C40_EColi3041_0,C30_EColi3041_0
EColi3042_0,C95_EColi3042_0,C90_EColi3042_0,C70_EColi3042_0,C50_EColi3042_0,C40_EColi1236_2,C30_EColi1236_2
EColi3043_0,C95_EColi3043_0,C90_EColi3043_0,C70_EColi3043_0,C50_EColi3043_0,C40_EColi3043_0,C30_EColi3043_0
EColi3044_0,C95_EColi3044_0,C90_EColi3044_0,C70_EColi3044_0,C50_EColi3044_0,C40_EColi3044_0,C30_EColi5393_0
EColi3045_2,C95_EColi3045_2,C90_EColi3045_2,C70_EColi3045_2,C50_EColi3045_2,C40_EColi3045_2,C30_EColi3045_2
EColi3046_0,C95_EColi3046_0,C90_EColi3046_0,C70_EColi3046_0,C50_EColi3046_0,C40_EColi3046_0,C30_EColi3754_0
EColi3047_0,C95_EColi3047_0,C90_EColi3047_0,C70_EColi3047_0,C50_EColi3047_0,C40_EColi3047_0,C30_EColi3041_0
EColi3048_0,C95_EColi3048_0,C90_EColi3048_0,C70_EColi3048_0,C50_EColi3048_0,C40_EColi3048_0,C30_EColi3048_0
EColi3049_2,C95_EColi3049_2,C90_EColi3049_2,C70_EColi3049_2,C50_EColi3049_2,C40_EColi3049_2,C30_EColi3049_2
EColi3050_2,C95_EColi3050_2,C90_EColi3050_2,C70_EColi3050_2,C50_EColi3050_2,C40_EColi6314_1,C30_EColi6314_1
EColi3051_0,C95_EColi3051_0,C90_EColi3051_0,C70_EColi3051_0,C50_EColi3051_0,C40_EColi3051_0,C30_EColi3051_0
EColi3052_0,C95_EColi3052_0,C90_EColi3052_0,C70_EColi3052_0,C50_EColi3052_0,C40_EColi2985_2,C30_EColi2985_2
EColi3053_1,C95_EColi3053_1,C90_EColi3053_1,C70_EColi3053_1,C50_EColi3053_1,C40_EColi3053_1,C30_EColi5937_1
EColi3054_0,C95_EColi3054_0,C90_EColi3054_0,C70_EColi3054_0,C50_EColi3054_0,C40_EColi3054_0,C30_EColi3054_0
EColi3055_0,C95_EColi3055_0,C90_EColi3055_0,C70_EColi3055_0,C50_EColi3055_0,C40_EColi3055_0,C30_EColi3055_0
EColi3056_0,C95_EColi3056_0,C90_EColi3056_0,C70_EColi3056_0,C50_EColi3056_0,C40_EColi3056_0,C30_EColi3056_0
EColi3057_0,C95_EColi3057_0,C90_EColi3057_0,C70_EColi3057_0,C50_EColi3057_0,C40_EColi3709_2,C30_EColi3057_0
EColi3058_1,C95_EColi3058_1,C90_EColi3058_1,C70_EColi3058_1,C50_EColi2830_2,C40_EColi2830_2,C30_EColi1035_1
EColi3059_2,C95_EColi3059_2,C90_EColi3059_2,C70_EColi3059_2,C50_EColi2851_2,C40_EColi2851_2,C30_EColi2851_2
EColi3060_0,C95_EColi3060_0,C90_EColi3060_0,C70_EColi3060_0,C50_EColi3060_0,C40_EColi3060_0,C30_EColi3060_0
EColi3061_0,C95_EColi3061_0,C90_EColi3061_0,C70_EColi3061_0,C50_EColi138_0,C40_EColi138_0,C30_EColi1363_1
EColi3062_2,C95_EColi3062_2,C90_EColi3062_2,C70_EColi3062_2,C50_EColi2883_2,C40_EColi2883_2,C30_EColi2883_2
EColi3063_0,C95_EColi3063_0,C90_EColi3063_0,C70_EColi3063_0,C50_EColi3063_0,C40_EColi3063_0,C30_EColi148_1
EColi3064_0,C95_EColi3064_0,C90_EColi3064_0,C70_EColi3064_0,C50_EColi3064_0,C40_EColi3064_0,C30_EColi3064_0
EColi3065_1,C95_EColi3065_1,C90_EColi3065_1,C70_EColi3065_1,C50_EColi3065_1,C40_EColi3065_1,C30_EColi61_1
EColi3066_2,C95_EColi3066_2,C90_EColi3066_2,C70_EColi3066_2,C50_EColi3066_2,C40_EColi3066_2,C30_EColi3066_2
EColi3067_0,C95_EColi3067_0,C90_EColi3067_0,C70_EColi3067_0,C50_EColi3067_0,C40_EColi3067_0,C30_EColi4238_1
EColi3068_0,C95_EColi3068_0,C90_EColi3068_0,C70_EColi3068_0,C50_EColi3068_0,C40_EColi3068_0,C30_EColi3073_0
EColi3069_0,C95_EColi3069_0,C90_EColi3069_0,C70_EColi3069_0,C50_EColi3069_0,C40_EColi3073_0,C30_EColi3073_0
EColi3070_0,C95_EColi3070_0,C90_EColi3070_0,C70_EColi3070_0,C50_EColi3070_0,C40_EColi1070_1,C30_EColi2192_2
EColi3071_0,C95_EColi3071_0,C90_EColi3071_0,C70_EColi3071_0,C50_EColi3071_0,C40_EColi3071_0,C30_EColi2191_2
EColi3072_2,C95_EColi3072_2,C90_EColi3072_2,C70_EColi3072_2,C50_EColi5378_0,C40_EColi68_0,C30_EColi68_0
EColi3073_0,C95_EColi3073_0,C90_EColi3073_0,C70_EColi3073_0,C50_EColi3073_0,C40_EColi3073_0,C30_EColi3073_0
EColi3074_0,C95_EColi3074_0,C90_EColi3074_0,C70_EColi3074_0,C50_EColi3074_0,C40_EColi3074_0,C30_EColi3074_0
EColi3075_2,C95_EColi3075_2,C90_EColi3075_2,C70_EColi3075_2,C50_EColi3075_2,C40_EColi3075_2,C30_EColi4694_0
EColi3076_0,C95_EColi3076_0,C90_EColi3076_0,C70_EColi3076_0,C50_EColi3076_0,C40_EColi3355_0,C30_EColi3355_0
EColi3077_0,C95_EColi3077_0,C90_EColi3077_0,C70_EColi3077_0,C50_EColi3077_0,C40_EColi3077_0,C30_EColi1776_2
EColi3078_0,C95_EColi3078_0,C90_EColi3078_0,C70_EColi3078_0,C50_EColi5417_1,C40_EColi5417_1,C30_EColi3629_2
EColi3079_1,C95_EColi3079_1,C90_EColi3079_1,C70_EColi3079_1,C50_EColi3079_1,C40_EColi3079_1,C30_EColi3079_1
EColi3080_0,C95_EColi3080_0,C90_EColi3080_0,C70_EColi3080_0,C50_EColi1026_0,C40_EColi2703_1,C30_EColi2703_1
EColi3081_0,C95_EColi3081_0,C90_EColi3081_0,C70_EColi3081_0,C50_EColi3081_0,C40_EColi3081_0,C30_EColi3081_0
EColi3082_2,C95_EColi3082_2,C90_EColi3082_2,C70_EColi3082_2,C50_EColi65_0,C40_EColi65_0,C30_EColi65_0
EColi3083_2,C95_EColi3083_2,C90_EColi3083_2,C70_EColi3083_2,C50_EColi3083_2,C40_EColi3083_2,C30_EColi3083_2
EColi3084_0,C95_EColi3084_0,C90_EColi3084_0,C70_EColi3084_0,C50_EColi3084_0,C40_EColi3084_0,C30_EColi3084_0
EColi3085_0,C95_EColi3085_0,C90_EColi3085_0,C70_EColi3085_0,C50_EColi3085_0,C40_EColi3085_0,C30_EColi3085_0
EColi3086_0,C95_EColi3086_0,C90_EColi3086_0,C70_EColi3086_0,C50_EColi3086_0,C40_EColi3086_0,C30_EColi3086_0
EColi3087_2,C95_EColi3087_2,C90_EColi3087_2,C70_EColi3087_2,C50_EColi3087_2,C40_EColi3087_2,C30_EColi3087_2
EColi3088_0,C95_EColi3088_0,C90_EColi3088_0,C70_EColi3088_0,C50_EColi3088_0,C40_EColi3088_0,C30_EColi3088_0
EColi3089_0,C95_EColi3089_0,C90_EColi3089_0,C70_EColi3089_0,C50_EColi3089_0,C40_EColi3243_0,C30_EColi3243_0
EColi3090_0,C95_EColi3090_0,C90_EColi3090_0,C70_EColi3090_0,C50_EColi3455_1,C40_EColi3455_1,C30_EColi3455_1
EColi3091_0,C95_EColi3091_0,C90_EColi3091_0,C70_EColi3091_0,C50_EColi3091_0,C40_EColi3091_0,C30_EColi3091_0
EColi3092_0,C95_EColi3092_0,C90_EColi3092_0,C70_EColi3092_0,C50_EColi3092_0,C40_EColi3092_0,C30_EColi4971_2
EColi3093_2,C95_EColi3093_2,C90_EColi3093_2,C70_EColi3093_2,C50_EColi3093_2,C40_EColi3093_2,C30_EColi3093_2
EColi3094_2,C95_EColi3094_2,C90_EColi3094_2,C70_EColi3094_2,C50_EColi3094_2,C40_EColi3094_2,C30_EColi3094_2
EColi3095_2,C95_EColi3095_2,C90_EColi3095_2,C70_EColi3095_2,C50_EColi3095_2,C40_EColi3095_2,C30_EColi3095_2
EColi3096_1,C95_EColi3096_1,C90_EColi3096_1,C70_EColi3096_1,C50_EColi3096_1,C40_EColi3096_1,C30_EColi3096_1
EColi3097_1,C95_EColi3097_1,C90_EColi3097_1,C70_EColi3097_1,C50_EColi3097_1,C40_EColi3097_1,C30_EColi3097_1
EColi3098_2,C95_EColi3098_2,C90_EColi3098_2,C70_EColi3098_2,C50_EColi3098_2,C40_EColi3098_2,C30_EColi2281_0
EColi3099_2,C95_EColi3099_2,C90_EColi3099_2,C70_EColi3099_2,C50_EColi3099_2,C40_EColi3099_2,C30_EColi3099_2
EColi0_0,C95_EColi0_0,C90_EColi0_0,C70_EColi0_0,C50_EColi0_0,C40_EColi2276_0,C30_EColi2276_0
EColi1_0,C95_EColi1_0,C90_EColi1_0,C70_EColi1_0,C50_EColi1_0,C40_EColi1_0,C30_EColi4236_0
EColi2_2,C95_EColi2_2,C90_EColi2_2,C70_EColi2_2,C50_EColi2_2,C40_EColi2_2,C30_EColi321_0
EColi3_0,C95_EColi3_0,C90_EColi3_0,C70_EColi3_0,C50_EColi3_0,C40_EColi3_0,C30_EColi3_0
EColi4_0,C95_EColi4_0,C90_EColi4_0,C70_EColi4_0,C50_EColi4_0,C40_EColi4_0,C30_EColi4_0
EColi5_2,C95_EColi5_2,C90_EColi5_2,C70_EColi5_2,C50_EColi5_2,C40_EColi5_2,C30_EColi5_2
EColi6_1,C95_EColi6_1,C90_EColi6_1,C70_EColi6_1,C50_EColi6_1,C40_EColi6_1,C30_EColi6_1
EColi7_1,C95_EColi7_1,C90_EColi7_1,C70_EColi7_1,C50_EColi7_1,C40_EColi7_1,C30_EColi7_1
EColi8_1,C95_EColi8_1,C90_EColi8_1,C70_EColi8_1,C50_EColi8_1,C40_EColi8_1,C30_EColi8_1
EColi9_2,C95_EColi9_2,C90_EColi9_2,C70_EColi9_2,C50_EColi9_2,C40_EColi9_2,C30_EColi9_2
EColi10_2,C95_EColi10_2,C90_EColi10_2,C70_EColi10_2,C50_EColi10_2,C40_EColi4025_2,C30_EColi4025_2
EColi11_1,C95_EColi11_1,C90_EColi11_1,C70_EColi11_1,C50_EColi11_1,C40_EColi11_1,C30_EColi11_1
EColi12_2,C95_EColi12_2,C90_EColi12_2,C70_EColi12_2,C50_EColi12_2,C40_EColi12_2,C30_EColi3384_2
EColi13_0,C95_EColi13_0,C90_EColi13_0,C70_EColi13_0,C50_EColi13_0,C40_EColi13_0,C30_EColi13_0
EColi14_0,C95_EColi14_0,C90_EColi14_0,C70_EColi14_0,C50_EColi14_0,C40_EColi3355_0,C30_EColi5567_0
EColi15_1,C95_EColi15_1,C90_EColi15_1,C70_EColi15_1,C50_EColi15_1,C40_EColi15_1,C30_EColi15_1
EColi16_0,C95_EColi16_0,C90_EColi16_0,C70_EColi16_0,C50_EColi16_0,C40_EColi16_0,C30_EColi16_0
EColi17_2,C95_EColi17_2,C90_EColi17_2,C70_EColi17_2,C50_EColi17_2,C40_EColi17_2,C30_EColi17_2
EColi18_1,C95_EColi18_1,C90_EColi18_1,C70_EColi18_1,C50_EColi18_1,C40_EColi5696_0,C30_EColi5696_0
EColi19_2,C95_EColi19_2,C90_EColi19_2,C70_EColi19_2,C50_EColi19_2,C40_EColi19_2,C30_EColi5859_1
EColi20_1,C95_EColi20_1,C90_EColi20_1,C70_EColi20_1,C50_EColi20_1,C40_EColi20_1,C30_EColi20_1
EColi21_2,C95_EColi21_2,C90_EColi21_2,C70_EColi21_2,C50_EColi21_2,C40_EColi1877_1,C30_EColi1877_1
EColi22_0,C95_EColi22_0,C90_EColi22_0,C70_EColi22_0,C50_EColi1576_0,C40_EColi1576_0,C30_EColi3864_2
EColi23_2,C95_EColi23_2,C90_EColi23_2,C70_EColi23_2,C50_EColi3933_2,C40_EColi3933_2,C30_EColi3933_2
EColi24_2,C95_EColi24_2,C90_EColi24_2,C70_EColi24_2,C50_EColi957_0,C40_EColi957_0,C30_EColi957_0
EColi25_0,C95_EColi25_0,C90_EColi25_0,C70_EColi25_0,C50_EColi25_0,C40_EColi25_0,C30_EColi25_0
EColi26_1,C95_EColi26_1,C90_EColi26_1,C70_EColi26_1,C50_EColi26_1,C40_EColi5638_2,C30_EColi5638_2
EColi27_0,C95_EColi27_0,C90_EColi27_0,C70_EColi27_0,C50_EColi27_0,C40_EColi4435_1,C30_EColi356_1
EColi28_1,C95_EColi28_1,C90_EColi28_1,C70_EColi28_1,C50_EColi28_1,C40_EColi4532_0,C30_EColi4532_0
EColi29_2,C95_EColi29_2,C90_EColi29_2,C70_EColi29_2,C50_EColi4773_2,C40_EColi4773_2,C30_EColi4773_2
EColi30_2,C95_EColi30_2,C90_EColi30_2,C70_EColi30_2,C50_EColi30_2,C40_EColi3185_0,C30_EColi3185_0
EColi31_2,C95_EColi31_2,C90_EColi31_2,C70_EColi31_2,C50_EColi31_2,C40_EColi31_2,C30_EColi31_2
EColi32_2,C95_EColi32_2,C90_EColi32_2,C70_EColi32_2,C50_EColi32_2,C40_EColi32_2,C30_EColi32_2
EColi33_0,C95_EColi33_0,C90_EColi33_0,C70_EColi33_0,C50_EColi33_0,C40_EColi33_0,C30_EColi33_0
EColi34_0,C95_EColi34_0,C90_EColi34_0,C70_EColi34_0,C50_EColi34_0,C40_EColi34_0,C30_EColi6318_1
EColi35_1,C95_EColi35_1,C90_EColi35_1,C70_EColi35_1,C50_EColi35_1,C40_EColi35_1,C30_EColi35_1
EColi36_2,C95_EColi36_2,C90_EColi36_2,C70_EColi36_2,C50_EColi36_2,C40_EColi1446_0,C30_EColi1446_0
EColi37_1,C95_EColi37_1,C90_EColi37_1,C70_EColi37_1,C50_EColi38_1,C40_EColi1081_0,C30_EColi1081_0
EColi38_1,C95_EColi38_1,C90_EColi38_1,C70_EColi38_1,C50_EColi38_1,C40_EColi1081_0,C30_EColi1081_0
EColi39_0,C95_EColi39_0,C90_EColi39_0,C70_EColi39_0,C50_EColi39_0,C40_EColi3381_1,C30_EColi3381_1
EColi40_0,C95_EColi40_0,C90_EColi40_0,C70_EColi40_0,C50_EColi40_0,C40_EColi40_0,C30_EColi2902_2
EColi41_1,C95_EColi41_1,C90_EColi41_1,C70_EColi41_1,C50_EColi41_1,C40_EColi41_1,C30_EColi41_1
EColi42_1,C95_EColi42_1,C90_EColi42_1,C70_EColi42_1,C50_EColi42_1,C40_EColi2693_2,C30_EColi2693_2
EColi43_1,C95_EColi43_1,C90_EColi43_1,C70_EColi43_1,C50_EColi43_1,C40_EColi3934_1,C30_EColi43_1
EColi44_0,C95_EColi44_0,C90_EColi44_0,C70_EColi44_0,C50_EColi44_0,C40_EColi44_0,C30_EColi44_0
EColi45_0,C95_EColi45_0,C90_EColi45_0,C70_EColi45_0,C50_EColi5236_1,C40_EColi5236_1,C30_EColi5236_1
EColi46_2,C95_EColi46_2,C90_EColi46_2,C70_EColi46_2,C50_EColi46_2,C40_EColi46_2,C30_EColi46_2
EColi47_0,C95_EColi47_0,C90_EColi47_0,C70_EColi47_0,C50_EColi47_0,C40_EColi47_0,C30_EColi5353_0
EColi48_0,C95_EColi48_0,C90_EColi48_0,C70_EColi48_0,C50_EColi48_0,C40_EColi48_0,C30_EColi48_0
EColi49_0,C95_EColi49_0,C90_EColi49_0,C70_EColi49_0,C50_EColi49_0,C40_EColi49_0,C30_EColi49_0
EColi50_2,C95_EColi50_2,C90_EColi50_2,C70_EColi50_2,C50_EColi50_2,C40_EColi50_2,C30_EColi50_2
EColi51_1,C95_EColi51_1,C90_EColi51_1,C70_EColi51_1,C50_EColi51_1,C40_EColi51_1,C30_EColi51_1
EColi52_0,C95_EColi52_0,C90_EColi52_0,C70_EColi52_0,C50_EColi52_0,C40_EColi52_0,C30_EColi52_0
EColi53_1,C95_EColi53_1,C90_EColi53_1,C70_EColi53_1,C50_EColi53_1,C40_EColi2114_0,C30_EColi5309_0
EColi54_0,C95_EColi54_0,C90_EColi54_0,C70_EColi54_0,C50_EColi54_0,C40_EColi54_0,C30_EColi54_0
EColi55_0,C95_EColi55_0,C90_EColi55_0,C70_EColi55_0,C50_EColi4043_1,C40_EColi4043_1,C30_EColi4043_1
EColi56_0,C95_EColi56_0,C90_EColi56_0,C70_EColi56_0,C50_EColi56_0,C40_EColi56_0,C30_EColi2817_2
EColi57_2,C95_EColi57_2,C90_EColi57_2,C70_EColi57_2,C50_EColi117_2,C40_EColi117_2,C30_EColi1654_0
EColi58_0,C95_EColi58_0,C90_EColi58_0,C70_EColi58_0,C50_EColi58_0,C40_EColi58_0,C30_EColi58_0
EColi59_0,C95_EColi59_0,C90_EColi59_0,C70_EColi59_0,C50_EColi59_0,C40_EColi59_0,C30_EColi327_1
EColi60_1,C95_EColi60_1,C90_EColi60_1,C70_EColi60_1,C50_EColi60_1,C40_EColi60_1,C30_EColi60_1
EColi61_1,C95_EColi61_1,C90_EColi61_1,C70_EColi61_1,C50_EColi61_1,C40_EColi61_1,C30_EColi61_1
EColi62_1,C95_EColi62_1,C90_EColi62_1,C70_EColi62_1,C50_EColi62_1,C40_EColi62_1,C30_EColi62_1
EColi63_0,C95_EColi63_0,C90_EColi63_0,C70_EColi63_0,C50_EColi63_0,C40_EColi63_0,C30_EColi613_0
EColi64_0,C95_EColi64_0,C90_EColi64_0,C70_EColi64_0,C50_EColi64_0,C40_EColi64_0,C30_EColi2499_1
EColi65_0,C95_EColi65_0,C90_EColi65_0,C70_EColi65_0,C50_EColi65_0,C40_EColi65_0,C30_EColi65_0
EColi66_0,C95_EColi66_0,C90_EColi66_0,C70_EColi66_0,C50_EColi66_0,C40_EColi66_0,C30_EColi66_0
EColi67_1,C95_EColi67_1,C90_EColi67_1,C70_EColi67_1,C50_EColi67_1,C40_EColi2843_1,C30_EColi2843_1
EColi68_0,C95_EColi68_0,C90_EColi68_0,C70_EColi68_0,C50_EColi68_0,C40_EColi68_0,C30_EColi68_0
EColi69_1,C95_EColi69_1,C90_EColi69_1,C70_EColi69_1,C50_EColi69_1,C40_EColi69_1,C30_EColi69_1
EColi70_1,C95_EColi70_1,C90_EColi70_1,C70_EColi70_1,C50_EColi70_1,C40_EColi70_1,C30_EColi70_1
EColi71_1,C95_EColi71_1,C90_EColi71_1,C70_EColi71_1,C50_EColi3074_0,C40_EColi3074_0,C30_EColi3074_0
EColi72_1,C95_EColi72_1,C90_EColi72_1,C70_EColi72_1,C50_EColi72_1,C40_EColi5506_0,C30_EColi5506_0
EColi73_1,C95_EColi73_1,C90_EColi73_1,C70_EColi73_1,C50_EColi73_1,C40_EColi73_1,C30_EColi73_1
EColi74_1,C95_EColi74_1,C90_EColi74_1,C70_EColi74_1,C50_EColi74_1,C40_EColi74_1,C30_EColi74_1
EColi75_1,C95_EColi75_1,C90_EColi75_1,C70_EColi75_1,C50_EColi75_1,C40_EColi75_1,C30_EColi75_1
EColi76_1,C95_EColi76_1,C90_EColi76_1,C70_EColi76_1,C50_EColi76_1,C40_EColi76_1,C30_EColi529_1
EColi77_0,C95_EColi77_0,C90_EColi77_0,C70_EColi77_0,C50_EColi77_0,C40_EColi77_0,C30_EColi1764_1
EColi78_2,C95_EColi78_2,C90_EColi78_2,C70_EColi78_2,C50_EColi6067_0,C40_EColi6067_0,C30_EColi3384_2
EColi79_1,C95_EColi79_1,C90_EColi79_1,C70_EColi79_1,C50_EColi79_1,C40_EColi79_1,C30_EColi2693_2
EColi80_1,C95_EColi80_1,C90_EColi80_1,C70_EColi80_1,C50_EColi80_1,C40_EColi80_1,C30_EColi5043_0
EColi81_1,C95_EColi81_1,C90_EColi81_1,C70_EColi81_1,C50_EColi81_1,C40_EColi81_1,C30_EColi81_1
EColi82_0,C95_EColi82_0,C90_EColi82_0,C70_EColi82_0,C50_EColi82_0,C40_EColi82_0,C30_EColi82_0
EColi83_2,C95_EColi83_2,C90_EColi83_2,C70_EColi83_2,C50_EColi83_2,C40_EColi4244_2,C30_EColi3578_1
EColi84_2,C95_EColi84_2,C90_EColi84_2,C70_EColi84_2,C50_EColi84_2,C40_EColi84_2,C30_EColi84_2
EColi85_0,C95_EColi85_0,C90_EColi85_0,C70_EColi85_0,C50_EColi86_0,C40_EColi86_0,C30_EColi86_0
EColi86_0,C95_EColi86_0,C90_EColi86_0,C70_EColi86_0,C50_EColi86_0,C40_EColi86_0,C30_EColi86_0
EColi87_1,C95_EColi87_1,C90_EColi87_1,C70_EColi87_1,C50_EColi87_1,C40_EColi3926_0,C30_EColi3926_0
EColi88_0,C95_EColi88_0,C90_EColi88_0,C70_EColi88_0,C50_EColi88_0,C40_EColi88_0,C30_EColi88_0
EColi89_0,C95_EColi89_0,C90_EColi89_0,C70_EColi89_0,C50_EColi89_0,C40_EColi89_0,C30_EColi89_0
EColi90_2,C95_EColi90_2,C90_EColi90_2,C70_EColi90_2,C50_EColi4730_2,C40_EColi5338_1,C30_EColi5338_1
EColi91_2,C95_EColi91_2,C90_EColi91_2,C70_EColi91_2,C50_EColi6084_2,C40_EColi4531_0,C30_EColi5223_1
EColi92_2,C95_EColi92_2,C90_EColi92_2,C70_EColi92_2,C50_EColi2823_2,C40_EColi2823_2,C30_EColi2823_2
EColi93_1,C95_EColi93_1,C90_EColi93_1,C70_EColi93_1,C50_EColi93_1,C40_EColi93_1,C30_EColi93_1
EColi94_2,C95_EColi94_2,C90_EColi94_2,C70_EColi94_2,C50_EColi94_2,C40_EColi94_2,C30_EColi94_2
EColi95_2,C95_EColi95_2,C90_EColi95_2,C70_EColi95_2,C50_EColi95_2,C40_EColi95_2,C30_EColi4164_0
EColi96_2,C95_EColi96_2,C90_EColi96_2,C70_EColi96_2,C50_EColi96_2,C40_EColi96_2,C30_EColi6236_1
EColi97_2,C95_EColi97_2,C90_EColi97_2,C70_EColi97_2,C50_EColi97_2,C40_EColi97_2,C30_EColi1650_1
EColi98_2,C95_EColi98_2,C90_EColi98_2,C70_EColi98_2,C50_EColi98_2,C40_EColi98_2,C30_EColi2825_2
EColi99_0,C95_EColi99_0,C90_EColi99_0,C70_EColi99_0,C50_EColi99_0,C40_EColi99_0,C30_EColi99_0
EColi400_2,C95_EColi400_2,C90_EColi400_2,C70_EColi400_2,C50_EColi400_2,C40_EColi400_2,C30_EColi400_2
EColi401_2,C95_EColi401_2,C90_EColi401_2,C70_EColi401_2,C50_EColi401_2,C40_EColi401_2,C30_EColi401_2
EColi402_2,C95_EColi402_2,C90_EColi402_2,C70_EColi402_2,C50_EColi402_2,C40_EColi402_2,C30_EColi402_2
EColi403_0,C95_EColi403_0,C90_EColi403_0,C70_EColi403_0,C50_EColi403_0,C40_EColi866_0,C30_EColi866_0
EColi404_2,C95_EColi404_2,C90_EColi404_2,C70_EColi404_2,C50_EColi404_2,C40_EColi404_2,C30_EColi404_2
EColi405_2,C95_EColi405_2,C90_EColi405_2,C70_EColi405_2,C50_EColi405_2,C40_EColi405_2,C30_EColi405_2
EColi406_2,C95_EColi406_2,C90_EColi406_2,C70_EColi406_2,C50_EColi406_2,C40_EColi406_2,C30_EColi410_1
EColi407_2,C95_EColi407_2,C90_EColi407_2,C70_EColi407_2,C50_EColi407_2,C40_EColi1402_2,C30_EColi1299_2
EColi408_1,C95_EColi408_1,C90_EColi408_1,C70_EColi408_1,C50_EColi408_1,C40_EColi408_1,C30_EColi4403_2
EColi409_0,C95_EColi409_0,C90_EColi409_0,C70_EColi409_0,C50_EColi409_0,C40_EColi409_0,C30_EColi409_0
EColi410_1,C95_EColi410_1,C90_EColi410_1,C70_EColi410_1,C50_EColi410_1,C40_EColi410_1,C30_EColi410_1
EColi411_2,C95_EColi411_2,C90_EColi411_2,C70_EColi411_2,C50_EColi411_2,C40_EColi411_2,C30_EColi411_2
EColi412_1,C95_EColi412_1,C90_EColi412_1,C70_EColi412_1,C50_EColi412_1,C40_EColi412_1,C30_EColi4771_0
EColi413_1,C95_EColi413_1,C90_EColi413_1,C70_EColi413_1,C50_EColi413_1,C40_EColi413_1,C30_EColi413_1
EColi414_1,C95_EColi414_1,C90_EColi414_1,C70_EColi414_1,C50_EColi414_1,C40_EColi414_1,C30_EColi414_1
EColi415_1,C95_EColi415_1,C90_EColi415_1,C70_EColi415_1,C50_EColi415_1,C40_EColi415_1,C30_EColi415_1
EColi416_0,C95_EColi416_0,C90_EColi416_0,C70_EColi416_0,C50_EColi416_0,C40_EColi416_0,C30_EColi416_0
EColi417_2,C95_EColi417_2,C90_EColi417_2,C70_EColi417_2,C50_EColi417_2,C40_EColi939_1,C30_EColi939_1
EColi418_0,C95_EColi418_0,C90_EColi418_0,C70_EColi418_0,C50_EColi418_0,C40_EColi418_0,C30_EColi418_0
EColi419_2,C95_EColi419_2,C90_EColi419_2,C70_EColi419_2,C50_EColi419_2,C40_EColi419_2,C30_EColi832_2
EColi420_0,C95_EColi420_0,C90_EColi420_0,C70_EColi420_0,C50_EColi420_0,C40_EColi420_0,C30_EColi1302_1
EColi421_2,C95_EColi421_2,C90_EColi421_2,C70_EColi421_2,C50_EColi421_2,C40_EColi421_2,C30_EColi421_2
EColi422_1,C95_EColi422_1,C90_EColi422_1,C70_EColi422_1,C50_EColi422_1,C40_EColi422_1,C30_EColi422_1
EColi423_1,C95_EColi423_1,C90_EColi423_1,C70_EColi423_1,C50_EColi423_1,C40_EColi423_1,C30_EColi841_1
EColi424_2,C95_EColi424_2,C90_EColi424_2,C70_EColi424_2,C50_EColi852_1,C40_EColi849_1,C30_EColi849_1
EColi425_2,C95_EColi425_2,C90_EColi425_2,C70_EColi425_2,C50_EColi422_1,C40_EColi422_1,C30_EColi422_1
EColi426_2,C95_EColi426_2,C90_EColi426_2,C70_EColi426_2,C50_EColi426_2,C40_EColi426_2,C30_EColi426_2
EColi427_1,C95_EColi427_1,C90_EColi427_1,C70_EColi427_1,C50_EColi427_1,C40_EColi427_1,C30_EColi427_1
EColi428_1,C95_EColi428_1,C90_EColi428_1,C70_EColi428_1,C50_EColi428_1,C40_EColi428_1,C30_EColi428_1
EColi429_1,C95_EColi429_1,C90_EColi429_1,C70_EColi429_1,C50_EColi429_1,C40_EColi429_1,C30_EColi429_1
EColi430_1,C95_EColi430_1,C90_EColi430_1,C70_EColi430_1,C50_EColi430_1,C40_EColi430_1,C30_EColi430_1
EColi431_0,C95_EColi431_0,C90_EColi431_0,C70_EColi431_0,C50_EColi431_0,C40_EColi431_0,C30_EColi431_0
EColi432_2,C95_EColi432_2,C90_EColi432_2,C70_EColi432_2,C50_EColi432_2,C40_EColi432_2,C30_EColi432_2
EColi433_2,C95_EColi433_2,C90_EColi433_2,C70_EColi433_2,C50_EColi433_2,C40_EColi433_2,C30_EColi433_2
EColi434_1,C95_EColi434_1,C90_EColi434_1,C70_EColi434_1,C50_EColi434_1,C40_EColi434_1,C30_EColi434_1
EColi435_0,C95_EColi435_0,C90_EColi435_0,C70_EColi435_0,C50_EColi435_0,C40_EColi868_0,C30_EColi868_0
EColi436_1,C95_EColi436_1,C90_EColi436_1,C70_EColi436_1,C50_EColi6262_1,C40_EColi6262_1,C30_EColi6262_1
EColi437_0,C95_EColi437_0,C90_EColi437_0,C70_EColi437_0,C50_EColi872_1,C40_EColi872_1,C30_EColi1778_2
EColi438_0,C95_EColi438_0,C90_EColi438_0,C70_EColi438_0,C50_EColi438_0,C40_EColi2633_1,C30_EColi2633_1
EColi439_0,C95_EColi439_0,C90_EColi439_0,C70_EColi439_0,C50_EColi439_0,C40_EColi439_0,C30_EColi439_0
EColi440_2,C95_EColi440_2,C90_EColi440_2,C70_EColi440_2,C50_EColi440_2,C40_EColi440_2,C30_EColi440_2
EColi441_1,C95_EColi441_1,C90_EColi441_1,C70_EColi877_2,C50_EColi877_2,C40_EColi877_2,C30_EColi877_2
EColi442_0,C95_EColi442_0,C90_EColi442_0,C70_EColi442_0,C50_EColi442_0,C40_EColi442_0,C30_EColi3460_0
EColi443_1,C95_EColi443_1,C90_EColi443_1,C70_EColi443_1,C50_EColi443_1,C40_EColi443_1,C30_EColi443_1
EColi444_2,C95_EColi444_2,C90_EColi444_2,C70_EColi444_2,C50_EColi444_2,C40_EColi1024_2,C30_EColi1024_2
EColi445_1,C95_EColi445_1,C90_EColi445_1,C70_EColi445_1,C50_EColi445_1,C40_EColi445_1,C30_EColi445_1
EColi446_0,C95_EColi446_0,C90_EColi446_0,C70_EColi446_0,C50_EColi446_0,C40_EColi1395_2,C30_EColi3460_0
EColi447_1,C95_EColi447_1,C90_EColi447_1,C70_EColi447_1,C50_EColi447_1,C40_EColi447_1,C30_EColi447_1
EColi448_1,C95_EColi448_1,C90_EColi448_1,C70_EColi448_1,C50_EColi448_1,C40_EColi448_1,C30_EColi448_1
EColi449_2,C95_EColi449_2,C90_EColi449_2,C70_EColi449_2,C50_EColi449_2,C40_EColi449_2,C30_EColi5237_1
EColi450_0,C95_EColi450_0,C90_EColi450_0,C70_EColi450_0,C50_EColi450_0,C40_EColi450_0,C30_EColi450_0
EColi451_2,C95_EColi451_2,C90_EColi451_2,C70_EColi451_2,C50_EColi451_2,C40_EColi451_2,C30_EColi451_2
EColi452_2,C95_EColi452_2,C90_EColi452_2,C70_EColi452_2,C50_EColi452_2,C40_EColi4438_2,C30_EColi4438_2
EColi453_2,C95_EColi453_2,C90_EColi453_2,C70_EColi453_2,C50_EColi2956_2,C40_EColi2956_2,C30_EColi1650_1
EColi454_2,C95_EColi454_2,C90_EColi454_2,C70_EColi454_2,C50_EColi454_2,C40_EColi454_2,C30_EColi4348_0
EColi455_2,C95_EColi455_2,C90_EColi455_2,C70_EColi455_2,C50_EColi455_2,C40_EColi455_2,C30_EColi44_0
EColi456_0,C95_EColi456_0,C90_EColi456_0,C70_EColi456_0,C50_EColi456_0,C40_EColi738_1,C30_EColi738_1
EColi457_2,C95_EColi457_2,C90_EColi457_2,C70_EColi457_2,C50_EColi457_2,C40_EColi3583_1,C30_EColi888_1
EColi458_1,C95_EColi458_1,C90_EColi458_1,C70_EColi458_1,C50_EColi458_1,C40_EColi458_1,C30_EColi3878_1
EColi459_1,C95_EColi459_1,C90_EColi459_1,C70_EColi459_1,C50_EColi459_1,C40_EColi459_1,C30_EColi1650_1
EColi460_2,C95_EColi460_2,C90_EColi460_2,C70_EColi460_2,C50_EColi460_2,C40_EColi2823_2,C30_EColi2823_2
EColi461_2,C95_EColi461_2,C90_EColi461_2,C70_EColi461_2,C50_EColi461_2,C40_EColi461_2,C30_EColi461_2
EColi462_2,C95_EColi462_2,C90_EColi462_2,C70_EColi462_2,C50_EColi1607_1,C40_EColi1607_1,C30_EColi3083_2
EColi463_1,C95_EColi463_1,C90_EColi463_1,C70_EColi463_1,C50_EColi5983_2,C40_EColi5983_2,C30_EColi5983_2
EColi464_2,C95_EColi464_2,C90_EColi464_2,C70_EColi464_2,C50_EColi464_2,C40_EColi464_2,C30_EColi1198_1
EColi465_2,C95_EColi465_2,C90_EColi465_2,C70_EColi465_2,C50_EColi465_2,C40_EColi465_2,C30_EColi4999_1
EColi466_1,C95_EColi466_1,C90_EColi466_1,C70_EColi466_1,C50_EColi892_1,C40_EColi4255_2,C30_EColi1349_2
EColi467_1,C95_EColi467_1,C90_EColi467_1,C70_EColi467_1,C50_EColi467_1,C40_EColi467_1,C30_EColi4999_1
EColi468_2,C95_EColi468_2,C90_EColi468_2,C70_EColi468_2,C50_EColi468_2,C40_EColi468_2,C30_EColi468_2
EColi469_2,C95_EColi469_2,C90_EColi469_2,C70_EColi469_2,C50_EColi469_2,C40_EColi2957_0,C30_EColi5952_2
EColi470_2,C95_EColi470_2,C90_EColi470_2,C70_EColi470_2,C50_EColi891_2,C40_EColi5309_0,C30_EColi5309_0
EColi471_2,C95_EColi471_2,C90_EColi471_2,C70_EColi471_2,C50_EColi471_2,C40_EColi471_2,C30_EColi471_2
EColi472_0,C95_EColi472_0,C90_EColi472_0,C70_EColi472_0,C50_EColi472_0,C40_EColi472_0,C30_EColi472_0
EColi473_2,C95_EColi473_2,C90_EColi473_2,C70_EColi473_2,C50_EColi473_2,C40_EColi473_2,C30_EColi473_2
EColi474_0,C95_EColi474_0,C90_EColi474_0,C70_EColi474_0,C50_EColi474_0,C40_EColi474_0,C30_EColi4541_0
EColi475_1,C95_EColi475_1,C90_EColi475_1,C70_EColi475_1,C50_EColi2993_0,C40_EColi4435_1,C30_EColi356_1
EColi476_1,C95_EColi476_1,C90_EColi476_1,C70_EColi476_1,C50_EColi476_1,C40_EColi476_1,C30_EColi2136_0
EColi477_0,C95_EColi477_0,C90_EColi477_0,C70_EColi477_0,C50_EColi477_0,C40_EColi477_0,C30_EColi477_0
EColi478_2,C95_EColi478_2,C90_EColi478_2,C70_EColi478_2,C50_EColi478_2,C40_EColi478_2,C30_EColi4766_2
EColi479_2,C95_EColi479_2,C90_EColi479_2,C70_EColi479_2,C50_EColi2966_1,C40_EColi2219_2,C30_EColi2219_2
EColi480_2,C95_EColi480_2,C90_EColi480_2,C70_EColi480_2,C50_EColi4321_2,C40_EColi4321_2,C30_EColi1100_1
EColi481_2,C95_EColi481_2,C90_EColi481_2,C70_EColi481_2,C50_EColi481_2,C40_EColi4357_0,C30_EColi4357_0
EColi482_2,C95_EColi482_2,C90_EColi482_2,C70_EColi482_2,C50_EColi3042_0,C40_EColi232_0,C30_EColi1236_2
EColi483_1,C95_EColi483_1,C90_EColi483_1,C70_EColi483_1,C50_EColi483_1,C40_EColi483_1,C30_EColi483_1
EColi484_2,C95_EColi484_2,C90_EColi484_2,C70_EColi484_2,C50_EColi484_2,C40_EColi484_2,C30_EColi710_0
EColi485_2,C95_EColi485_2,C90_EColi485_2,C70_EColi485_2,C50_EColi900_1,C40_EColi567_2,C30_EColi145_2
EColi486_1,C95_EColi486_1,C90_EColi486_1,C70_EColi486_1,C50_EColi486_1,C40_EColi486_1,C30_EColi4546_0
EColi487_0,C95_EColi487_0,C90_EColi487_0,C70_EColi487_0,C50_EColi487_0,C40_EColi487_0,C30_EColi487_0
EColi488_2,C95_EColi488_2,C90_EColi488_2,C70_EColi488_2,C50_EColi488_2,C40_EColi488_2,C30_EColi488_2
EColi489_2,C95_EColi489_2,C90_EColi489_2,C70_EColi489_2,C50_EColi489_2,C40_EColi489_2,C30_EColi489_2
EColi490_2,C95_EColi490_2,C90_EColi490_2,C70_EColi490_2,C50_EColi490_2,C40_EColi490_2,C30_EColi490_2
EColi491_1,C95_EColi491_1,C90_EColi491_1,C70_EColi491_1,C50_EColi491_1,C40_EColi491_1,C30_EColi2223_2
EColi492_2,C95_EColi492_2,C90_EColi492_2,C70_EColi492_2,C50_EColi492_2,C40_EColi492_2,C30_EColi492_2
EColi493_1,C95_EColi493_1,C90_EColi493_1,C70_EColi493_1,C50_EColi493_1,C40_EColi493_1,C30_EColi493_1
EColi494_0,C95_EColi494_0,C90_EColi494_0,C70_EColi494_0,C50_EColi494_0,C40_EColi494_0,C30_EColi494_0
EColi495_1,C95_EColi495_1,C90_EColi495_1,C70_EColi495_1,C50_EColi495_1,C40_EColi495_1,C30_EColi5677_2
EColi496_1,C95_EColi496_1,C90_EColi496_1,C70_EColi496_1,C50_EColi302_2,C40_EColi302_2,C30_EColi302_2
EColi497_2,C95_EColi497_2,C90_EColi497_2,C70_EColi497_2,C50_EColi497_2,C40_EColi497_2,C30_EColi4402_2
EColi498_2,C95_EColi498_2,C90_EColi498_2,C70_EColi498_2,C50_EColi498_2,C40_EColi498_2,C30_EColi498_2
EColi499_2,C95_EColi499_2,C90_EColi499_2,C70_EColi499_2,C50_EColi499_2,C40_EColi499_2,C30_EColi499_2
EColi600_0,C95_EColi600_0,C90_EColi600_0,C70_EColi600_0,C50_EColi600_0,C40_EColi600_0,C30_EColi1778_2
EColi601_0,C95_EColi601_0,C90_EColi601_0,C70_EColi601_0,C50_EColi601_0,C40_EColi601_0,C30_EColi1778_2
EColi602_1,C95_EColi602_1,C90_EColi602_1,C70_EColi602_1,C50_EColi602_1,C40_EColi602_1,C30_EColi602_1
EColi603_1,C95_EColi603_1,C90_EColi603_1,C70_EColi603_1,C50_EColi603_1,C40_EColi603_1,C30_EColi603_1
EColi604_2,C95_EColi604_2,C90_EColi604_2,C70_EColi604_2,C50_EColi1386_0,C40_EColi1446_0,C30_EColi1446_0
EColi605_2,C95_EColi605_2,C90_EColi605_2,C70_EColi605_2,C50_EColi605_2,C40_EColi2305_2,C30_EColi2305_2
EColi606_0,C95_EColi606_0,C90_EColi606_0,C70_EColi606_0,C50_EColi606_0,C40_EColi606_0,C30_EColi606_0
EColi607_0,C95_EColi607_0,C90_EColi607_0,C70_EColi607_0,C50_EColi607_0,C40_EColi607_0,C30_EColi607_0
EColi608_0,C95_EColi608_0,C90_EColi608_0,C70_EColi608_0,C50_EColi608_0,C40_EColi1064_0,C30_EColi1064_0
EColi609_1,C95_EColi609_1,C90_EColi609_1,C70_EColi609_1,C50_EColi609_1,C40_EColi609_1,C30_EColi609_1
EColi610_0,C95_EColi610_0,C90_EColi610_0,C70_EColi610_0,C50_EColi610_0,C40_EColi610_0,C30_EColi610_0
EColi611_0,C95_EColi611_0,C90_EColi611_0,C70_EColi611_0,C50_EColi611_0,C40_EColi611_0,C30_EColi611_0
EColi612_2,C95_EColi612_2,C90_EColi612_2,C70_EColi612_2,C50_EColi61_1,C40_EColi61_1,C30_EColi61_1
EColi613_0,C95_EColi613_0,C90_EColi613_0,C70_EColi613_0,C50_EColi613_0,C40_EColi613_0,C30_EColi613_0
EColi614_0,C95_EColi614_0,C90_EColi614_0,C70_EColi614_0,C50_EColi614_0,C40_EColi66_0,C30_EColi66_0
EColi615_1,C95_EColi615_1,C90_EColi615_1,C70_EColi615_1,C50_EColi615_1,C40_EColi2843_1,C30_EColi2843_1
EColi616_0,C95_EColi616_0,C90_EColi616_0,C70_EColi616_0,C50_EColi616_0,C40_EColi68_0,C30_EColi68_0
EColi617_1,C95_EColi617_1,C90_EColi617_1,C70_EColi617_1,C50_EColi72_1,C40_EColi5506_0,C30_EColi5506_0
EColi618_2,C95_EColi618_2,C90_EColi618_2,C70_EColi618_2,C50_EColi618_2,C40_EColi618_2,C30_EColi5338_1
EColi619_2,C95_EColi619_2,C90_EColi619_2,C70_EColi619_2,C50_EColi619_2,C40_EColi619_2,C30_EColi619_2
EColi620_1,C95_EColi620_1,C90_EColi620_1,C70_EColi620_1,C50_EColi620_1,C40_EColi620_1,C30_EColi620_1
EColi621_0,C95_EColi621_0,C90_EColi621_0,C70_EColi621_0,C50_EColi621_0,C40_EColi104_0,C30_EColi104_0
EColi622_2,C95_EColi622_2,C90_EColi622_2,C70_EColi622_2,C50_EColi622_2,C40_EColi622_2,C30_EColi622_2
EColi623_2,C95_EColi623_2,C90_EColi623_2,C70_EColi623_2,C50_EColi623_2,C40_EColi3952_2,C30_EColi3952_2
EColi624_1,C95_EColi624_1,C90_EColi624_1,C70_EColi624_1,C50_EColi624_1,C40_EColi1530_0,C30_EColi1530_0
EColi625_1,C95_EColi625_1,C90_EColi625_1,C70_EColi625_1,C50_EColi625_1,C40_EColi625_1,C30_EColi625_1
EColi626_0,C95_EColi626_0,C90_EColi626_0,C70_EColi626_0,C50_EColi626_0,C40_EColi2863_2,C30_EColi2796_1
EColi627_0,C95_EColi627_0,C90_EColi627_0,C70_EColi627_0,C50_EColi627_0,C40_EColi627_0,C30_EColi627_0
EColi628_1,C95_EColi628_1,C90_EColi628_1,C70_EColi628_1,C50_EColi628_1,C40_EColi628_1,C30_EColi628_1
EColi629_2,C95_EColi629_2,C90_EColi629_2,C70_EColi629_2,C50_EColi629_2,C40_EColi629_2,C30_EColi5638_2
EColi630_2,C95_EColi630_2,C90_EColi630_2,C70_EColi630_2,C50_EColi630_2,C40_EColi630_2,C30_EColi46_2
EColi631_0,C95_EColi631_0,C90_EColi631_0,C70_EColi631_0,C50_EColi631_0,C40_EColi5591_0,C30_EColi6112_0
EColi632_2,C95_EColi632_2,C90_EColi632_2,C70_EColi632_2,C50_EColi5453_0,C40_EColi5453_0,C30_EColi5453_0
EColi633_1,C95_EColi633_1,C90_EColi633_1,C70_EColi633_1,C50_EColi121_2,C40_EColi121_2,C30_EColi121_2
EColi634_1,C95_EColi634_1,C90_EColi634_1,C70_EColi634_1,C50_EColi634_1,C40_EColi634_1,C30_EColi634_1
EColi635_0,C95_EColi635_0,C90_EColi635_0,C70_EColi635_0,C50_EColi635_0,C40_EColi635_0,C30_EColi635_0
EColi636_0,C95_EColi636_0,C90_EColi636_0,C70_EColi636_0,C50_EColi636_0,C40_EColi6248_1,C30_EColi136_1
EColi637_0,C95_EColi637_0,C90_EColi637_0,C70_EColi637_0,C50_EColi637_0,C40_EColi637_0,C30_EColi637_0
EColi638_1,C95_EColi638_1,C90_EColi638_1,C70_EColi638_1,C50_EColi638_1,C40_EColi638_1,C30_EColi640_0
EColi639_2,C95_EColi639_2,C90_EColi639_2,C70_EColi639_2,C50_EColi639_2,C40_EColi6339_1,C30_EColi6339_1
EColi640_0,C95_EColi640_0,C90_EColi640_0,C70_EColi640_0,C50_EColi640_0,C40_EColi640_0,C30_EColi640_0
EColi641_2,C95_EColi641_2,C90_EColi641_2,C70_EColi641_2,C50_EColi641_2,C40_EColi641_2,C30_EColi641_2
EColi642_1,C95_EColi642_1,C90_EColi642_1,C70_EColi642_1,C50_EColi642_1,C40_EColi642_1,C30_EColi642_1
EColi643_2,C95_EColi643_2,C90_EColi643_2,C70_EColi643_2,C50_EColi643_2,C40_EColi643_2,C30_EColi5039_2
EColi644_2,C95_EColi644_2,C90_EColi644_2,C70_EColi644_2,C50_EColi644_2,C40_EColi644_2,C30_EColi644_2
EColi645_1,C95_EColi645_1,C90_EColi645_1,C70_EColi645_1,C50_EColi645_1,C40_EColi645_1,C30_EColi645_1
EColi646_0,C95_EColi646_0,C90_EColi646_0,C70_EColi646_0,C50_EColi646_0,C40_EColi646_0,C30_EColi646_0
EColi647_0,C95_EColi647_0,C90_EColi647_0,C70_EColi647_0,C50_EColi647_0,C40_EColi647_0,C30_EColi647_0
EColi648_2,C95_EColi648_2,C90_EColi648_2,C70_EColi648_2,C50_EColi648_2,C40_EColi337_0,C30_EColi337_0
EColi649_2,C95_EColi649_2,C90_EColi649_2,C70_EColi649_2,C50_EColi649_2,C40_EColi649_2,C30_EColi649_2
EColi650_2,C95_EColi650_2,C90_EColi650_2,C70_EColi650_2,C50_EColi650_2,C40_EColi650_2,C30_EColi650_2
EColi651_2,C95_EColi651_2,C90_EColi651_2,C70_EColi651_2,C50_EColi651_2,C40_EColi651_2,C30_EColi651_2
EColi652_0,C95_EColi652_0,C90_EColi652_0,C70_EColi652_0,C50_EColi652_0,C40_EColi652_0,C30_EColi652_0
EColi653_0,C95_EColi653_0,C90_EColi653_0,C70_EColi653_0,C50_EColi653_0,C40_EColi653_0,C30_EColi653_0
EColi654_0,C95_EColi654_0,C90_EColi654_0,C70_EColi654_0,C50_EColi654_0,C40_EColi654_0,C30_EColi654_0
EColi655_0,C95_EColi655_0,C90_EColi655_0,C70_EColi655_0,C50_EColi655_0,C40_EColi655_0,C30_EColi339_0
EColi656_0,C95_EColi656_0,C90_EColi656_0,C70_EColi656_0,C50_EColi656_0,C40_EColi1346_0,C30_EColi656_0
EColi657_1,C95_EColi657_1,C90_EColi657_1,C70_EColi657_1,C50_EColi1446_0,C40_EColi1446_0,C30_EColi1446_0
EColi658_2,C95_EColi658_2,C90_EColi658_2,C70_EColi658_2,C50_EColi2305_2,C40_EColi2305_2,C30_EColi2305_2
EColi659_0,C95_EColi659_0,C90_EColi659_0,C70_EColi659_0,C50_EColi659_0,C40_EColi659_0,C30_EColi659_0
EColi660_0,C95_EColi660_0,C90_EColi660_0,C70_EColi660_0,C50_EColi660_0,C40_EColi660_0,C30_EColi660_0
EColi661_0,C95_EColi661_0,C90_EColi661_0,C70_EColi661_0,C50_EColi661_0,C40_EColi4537_0,C30_EColi5572_0
EColi662_2,C95_EColi662_2,C90_EColi662_2,C70_EColi662_2,C50_EColi2648_2,C40_EColi2648_2,C30_EColi2648_2
EColi663_2,C95_EColi663_2,C90_EColi663_2,C70_EColi663_2,C50_EColi663_2,C40_EColi663_2,C30_EColi342_2
EColi664_1,C95_EColi664_1,C90_EColi664_1,C70_EColi664_1,C50_EColi664_1,C40_EColi2900_2,C30_EColi2505_0
EColi665_1,C95_EColi665_1,C90_EColi665_1,C70_EColi665_1,C50_EColi665_1,C40_EColi2901_2,C30_EColi2901_2
EColi666_1,C95_EColi666_1,C90_EColi666_1,C70_EColi666_1,C50_EColi4538_0,C40_EColi4538_0,C30_EColi4635_0
EColi667_1,C95_EColi667_1,C90_EColi667_1,C70_EColi667_1,C50_EColi667_1,C40_EColi667_1,C30_EColi667_1
EColi668_0,C95_EColi668_0,C90_EColi668_0,C70_EColi668_0,C50_EColi668_0,C40_EColi668_0,C30_EColi4379_0
EColi669_1,C95_EColi669_1,C90_EColi669_1,C70_EColi669_1,C50_EColi669_1,C40_EColi669_1,C30_EColi669_1
EColi670_0,C95_EColi670_0,C90_EColi670_0,C70_EColi670_0,C50_EColi671_0,C40_EColi3142_0,C30_EColi5908_0
EColi671_0,C95_EColi671_0,C90_EColi671_0,C70_EColi671_0,C50_EColi671_0,C40_EColi3142_0,C30_EColi5908_0
EColi672_1,C95_EColi672_1,C90_EColi672_1,C70_EColi672_1,C50_EColi672_1,C40_EColi2902_2,C30_EColi2902_2
EColi673_1,C95_EColi673_1,C90_EColi673_1,C70_EColi673_1,C50_EColi4235_2,C40_EColi3381_1,C30_EColi3381_1
EColi674_0,C95_EColi674_0,C90_EColi674_0,C70_EColi674_0,C50_EColi674_0,C40_EColi674_0,C30_EColi674_0
EColi675_0,C95_EColi675_0,C90_EColi675_0,C70_EColi675_0,C50_EColi675_0,C40_EColi675_0,C30_EColi4558_0
EColi676_1,C95_EColi676_1,C90_EColi676_1,C70_EColi676_1,C50_EColi676_1,C40_EColi5079_0,C30_EColi5079_0
EColi677_2,C95_EColi677_2,C90_EColi677_2,C70_EColi677_2,C50_EColi677_2,C40_EColi677_2,C30_EColi677_2
EColi678_0,C95_EColi678_0,C90_EColi678_0,C70_EColi678_0,C50_EColi678_0,C40_EColi678_0,C30_EColi4694_0
EColi679_2,C95_EColi679_2,C90_EColi679_2,C70_EColi679_2,C50_EColi679_2,C40_EColi679_2,C30_EColi679_2
EColi680_1,C95_EColi680_1,C90_EColi680_1,C70_EColi680_1,C50_EColi680_1,C40_EColi2105_2,C30_EColi2105_2
EColi681_2,C95_EColi681_2,C90_EColi681_2,C70_EColi681_2,C50_EColi681_2,C40_EColi681_2,C30_EColi681_2
EColi682_0,C95_EColi682_0,C90_EColi682_0,C70_EColi682_0,C50_EColi682_0,C40_EColi2693_2,C30_EColi2693_2
EColi683_1,C95_EColi683_1,C90_EColi683_1,C70_EColi683_1,C50_EColi4242_0,C40_EColi4242_0,C30_EColi4242_0
EColi684_0,C95_EColi684_0,C90_EColi684_0,C70_EColi684_0,C50_EColi684_0,C40_EColi3926_0,C30_EColi3926_0
EColi685_0,C95_EColi685_0,C90_EColi685_0,C70_EColi685_0,C50_EColi685_0,C40_EColi685_0,C30_EColi689_1
EColi686_0,C95_EColi686_0,C90_EColi686_0,C70_EColi686_0,C50_EColi686_0,C40_EColi689_1,C30_EColi689_1
EColi687_0,C95_EColi687_0,C90_EColi687_0,C70_EColi687_0,C50_EColi687_0,C40_EColi687_0,C30_EColi689_1
EColi688_1,C95_EColi688_1,C90_EColi688_1,C70_EColi688_1,C50_EColi688_1,C40_EColi688_1,C30_EColi688_1
EColi689_1,C95_EColi689_1,C90_EColi689_1,C70_EColi689_1,C50_EColi689_1,C40_EColi689_1,C30_EColi689_1
EColi690_1,C95_EColi690_1,C90_EColi690_1,C70_EColi690_1,C50_EColi3083_2,C40_EColi3083_2,C30_EColi3083_2
EColi691_1,C95_EColi691_1,C90_EColi691_1,C70_EColi691_1,C50_EColi4253_1,C40_EColi4253_1,C30_EColi1654_0
EColi692_0,C95_EColi692_0,C90_EColi692_0,C70_EColi692_0,C50_EColi692_0,C40_EColi2958_0,C30_EColi4350_0
EColi693_2,C95_EColi693_2,C90_EColi693_2,C70_EColi693_2,C50_EColi693_2,C40_EColi2817_2,C30_EColi2817_2
EColi694_1,C95_EColi694_1,C90_EColi694_1,C70_EColi694_1,C50_EColi6003_1,C40_EColi2503_1,C30_EColi50_2
EColi695_1,C95_EColi695_1,C90_EColi695_1,C70_EColi695_1,C50_EColi4602_1,C40_EColi105_1,C30_EColi105_1
EColi696_2,C95_EColi696_2,C90_EColi696_2,C70_EColi696_2,C50_EColi696_2,C40_EColi696_2,C30_EColi696_2
EColi697_2,C95_EColi697_2,C90_EColi697_2,C70_EColi697_2,C50_EColi697_2,C40_EColi697_2,C30_EColi4534_0
EColi698_0,C95_EColi698_0,C90_EColi698_0,C70_EColi698_0,C50_EColi698_0,C40_EColi5351_0,C30_EColi5351_0
EColi699_2,C95_EColi699_2,C90_EColi699_2,C70_EColi699_2,C50_EColi699_2,C40_EColi716_2,C30_EColi5351_0
EColi6100_1,C95_EColi6100_1,C90_EColi6100_1,C70_EColi6100_1,C50_EColi6100_1,C40_EColi6100_1,C30_EColi3842_2
EColi6101_0,C95_EColi6101_0,C90_EColi6101_0,C70_EColi6101_0,C50_EColi1479_1,C40_EColi1479_1,C30_EColi3867_2
EColi6102_0,C95_EColi6102_0,C90_EColi6102_0,C70_EColi6102_0,C50_EColi6102_0,C40_EColi6102_0,C30_EColi6102_0
EColi6103_1,C95_EColi6103_1,C90_EColi6103_1,C70_EColi6103_1,C50_EColi6103_1,C40_EColi2254_1,C30_EColi2254_1
EColi6104_2,C95_EColi6104_2,C90_EColi6104_2,C70_EColi6104_2,C50_EColi6104_2,C40_EColi6104_2,C30_EColi5584_0
EColi6105_1,C95_EColi6105_1,C90_EColi6105_1,C70_EColi6105_1,C50_EColi6105_1,C40_EColi6105_1,C30_EColi6105_1
EColi6106_1,C95_EColi6106_1,C90_EColi6106_1,C70_EColi6106_1,C50_EColi5738_1,C40_EColi3659_1,C30_EColi3659_1
EColi6107_1,C95_EColi6107_1,C90_EColi6107_1,C70_EColi6107_1,C50_EColi6107_1,C40_EColi6107_1,C30_EColi5463_1
EColi6108_2,C95_EColi6108_2,C90_EColi6108_2,C70_EColi6108_2,C50_EColi6108_2,C40_EColi6108_2,C30_EColi6108_2
EColi6109_2,C95_EColi6109_2,C90_EColi6109_2,C70_EColi6109_2,C50_EColi6109_2,C40_EColi6109_2,C30_EColi4786_1
EColi6110_1,C95_EColi6110_1,C90_EColi6110_1,C70_EColi6110_1,C50_EColi6110_1,C40_EColi2383_0,C30_EColi2383_0
EColi6111_0,C95_EColi6111_0,C90_EColi6111_0,C70_EColi6111_0,C50_EColi6111_0,C40_EColi6111_0,C30_EColi6111_0
EColi6112_0,C95_EColi6112_0,C90_EColi6112_0,C70_EColi6112_0,C50_EColi6112_0,C40_EColi6112_0,C30_EColi6112_0
EColi6113_1,C95_EColi6113_1,C90_EColi6113_1,C70_EColi6113_1,C50_EColi105_1,C40_EColi105_1,C30_EColi105_1
EColi6114_1,C95_EColi6114_1,C90_EColi6114_1,C70_EColi6114_1,C50_EColi6114_1,C40_EColi6114_1,C30_EColi94_2
EColi6115_2,C95_EColi6115_2,C90_EColi6115_2,C70_EColi6115_2,C50_EColi6115_2,C40_EColi4056_2,C30_EColi4056_2
EColi6116_0,C95_EColi6116_0,C90_EColi6116_0,C70_EColi6116_0,C50_EColi6116_0,C40_EColi6116_0,C30_EColi6116_0
EColi6117_1,C95_EColi6117_1,C90_EColi6117_1,C70_EColi6117_1,C50_EColi6117_1,C40_EColi6117_1,C30_EColi3233_1
EColi6118_1,C95_EColi6118_1,C90_EColi6118_1,C70_EColi6118_1,C50_EColi6118_1,C40_EColi6118_1,C30_EColi6118_1
EColi6119_1,C95_EColi6119_1,C90_EColi6119_1,C70_EColi6119_1,C50_EColi6119_1,C40_EColi6119_1,C30_EColi6119_1
EColi6120_1,C95_EColi6120_1,C90_EColi6120_1,C70_EColi6120_1,C50_EColi6120_1,C40_EColi6120_1,C30_EColi1906_0
EColi6121_1,C95_EColi6121_1,C90_EColi6121_1,C70_EColi6121_1,C50_EColi6121_1,C40_EColi6121_1,C30_EColi6121_1
EColi6122_2,C95_EColi6122_2,C90_EColi6122_2,C70_EColi6122_2,C50_EColi6122_2,C40_EColi6122_2,C30_EColi3083_2
EColi6123_1,C95_EColi6123_1,C90_EColi6123_1,C70_EColi6123_1,C50_EColi6123_1,C40_EColi2414_2,C30_EColi2414_2
EColi6124_1,C95_EColi6124_1,C90_EColi6124_1,C70_EColi6124_1,C50_EColi6124_1,C40_EColi6124_1,C30_EColi6124_1
EColi6125_0,C95_EColi6125_0,C90_EColi6125_0,C70_EColi6125_0,C50_EColi6125_0,C40_EColi6125_0,C30_EColi6125_0
EColi6126_0,C95_EColi6126_0,C90_EColi6126_0,C70_EColi6126_0,C50_EColi6126_0,C40_EColi6126_0,C30_EColi6126_0
EColi6127_2,C95_EColi6127_2,C90_EColi6127_2,C70_EColi6127_2,C50_EColi6127_2,C40_EColi6127_2,C30_EColi6127_2
EColi6128_2,C95_EColi6128_2,C90_EColi6128_2,C70_EColi6128_2,C50_EColi6128_2,C40_EColi458_1,C30_EColi3878_1
EColi6129_1,C95_EColi6129_1,C90_EColi6129_1,C70_EColi6129_1,C50_EColi6129_1,C40_EColi86_0,C30_EColi86_0
EColi6130_2,C95_EColi6130_2,C90_EColi6130_2,C70_EColi6130_2,C50_EColi1328_2,C40_EColi1328_2,C30_EColi880_0
EColi6131_0,C95_EColi6131_0,C90_EColi6131_0,C70_EColi6131_0,C50_EColi6131_0,C40_EColi5572_0,C30_EColi5572_0
EColi6132_0,C95_EColi6132_0,C90_EColi6132_0,C70_EColi6132_0,C50_EColi6132_0,C40_EColi6132_0,C30_EColi6132_0
EColi6133_1,C95_EColi6133_1,C90_EColi6133_1,C70_EColi6133_1,C50_EColi6133_1,C40_EColi6133_1,C30_EColi1803_1
EColi6134_0,C95_EColi6134_0,C90_EColi6134_0,C70_EColi6134_0,C50_EColi6134_0,C40_EColi6134_0,C30_EColi1870_2
EColi6135_1,C95_EColi6135_1,C90_EColi6135_1,C70_EColi6135_1,C50_EColi6135_1,C40_EColi6135_1,C30_EColi6135_1
EColi6136_1,C95_EColi6136_1,C90_EColi6136_1,C70_EColi6136_1,C50_EColi6136_1,C40_EColi6136_1,C30_EColi6136_1
EColi6137_0,C95_EColi6137_0,C90_EColi6137_0,C70_EColi6137_0,C50_EColi6137_0,C40_EColi6137_0,C30_EColi6137_0
EColi6138_0,C95_EColi6138_0,C90_EColi6138_0,C70_EColi6138_0,C50_EColi6138_0,C40_EColi6138_0,C30_EColi6138_0
EColi6139_0,C95_EColi6139_0,C90_EColi6139_0,C70_EColi6139_0,C50_EColi6139_0,C40_EColi6014_0,C30_EColi6014_0
EColi6140_0,C95_EColi6140_0,C90_EColi6140_0,C70_EColi6140_0,C50_EColi6140_0,C40_EColi6140_0,C30_EColi6140_0
EColi6141_1,C95_EColi6141_1,C90_EColi6141_1,C70_EColi6141_1,C50_EColi6141_1,C40_EColi6141_1,C30_EColi6141_1
EColi6142_0,C95_EColi6142_0,C90_EColi6142_0,C70_EColi6142_0,C50_EColi6142_0,C40_EColi6142_0,C30_EColi6142_0
EColi6143_0,C95_EColi6143_0,C90_EColi6143_0,C70_EColi6143_0,C50_EColi6143_0,C40_EColi1024_2,C30_EColi1024_2
EColi6144_0,C95_EColi6144_0,C90_EColi6144_0,C70_EColi6144_0,C50_EColi6144_0,C40_EColi6144_0,C30_EColi6144_0
EColi6145_0,C95_EColi6145_0,C90_EColi6145_0,C70_EColi6145_0,C50_EColi6145_0,C40_EColi3151_2,C30_EColi3926_0
EColi6146_0,C95_EColi6146_0,C90_EColi6146_0,C70_EColi6146_0,C50_EColi6146_0,C40_EColi6146_0,C30_EColi6146_0
EColi6147_1,C95_EColi6147_1,C90_EColi6147_1,C70_EColi6147_1,C50_EColi6147_1,C40_EColi1300_2,C30_EColi3254_2
EColi6148_1,C95_EColi6148_1,C90_EColi6148_1,C70_EColi6148_1,C50_EColi6148_1,C40_EColi6148_1,C30_EColi6148_1
EColi6149_2,C95_EColi6149_2,C90_EColi6149_2,C70_EColi6149_2,C50_EColi3026_0,C40_EColi3026_0,C30_EColi3026_0
EColi6150_2,C95_EColi6150_2,C90_EColi6150_2,C70_EColi6150_2,C50_EColi6150_2,C40_EColi6150_2,C30_EColi6150_2
EColi6151_1,C95_EColi6151_1,C90_EColi6151_1,C70_EColi6151_1,C50_EColi6151_1,C40_EColi6151_1,C30_EColi6151_1
EColi6152_1,C95_EColi6152_1,C90_EColi6152_1,C70_EColi6152_1,C50_EColi6152_1,C40_EColi6152_1,C30_EColi4997_0
EColi6153_1,C95_EColi6153_1,C90_EColi6153_1,C70_EColi6153_1,C50_EColi6153_1,C40_EColi6153_1,C30_EColi950_1
EColi6154_1,C95_EColi6154_1,C90_EColi6154_1,C70_EColi6154_1,C50_EColi6154_1,C40_EColi2393_0,C30_EColi2393_0
EColi6155_1,C95_EColi6155_1,C90_EColi6155_1,C70_EColi6155_1,C50_EColi6155_1,C40_EColi6155_1,C30_EColi6155_1
EColi6156_0,C95_EColi6156_0,C90_EColi6156_0,C70_EColi6156_0,C50_EColi6156_0,C40_EColi6156_0,C30_EColi6156_0
EColi6157_1,C95_EColi6157_1,C90_EColi6157_1,C70_EColi6157_1,C50_EColi6157_1,C40_EColi2417_1,C30_EColi2960_1
EColi6158_1,C95_EColi6158_1,C90_EColi6158_1,C70_EColi6158_1,C50_EColi6158_1,C40_EColi6158_1,C30_EColi6158_1
EColi6159_1,C95_EColi6159_1,C90_EColi6159_1,C70_EColi6159_1,C50_EColi6159_1,C40_EColi6159_1,C30_EColi6159_1
EColi6160_1,C95_EColi6160_1,C90_EColi6160_1,C70_EColi6160_1,C50_EColi6160_1,C40_EColi6160_1,C30_EColi6160_1
EColi6161_2,C95_EColi6161_2,C90_EColi6161_2,C70_EColi6161_2,C50_EColi6161_2,C40_EColi6161_2,C30_EColi6161_2
EColi6162_1,C95_EColi6162_1,C90_EColi6162_1,C70_EColi6162_1,C50_EColi6162_1,C40_EColi6162_1,C30_EColi6162_1
EColi6163_0,C95_EColi6163_0,C90_EColi6163_0,C70_EColi6163_0,C50_EColi6163_0,C40_EColi892_1,C30_EColi6163_0
EColi6164_1,C95_EColi6164_1,C90_EColi6164_1,C70_EColi6164_1,C50_EColi5995_1,C40_EColi5995_1,C30_EColi674_0
EColi6165_2,C95_EColi6165_2,C90_EColi6165_2,C70_EColi6165_2,C50_EColi69_1,C40_EColi69_1,C30_EColi69_1
EColi6166_2,C95_EColi6166_2,C90_EColi6166_2,C70_EColi6166_2,C50_EColi6166_2,C40_EColi6166_2,C30_EColi6166_2
EColi6167_1,C95_EColi6167_1,C90_EColi6167_1,C70_EColi6167_1,C50_EColi6167_1,C40_EColi6167_1,C30_EColi6167_1
EColi6168_1,C95_EColi6168_1,C90_EColi6168_1,C70_EColi6168_1,C50_EColi6168_1,C40_EColi6168_1,C30_EColi6168_1
EColi6169_1,C95_EColi6169_1,C90_EColi6169_1,C70_EColi6169_1,C50_EColi6169_1,C40_EColi6169_1,C30_EColi5253_1
EColi6170_0,C95_EColi6170_0,C90_EColi6170_0,C70_EColi6170_0,C50_EColi1193_1,C40_EColi1193_1,C30_EColi6064_0
EColi6171_0,C95_EColi6171_0,C90_EColi6171_0,C70_EColi6171_0,C50_EColi2594_0,C40_EColi2594_0,C30_EColi2594_0
EColi6172_0,C95_EColi6172_0,C90_EColi6172_0,C70_EColi6172_0,C50_EColi6172_0,C40_EColi6172_0,C30_EColi6172_0
EColi6173_0,C95_EColi6173_0,C90_EColi6173_0,C70_EColi6173_0,C50_EColi6173_0,C40_EColi6173_0,C30_EColi6173_0
EColi6174_1,C95_EColi6174_1,C90_EColi6174_1,C70_EColi6174_1,C50_EColi6174_1,C40_EColi2276_0,C30_EColi2276_0
EColi6175_0,C95_EColi6175_0,C90_EColi6175_0,C70_EColi6175_0,C50_EColi6175_0,C40_EColi6175_0,C30_EColi6175_0
EColi6176_0,C95_EColi6176_0,C90_EColi6176_0,C70_EColi6176_0,C50_EColi6176_0,C40_EColi6176_0,C30_EColi6176_0
EColi6177_0,C95_EColi6177_0,C90_EColi6177_0,C70_EColi6177_0,C50_EColi6177_0,C40_EColi6177_0,C30_EColi6177_0
EColi6178_1,C95_EColi6178_1,C90_EColi6178_1,C70_EColi6178_1,C50_EColi6178_1,C40_EColi6178_1,C30_EColi6178_1
EColi6179_2,C95_EColi6179_2,C90_EColi6179_2,C70_EColi6179_2,C50_EColi6179_2,C40_EColi6179_2,C30_EColi6179_2
EColi6180_1,C95_EColi6180_1,C90_EColi6180_1,C70_EColi6180_1,C50_EColi6180_1,C40_EColi6180_1,C30_EColi6340_1
EColi6181_2,C95_EColi6181_2,C90_EColi6181_2,C70_EColi6181_2,C50_EColi6181_2,C40_EColi6181_2,C30_EColi3004_0
EColi6182_1,C95_EColi6182_1,C90_EColi6182_1,C70_EColi6182_1,C50_EColi6182_1,C40_EColi6182_1,C30_EColi5078_0
EColi6183_1,C95_EColi6183_1,C90_EColi6183_1,C70_EColi6183_1,C50_EColi6183_1,C40_EColi2251_1,C30_EColi598_1
EColi6184_1,C95_EColi6184_1,C90_EColi6184_1,C70_EColi6184_1,C50_EColi6184_1,C40_EColi6184_1,C30_EColi876_1
EColi6185_1,C95_EColi6185_1,C90_EColi6185_1,C70_EColi6185_1,C50_EColi6185_1,C40_EColi738_1,C30_EColi738_1
EColi6186_1,C95_EColi6186_1,C90_EColi6186_1,C70_EColi6186_1,C50_EColi6186_1,C40_EColi678_0,C30_EColi4694_0
EColi6187_1,C95_EColi6187_1,C90_EColi6187_1,C70_EColi6187_1,C50_EColi6187_1,C40_EColi2497_0,C30_EColi46_2
EColi6188_0,C95_EColi6188_0,C90_EColi6188_0,C70_EColi6188_0,C50_EColi6188_0,C40_EColi6188_0,C30_EColi6188_0
EColi6189_1,C95_EColi6189_1,C90_EColi6189_1,C70_EColi6189_1,C50_EColi6189_1,C40_EColi6189_1,C30_EColi6189_1
EColi6190_2,C95_EColi6190_2,C90_EColi6190_2,C70_EColi6190_2,C50_EColi6190_2,C40_EColi6190_2,C30_EColi6190_2
EColi6191_1,C95_EColi6191_1,C90_EColi6191_1,C70_EColi6191_1,C50_EColi6191_1,C40_EColi33_0,C30_EColi33_0
EColi6192_1,C95_EColi6192_1,C90_EColi6192_1,C70_EColi6192_1,C50_EColi6192_1,C40_EColi6192_1,C30_EColi635_0
EColi6193_1,C95_EColi6193_1,C90_EColi6193_1,C70_EColi6193_1,C50_EColi6193_1,C40_EColi6193_1,C30_EColi6193_1
EColi6194_1,C95_EColi6194_1,C90_EColi6194_1,C70_EColi6194_1,C50_EColi6194_1,C40_EColi6194_1,C30_EColi6194_1
EColi6195_0,C95_EColi6195_0,C90_EColi6195_0,C70_EColi6195_0,C50_EColi6195_0,C40_EColi6195_0,C30_EColi6195_0
EColi6196_0,C95_EColi6196_0,C90_EColi6196_0,C70_EColi6196_0,C50_EColi6196_0,C40_EColi6196_0,C30_EColi6196_0
EColi6197_1,C95_EColi6197_1,C90_EColi6197_1,C70_EColi6197_1,C50_EColi6197_1,C40_EColi6197_1,C30_EColi6197_1
EColi6198_0,C95_EColi6198_0,C90_EColi6198_0,C70_EColi6198_0,C50_EColi6198_0,C40_EColi3451_1,C30_EColi6198_0
EColi6199_0,C95_EColi6199_0,C90_EColi6199_0,C70_EColi6199_0,C50_EColi6199_0,C40_EColi6199_0,C30_EColi5393_0
EColi6300_1,C95_EColi6300_1,C90_EColi6300_1,C70_EColi6300_1,C50_EColi6300_1,C40_EColi4610_2,C30_EColi1650_1
EColi6301_1,C95_EColi6301_1,C90_EColi6301_1,C70_EColi6301_1,C50_EColi6301_1,C40_EColi6301_1,C30_EColi4540_2
EColi6302_1,C95_EColi6302_1,C90_EColi6302_1,C70_EColi6302_1,C50_EColi6302_1,C40_EColi6302_1,C30_EColi6302_1
EColi6303_1,C95_EColi6303_1,C90_EColi6303_1,C70_EColi6303_1,C50_EColi6303_1,C40_EColi6303_1,C30_EColi6303_1
EColi6304_1,C95_EColi6304_1,C90_EColi6304_1,C70_EColi6304_1,C50_EColi6304_1,C40_EColi6304_1,C30_EColi5893_2
EColi6305_0,C95_EColi6305_0,C90_EColi6305_0,C70_EColi6305_0,C50_EColi6305_0,C40_EColi5693_1,C30_EColi5693_1
EColi6306_1,C95_EColi6306_1,C90_EColi6306_1,C70_EColi6306_1,C50_EColi6306_1,C40_EColi3466_2,C30_EColi3466_2
EColi6307_1,C95_EColi6307_1,C90_EColi6307_1,C70_EColi6307_1,C50_EColi6307_1,C40_EColi6307_1,C30_EColi6307_1
EColi6308_1,C95_EColi6308_1,C90_EColi6308_1,C70_EColi6308_1,C50_EColi2963_1,C40_EColi2963_1,C30_EColi3750_2
EColi6309_1,C95_EColi6309_1,C90_EColi6309_1,C70_EColi6309_1,C50_EColi6309_1,C40_EColi6309_1,C30_EColi4882_2
EColi6310_1,C95_EColi6310_1,C90_EColi6310_1,C70_EColi6310_1,C50_EColi6310_1,C40_EColi6310_1,C30_EColi6310_1
EColi6311_2,C95_EColi6311_2,C90_EColi6311_2,C70_EColi6311_2,C50_EColi6311_2,C40_EColi6311_2,C30_EColi5780_2
EColi6312_1,C95_EColi6312_1,C90_EColi6312_1,C70_EColi6312_1,C50_EColi6312_1,C40_EColi6312_1,C30_EColi6312_1
EColi6313_1,C95_EColi6313_1,C90_EColi6313_1,C70_EColi6313_1,C50_EColi6313_1,C40_EColi6284_1,C30_EColi1071_1
EColi6314_1,C95_EColi6314_1,C90_EColi6314_1,C70_EColi6314_1,C50_EColi6314_1,C40_EColi6314_1,C30_EColi6314_1
EColi6315_1,C95_EColi6315_1,C90_EColi6315_1,C70_EColi6315_1,C50_EColi6151_1,C40_EColi6151_1,C30_EColi6151_1
EColi6316_1,C95_EColi6316_1,C90_EColi6316_1,C70_EColi6316_1,C50_EColi6316_1,C40_EColi6316_1,C30_EColi6316_1
EColi6317_1,C95_EColi6317_1,C90_EColi6317_1,C70_EColi6317_1,C50_EColi6296_1,C40_EColi6296_1,C30_EColi6296_1
EColi6318_1,C95_EColi6318_1,C90_EColi6318_1,C70_EColi6318_1,C50_EColi6318_1,C40_EColi6318_1,C30_EColi6318_1
EColi6319_1,C95_EColi6319_1,C90_EColi6319_1,C70_EColi6319_1,C50_EColi6319_1,C40_EColi6319_1,C30_EColi6319_1
EColi6320_1,C95_EColi6320_1,C90_EColi6320_1,C70_EColi6320_1,C50_EColi6320_1,C40_EColi232_0,C30_EColi1236_2
EColi6321_1,C95_EColi6321_1,C90_EColi6321_1,C70_EColi6321_1,C50_EColi6321_1,C40_EColi6321_1,C30_EColi6321_1
EColi6322_1,C95_EColi6322_1,C90_EColi6322_1,C70_EColi6322_1,C50_EColi6322_1,C40_EColi6322_1,C30_EColi4766_2
EColi6323_1,C95_EColi6323_1,C90_EColi6323_1,C70_EColi6323_1,C50_EColi6323_1,C40_EColi3757_0,C30_EColi3757_0
EColi6324_1,C95_EColi6324_1,C90_EColi6324_1,C70_EColi6324_1,C50_EColi6324_1,C40_EColi6324_1,C30_EColi6324_1
EColi6325_1,C95_EColi6325_1,C90_EColi6325_1,C70_EColi6325_1,C50_EColi4551_2,C40_EColi4551_2,C30_EColi4551_2
EColi6326_1,C95_EColi6326_1,C90_EColi6326_1,C70_EColi6326_1,C50_EColi6326_1,C40_EColi5504_0,C30_EColi5504_0
EColi6327_1,C95_EColi6327_1,C90_EColi6327_1,C70_EColi6327_1,C50_EColi6327_1,C40_EColi6327_1,C30_EColi6021_2
EColi6328_1,C95_EColi6328_1,C90_EColi6328_1,C70_EColi6328_1,C50_EColi6328_1,C40_EColi6328_1,C30_EColi6328_1
EColi6329_1,C95_EColi6329_1,C90_EColi6329_1,C70_EColi6329_1,C50_EColi4793_2,C40_EColi4793_2,C30_EColi4793_2
EColi6330_2,C95_EColi6330_2,C90_EColi6330_2,C70_EColi6330_2,C50_EColi4284_1,C40_EColi4284_1,C30_EColi6002_1
EColi6331_0,C95_EColi6331_0,C90_EColi6331_0,C70_EColi6331_0,C50_EColi6331_0,C40_EColi5397_1,C30_EColi5397_1
EColi6332_1,C95_EColi6332_1,C90_EColi6332_1,C70_EColi6332_1,C50_EColi6332_1,C40_EColi6332_1,C30_EColi6332_1
EColi6333_1,C95_EColi6333_1,C90_EColi6333_1,C70_EColi6333_1,C50_EColi6333_1,C40_EColi6333_1,C30_EColi6333_1
EColi6334_1,C95_EColi6334_1,C90_EColi6334_1,C70_EColi6334_1,C50_EColi4247_0,C40_EColi2642_1,C30_EColi2642_1
EColi6335_1,C95_EColi6335_1,C90_EColi6335_1,C70_EColi6335_1,C50_EColi6335_1,C40_EColi6335_1,C30_EColi6335_1
EColi6336_1,C95_EColi6336_1,C90_EColi6336_1,C70_EColi6336_1,C50_EColi6336_1,C40_EColi6336_1,C30_EColi5295_1
EColi6337_1,C95_EColi6337_1,C90_EColi6337_1,C70_EColi6337_1,C50_EColi6337_1,C40_EColi6337_1,C30_EColi1367_0
EColi6338_1,C95_EColi6338_1,C90_EColi6338_1,C70_EColi6338_1,C50_EColi6338_1,C40_EColi6338_1,C30_EColi6338_1
EColi6339_1,C95_EColi6339_1,C90_EColi6339_1,C70_EColi6339_1,C50_EColi6339_1,C40_EColi6339_1,C30_EColi6339_1
EColi6340_1,C95_EColi6340_1,C90_EColi6340_1,C70_EColi6340_1,C50_EColi6340_1,C40_EColi6340_1,C30_EColi6340_1
EColi6341_0,C95_EColi6341_0,C90_EColi6341_0,C70_EColi6341_0,C50_EColi6341_0,C40_EColi6341_0,C30_EColi6341_0
EColi6342_1,C95_EColi6342_1,C90_EColi6342_1,C70_EColi6342_1,C50_EColi6342_1,C40_EColi6342_1,C30_EColi6342_1
EColi6343_1,C95_EColi6343_1,C90_EColi6343_1,C70_EColi6343_1,C50_EColi6343_1,C40_EColi6343_1,C30_EColi3360_1
EColi6344_1,C95_EColi6344_1,C90_EColi6344_1,C70_EColi6344_1,C50_EColi6344_1,C40_EColi6344_1,C30_EColi4508_2
EColi6345_1,C95_EColi6345_1,C90_EColi6345_1,C70_EColi6345_1,C50_EColi6345_1,C40_EColi6345_1,C30_EColi6345_1
EColi6346_1,C95_EColi6346_1,C90_EColi6346_1,C70_EColi6346_1,C50_EColi6346_1,C40_EColi6346_1,C30_EColi6346_1
EColi6347_1,C95_EColi6347_1,C90_EColi6347_1,C70_EColi6347_1,C50_EColi6347_1,C40_EColi294_0,C30_EColi1746_2
EColi200_0,C95_EColi200_0,C90_EColi200_0,C70_EColi200_0,C50_EColi200_0,C40_EColi200_0,C30_EColi2901_2
EColi201_0,C95_EColi201_0,C90_EColi201_0,C70_EColi201_0,C50_EColi201_0,C40_EColi203_1,C30_EColi60_1
EColi202_0,C95_EColi202_0,C90_EColi202_0,C70_EColi202_0,C50_EColi202_0,C40_EColi202_0,C30_EColi4635_0
EColi203_1,C95_EColi203_1,C90_EColi203_1,C70_EColi203_1,C50_EColi203_1,C40_EColi203_1,C30_EColi60_1
EColi204_1,C95_EColi204_1,C90_EColi204_1,C70_EColi204_1,C50_EColi204_1,C40_EColi204_1,C30_EColi204_1
EColi205_0,C95_EColi205_0,C90_EColi205_0,C70_EColi205_0,C50_EColi205_0,C40_EColi205_0,C30_EColi205_0
EColi206_1,C95_EColi206_1,C90_EColi206_1,C70_EColi206_1,C50_EColi206_1,C40_EColi6264_2,C30_EColi6176_0
EColi207_0,C95_EColi207_0,C90_EColi207_0,C70_EColi207_0,C50_EColi207_0,C40_EColi207_0,C30_EColi207_0
EColi208_1,C95_EColi208_1,C90_EColi208_1,C70_EColi208_1,C50_EColi208_1,C40_EColi208_1,C30_EColi4496_0
EColi209_2,C95_EColi209_2,C90_EColi209_2,C70_EColi209_2,C50_EColi209_2,C40_EColi209_2,C30_EColi209_2
EColi210_2,C95_EColi210_2,C90_EColi210_2,C70_EColi210_2,C50_EColi210_2,C40_EColi4093_1,C30_EColi2630_0
EColi211_0,C95_EColi211_0,C90_EColi211_0,C70_EColi211_0,C50_EColi211_0,C40_EColi211_0,C30_EColi211_0
EColi212_2,C95_EColi212_2,C90_EColi212_2,C70_EColi212_2,C50_EColi212_2,C40_EColi212_2,C30_EColi3381_1
EColi213_0,C95_EColi213_0,C90_EColi213_0,C70_EColi213_0,C50_EColi213_0,C40_EColi213_0,C30_EColi5566_0
EColi214_1,C95_EColi214_1,C90_EColi214_1,C70_EColi214_1,C50_EColi214_1,C40_EColi214_1,C30_EColi214_1
EColi215_0,C95_EColi215_0,C90_EColi215_0,C70_EColi215_0,C50_EColi215_0,C40_EColi215_0,C30_EColi5631_0
EColi216_2,C95_EColi216_2,C90_EColi216_2,C70_EColi216_2,C50_EColi216_2,C40_EColi216_2,C30_EColi216_2
EColi217_1,C95_EColi217_1,C90_EColi217_1,C70_EColi217_1,C50_EColi217_1,C40_EColi217_1,C30_EColi217_1
EColi218_0,C95_EColi218_0,C90_EColi218_0,C70_EColi218_0,C50_EColi218_0,C40_EColi218_0,C30_EColi218_0
EColi219_2,C95_EColi219_2,C90_EColi219_2,C70_EColi219_2,C50_EColi219_2,C40_EColi219_2,C30_EColi219_2
EColi220_1,C95_EColi220_1,C90_EColi220_1,C70_EColi220_1,C50_EColi220_1,C40_EColi220_1,C30_EColi3578_1
EColi221_2,C95_EColi221_2,C90_EColi221_2,C70_EColi221_2,C50_EColi221_2,C40_EColi1775_1,C30_EColi5043_0
EColi222_0,C95_EColi222_0,C90_EColi222_0,C70_EColi222_0,C50_EColi222_0,C40_EColi222_0,C30_EColi222_0
EColi223_0,C95_EColi223_0,C90_EColi223_0,C70_EColi223_0,C50_EColi223_0,C40_EColi223_0,C30_EColi223_0
EColi224_2,C95_EColi224_2,C90_EColi224_2,C70_EColi224_2,C50_EColi224_2,C40_EColi6028_1,C30_EColi6028_1
EColi225_1,C95_EColi225_1,C90_EColi225_1,C70_EColi225_1,C50_EColi225_1,C40_EColi225_1,C30_EColi5947_0
EColi226_0,C95_EColi226_0,C90_EColi226_0,C70_EColi226_0,C50_EColi226_0,C40_EColi226_0,C30_EColi2113_1
EColi227_0,C95_EColi227_0,C90_EColi227_0,C70_EColi227_0,C50_EColi227_0,C40_EColi227_0,C30_EColi330_1
EColi228_2,C95_EColi228_2,C90_EColi228_2,C70_EColi228_2,C50_EColi228_2,C40_EColi228_2,C30_EColi4930_1
EColi229_1,C95_EColi229_1,C90_EColi229_1,C70_EColi229_1,C50_EColi229_1,C40_EColi229_1,C30_EColi229_1
EColi230_1,C95_EColi230_1,C90_EColi230_1,C70_EColi230_1,C50_EColi230_1,C40_EColi230_1,C30_EColi230_1
EColi231_2,C95_EColi231_2,C90_EColi231_2,C70_EColi231_2,C50_EColi231_2,C40_EColi231_2,C30_EColi231_2
EColi232_0,C95_EColi232_0,C90_EColi232_0,C70_EColi232_0,C50_EColi232_0,C40_EColi232_0,C30_EColi1236_2
EColi233_0,C95_EColi233_0,C90_EColi233_0,C70_EColi233_0,C50_EColi233_0,C40_EColi5613_2,C30_EColi5613_2
EColi234_2,C95_EColi234_2,C90_EColi234_2,C70_EColi234_2,C50_EColi234_2,C40_EColi234_2,C30_EColi234_2
EColi235_1,C95_EColi235_1,C90_EColi235_1,C70_EColi235_1,C50_EColi235_1,C40_EColi2584_2,C30_EColi2584_2
EColi236_2,C95_EColi236_2,C90_EColi236_2,C70_EColi236_2,C50_EColi236_2,C40_EColi2883_2,C30_EColi2883_2
EColi237_0,C95_EColi237_0,C90_EColi237_0,C70_EColi237_0,C50_EColi237_0,C40_EColi237_0,C30_EColi237_0
EColi238_1,C95_EColi238_1,C90_EColi238_1,C70_EColi238_1,C50_EColi238_1,C40_EColi238_1,C30_EColi238_1
EColi239_0,C95_EColi239_0,C90_EColi239_0,C70_EColi239_0,C50_EColi239_0,C40_EColi239_0,C30_EColi239_0
EColi240_0,C95_EColi240_0,C90_EColi240_0,C70_EColi240_0,C50_EColi240_0,C40_EColi240_0,C30_EColi240_0
EColi241_0,C95_EColi241_0,C90_EColi241_0,C70_EColi241_0,C50_EColi241_0,C40_EColi241_0,C30_EColi241_0
EColi242_1,C95_EColi242_1,C90_EColi242_1,C70_EColi242_1,C50_EColi242_1,C40_EColi242_1,C30_EColi1469_2
EColi243_0,C95_EColi243_0,C90_EColi243_0,C70_EColi243_0,C50_EColi243_0,C40_EColi243_0,C30_EColi243_0
EColi244_1,C95_EColi244_1,C90_EColi244_1,C70_EColi244_1,C50_EColi244_1,C40_EColi244_1,C30_EColi244_1
EColi245_1,C95_EColi245_1,C90_EColi245_1,C70_EColi245_1,C50_EColi245_1,C40_EColi245_1,C30_EColi245_1
EColi246_1,C95_EColi246_1,C90_EColi246_1,C70_EColi246_1,C50_EColi246_1,C40_EColi246_1,C30_EColi246_1
EColi247_0,C95_EColi247_0,C90_EColi247_0,C70_EColi247_0,C50_EColi247_0,C40_EColi247_0,C30_EColi247_0
EColi248_0,C95_EColi248_0,C90_EColi248_0,C70_EColi248_0,C50_EColi248_0,C40_EColi248_0,C30_EColi3698_0
EColi249_1,C95_EColi249_1,C90_EColi249_1,C70_EColi249_1,C50_EColi249_1,C40_EColi249_1,C30_EColi249_1
EColi250_1,C95_EColi250_1,C90_EColi250_1,C70_EColi250_1,C50_EColi250_1,C40_EColi250_1,C30_EColi231_2
EColi251_0,C95_EColi251_0,C90_EColi251_0,C70_EColi251_0,C50_EColi251_0,C40_EColi251_0,C30_EColi251_0
EColi252_1,C95_EColi252_1,C90_EColi252_1,C70_EColi252_1,C50_EColi252_1,C40_EColi252_1,C30_EColi5482_2
EColi253_1,C95_EColi253_1,C90_EColi253_1,C70_EColi253_1,C50_EColi253_1,C40_EColi253_1,C30_EColi253_1
EColi254_2,C95_EColi254_2,C90_EColi254_2,C70_EColi254_2,C50_EColi254_2,C40_EColi254_2,C30_EColi3685_1
EColi255_2,C95_EColi255_2,C90_EColi255_2,C70_EColi255_2,C50_EColi255_2,C40_EColi255_2,C30_EColi5618_1
EColi256_0,C95_EColi256_0,C90_EColi256_0,C70_EColi256_0,C50_EColi256_0,C40_EColi256_0,C30_EColi5893_2
EColi257_0,C95_EColi257_0,C90_EColi257_0,C70_EColi257_0,C50_EColi257_0,C40_EColi257_0,C30_EColi257_0
EColi258_2,C95_EColi258_2,C90_EColi258_2,C70_EColi258_2,C50_EColi258_2,C40_EColi258_2,C30_EColi660_0
EColi259_2,C95_EColi259_2,C90_EColi259_2,C70_EColi259_2,C50_EColi259_2,C40_EColi259_2,C30_EColi259_2
EColi260_2,C95_EColi260_2,C90_EColi260_2,C70_EColi260_2,C50_EColi260_2,C40_EColi260_2,C30_EColi260_2
EColi261_2,C95_EColi261_2,C90_EColi261_2,C70_EColi261_2,C50_EColi261_2,C40_EColi261_2,C30_EColi261_2
EColi262_1,C95_EColi262_1,C90_EColi262_1,C70_EColi262_1,C50_EColi262_1,C40_EColi262_1,C30_EColi262_1
EColi263_1,C95_EColi263_1,C90_EColi263_1,C70_EColi263_1,C50_EColi263_1,C40_EColi263_1,C30_EColi263_1
EColi264_1,C95_EColi264_1,C90_EColi264_1,C70_EColi264_1,C50_EColi264_1,C40_EColi264_1,C30_EColi318_1
EColi265_1,C95_EColi265_1,C90_EColi265_1,C70_EColi2910_1,C50_EColi4289_0,C40_EColi4289_0,C30_EColi5130_2
EColi266_0,C95_EColi266_0,C90_EColi266_0,C70_EColi266_0,C50_EColi266_0,C40_EColi267_0,C30_EColi4837_0
EColi267_0,C95_EColi267_0,C90_EColi267_0,C70_EColi267_0,C50_EColi267_0,C40_EColi267_0,C30_EColi267_0
EColi268_0,C95_EColi268_0,C90_EColi268_0,C70_EColi268_0,C50_EColi268_0,C40_EColi268_0,C30_EColi268_0
EColi269_1,C95_EColi269_1,C90_EColi269_1,C70_EColi269_1,C50_EColi269_1,C40_EColi269_1,C30_EColi269_1
EColi270_1,C95_EColi270_1,C90_EColi270_1,C70_EColi270_1,C50_EColi270_1,C40_EColi270_1,C30_EColi6159_1
EColi271_1,C95_EColi271_1,C90_EColi271_1,C70_EColi271_1,C50_EColi271_1,C40_EColi271_1,C30_EColi271_1
EColi272_0,C95_EColi272_0,C90_EColi272_0,C70_EColi272_0,C50_EColi272_0,C40_EColi272_0,C30_EColi5908_0
EColi273_1,C95_EColi273_1,C90_EColi273_1,C70_EColi273_1,C50_EColi273_1,C40_EColi273_1,C30_EColi3381_1
EColi274_1,C95_EColi274_1,C90_EColi274_1,C70_EColi274_1,C50_EColi274_1,C40_EColi274_1,C30_EColi274_1
EColi275_0,C95_EColi275_0,C90_EColi275_0,C70_EColi275_0,C50_EColi275_0,C40_EColi275_0,C30_EColi2918_0
EColi276_1,C95_EColi276_1,C90_EColi276_1,C70_EColi276_1,C50_EColi276_1,C40_EColi3907_1,C30_EColi2608_0
EColi277_2,C95_EColi277_2,C90_EColi277_2,C70_EColi277_2,C50_EColi277_2,C40_EColi277_2,C30_EColi5562_0
EColi278_1,C95_EColi278_1,C90_EColi278_1,C70_EColi278_1,C50_EColi278_1,C40_EColi278_1,C30_EColi278_1
EColi279_2,C95_EColi279_2,C90_EColi279_2,C70_EColi279_2,C50_EColi279_2,C40_EColi279_2,C30_EColi279_2
EColi280_0,C95_EColi280_0,C90_EColi280_0,C70_EColi280_0,C50_EColi280_0,C40_EColi280_0,C30_EColi280_0
EColi281_1,C95_EColi281_1,C90_EColi281_1,C70_EColi281_1,C50_EColi281_1,C40_EColi281_1,C30_EColi281_1
EColi282_1,C95_EColi282_1,C90_EColi282_1,C70_EColi282_1,C50_EColi282_1,C40_EColi282_1,C30_EColi282_1
EColi283_2,C95_EColi283_2,C90_EColi283_2,C70_EColi283_2,C50_EColi283_2,C40_EColi283_2,C30_EColi4912_1
EColi284_1,C95_EColi284_1,C90_EColi284_1,C70_EColi284_1,C50_EColi284_1,C40_EColi284_1,C30_EColi284_1
EColi285_2,C95_EColi285_2,C90_EColi285_2,C70_EColi285_2,C50_EColi478_2,C40_EColi478_2,C30_EColi4766_2
EColi286_1,C95_EColi286_1,C90_EColi286_1,C70_EColi286_1,C50_EColi2966_1,C40_EColi2219_2,C30_EColi2219_2
EColi287_0,C95_EColi287_0,C90_EColi287_0,C70_EColi287_0,C50_EColi287_0,C40_EColi287_0,C30_EColi287_0
EColi288_2,C95_EColi288_2,C90_EColi288_2,C70_EColi288_2,C50_EColi288_2,C40_EColi288_2,C30_EColi2787_0
EColi289_0,C95_EColi289_0,C90_EColi289_0,C70_EColi289_0,C50_EColi289_0,C40_EColi289_0,C30_EColi289_0
EColi290_0,C95_EColi290_0,C90_EColi290_0,C70_EColi290_0,C50_EColi290_0,C40_EColi290_0,C30_EColi290_0
EColi291_0,C95_EColi291_0,C90_EColi291_0,C70_EColi291_0,C50_EColi291_0,C40_EColi291_0,C30_EColi382_0
EColi292_2,C95_EColi292_2,C90_EColi292_2,C70_EColi292_2,C50_EColi292_2,C40_EColi292_2,C30_EColi292_2
EColi293_2,C95_EColi293_2,C90_EColi293_2,C70_EColi293_2,C50_EColi293_2,C40_EColi293_2,C30_EColi293_2
EColi294_0,C95_EColi294_0,C90_EColi294_0,C70_EColi294_0,C50_EColi294_0,C40_EColi294_0,C30_EColi1746_2
EColi295_0,C95_EColi295_0,C90_EColi295_0,C70_EColi295_0,C50_EColi295_0,C40_EColi289_0,C30_EColi289_0
EColi296_1,C95_EColi296_1,C90_EColi296_1,C70_EColi296_1,C50_EColi296_1,C40_EColi963_0,C30_EColi296_1
EColi297_0,C95_EColi297_0,C90_EColi297_0,C70_EColi297_0,C50_EColi297_0,C40_EColi289_0,C30_EColi289_0
EColi298_1,C95_EColi298_1,C90_EColi298_1,C70_EColi298_1,C50_EColi298_1,C40_EColi298_1,C30_EColi5855_0
EColi299_2,C95_EColi299_2,C90_EColi299_2,C70_EColi299_2,C50_EColi299_2,C40_EColi1319_0,C30_EColi4434_2
EColi3200_2,C95_EColi3200_2,C90_EColi3200_2,C70_EColi3200_2,C50_EColi1375_0,C40_EColi1375_0,C30_EColi1375_0
EColi3201_2,C95_EColi3201_2,C90_EColi3201_2,C70_EColi3201_2,C50_EColi3201_2,C40_EColi3201_2,C30_EColi3201_2
EColi3202_2,C95_EColi3202_2,C90_EColi3202_2,C70_EColi3202_2,C50_EColi2668_0,C40_EColi2668_0,C30_EColi5594_0
EColi3203_2,C95_EColi3203_2,C90_EColi3203_2,C70_EColi3203_2,C50_EColi3203_2,C40_EColi3203_2,C30_EColi3203_2
EColi3204_0,C95_EColi3204_0,C90_EColi3204_0,C70_EColi3204_0,C50_EColi3204_0,C40_EColi3204_0,C30_EColi3204_0
EColi3205_2,C95_EColi3205_2,C90_EColi3205_2,C70_EColi3205_2,C50_EColi3205_2,C40_EColi3205_2,C30_EColi2715_0
EColi3206_2,C95_EColi3206_2,C90_EColi3206_2,C70_EColi3206_2,C50_EColi3206_2,C40_EColi3206_2,C30_EColi3206_2
EColi3207_0,C95_EColi3207_0,C90_EColi3207_0,C70_EColi3207_0,C50_EColi3207_0,C40_EColi3207_0,C30_EColi3207_0
EColi3208_2,C95_EColi3208_2,C90_EColi3208_2,C70_EColi3208_2,C50_EColi3208_2,C40_EColi3208_2,C30_EColi3208_2
EColi3209_0,C95_EColi3209_0,C90_EColi3209_0,C70_EColi3209_0,C50_EColi3209_0,C40_EColi5951_1,C30_EColi1672_0
EColi3210_1,C95_EColi3210_1,C90_EColi3210_1,C70_EColi3210_1,C50_EColi3210_1,C40_EColi3210_1,C30_EColi3210_1
EColi3211_2,C95_EColi3211_2,C90_EColi3211_2,C70_EColi3211_2,C50_EColi3211_2,C40_EColi3211_2,C30_EColi3211_2
EColi3212_2,C95_EColi3212_2,C90_EColi3212_2,C70_EColi3212_2,C50_EColi3212_2,C40_EColi3212_2,C30_EColi3212_2
EColi3213_1,C95_EColi3213_1,C90_EColi3213_1,C70_EColi3213_1,C50_EColi3213_1,C40_EColi3213_1,C30_EColi2002_0
EColi3214_0,C95_EColi3214_0,C90_EColi3214_0,C70_EColi3214_0,C50_EColi4006_0,C40_EColi1446_0,C30_EColi1446_0
EColi3215_1,C95_EColi3215_1,C90_EColi3215_1,C70_EColi3215_1,C50_EColi3215_1,C40_EColi2717_0,C30_EColi2717_0
EColi3216_1,C95_EColi3216_1,C90_EColi3216_1,C70_EColi3216_1,C50_EColi2305_2,C40_EColi2305_2,C30_EColi2305_2
EColi3217_1,C95_EColi3217_1,C90_EColi3217_1,C70_EColi3217_1,C50_EColi3217_1,C40_EColi3217_1,C30_EColi3345_0
EColi3218_1,C95_EColi3218_1,C90_EColi3218_1,C70_EColi3218_1,C50_EColi3433_1,C40_EColi3433_1,C30_EColi3433_1
EColi3219_1,C95_EColi3219_1,C90_EColi3219_1,C70_EColi3219_1,C50_EColi3219_1,C40_EColi3219_1,C30_EColi3219_1
EColi3220_0,C95_EColi3220_0,C90_EColi3220_0,C70_EColi3220_0,C50_EColi3220_0,C40_EColi3220_0,C30_EColi3220_0
EColi3221_1,C95_EColi3221_1,C90_EColi3221_1,C70_EColi3221_1,C50_EColi4194_1,C40_EColi4194_1,C30_EColi1061_1
EColi3222_1,C95_EColi3222_1,C90_EColi3222_1,C70_EColi3222_1,C50_EColi3222_1,C40_EColi3222_1,C30_EColi4908_1
EColi3223_1,C95_EColi3223_1,C90_EColi3223_1,C70_EColi3223_1,C50_EColi3223_1,C40_EColi3223_1,C30_EColi3003_1
EColi3224_0,C95_EColi3224_0,C90_EColi3224_0,C70_EColi3224_0,C50_EColi3224_0,C40_EColi5567_0,C30_EColi5567_0
EColi3225_1,C95_EColi3225_1,C90_EColi3225_1,C70_EColi3225_1,C50_EColi3005_2,C40_EColi3005_2,C30_EColi3005_2
EColi3226_1,C95_EColi3226_1,C90_EColi3226_1,C70_EColi3226_1,C50_EColi3226_1,C40_EColi3226_1,C30_EColi5006_0
EColi3227_0,C95_EColi3227_0,C90_EColi3227_0,C70_EColi3227_0,C50_EColi3227_0,C40_EColi3227_0,C30_EColi3227_0
EColi3228_1,C95_EColi3228_1,C90_EColi3228_1,C70_EColi3228_1,C50_EColi3228_1,C40_EColi3966_2,C30_EColi3966_2
EColi3229_2,C95_EColi3229_2,C90_EColi3229_2,C70_EColi3229_2,C50_EColi3229_2,C40_EColi6184_1,C30_EColi876_1
EColi3230_1,C95_EColi3230_1,C90_EColi3230_1,C70_EColi3230_1,C50_EColi3008_0,C40_EColi3008_0,C30_EColi3008_0
EColi3231_0,C95_EColi3231_0,C90_EColi3231_0,C70_EColi3231_0,C50_EColi3231_0,C40_EColi3231_0,C30_EColi5132_0
EColi3232_1,C95_EColi3232_1,C90_EColi3232_1,C70_EColi3232_1,C50_EColi3232_1,C40_EColi3232_1,C30_EColi3232_1
EColi3233_1,C95_EColi3233_1,C90_EColi3233_1,C70_EColi3233_1,C50_EColi3233_1,C40_EColi3233_1,C30_EColi3233_1
EColi3234_1,C95_EColi3234_1,C90_EColi3234_1,C70_EColi3234_1,C50_EColi3234_1,C40_EColi3234_1,C30_EColi3234_1
EColi3235_2,C95_EColi3235_2,C90_EColi3235_2,C70_EColi3235_2,C50_EColi3235_2,C40_EColi2021_2,C30_EColi6029_0
EColi3236_1,C95_EColi3236_1,C90_EColi3236_1,C70_EColi3236_1,C50_EColi3681_1,C40_EColi3681_1,C30_EColi3681_1
EColi3237_1,C95_EColi3237_1,C90_EColi3237_1,C70_EColi3237_1,C50_EColi3237_1,C40_EColi3237_1,C30_EColi1976_1
EColi3238_0,C95_EColi3238_0,C90_EColi3238_0,C70_EColi3238_0,C50_EColi3238_0,C40_EColi3238_0,C30_EColi3355_0
EColi3239_2,C95_EColi3239_2,C90_EColi3239_2,C70_EColi3239_2,C50_EColi3239_2,C40_EColi3239_2,C30_EColi3239_2
EColi3240_2,C95_EColi3240_2,C90_EColi3240_2,C70_EColi3240_2,C50_EColi3240_2,C40_EColi3240_2,C30_EColi3240_2
EColi3241_2,C95_EColi3241_2,C90_EColi3241_2,C70_EColi3241_2,C50_EColi3241_2,C40_EColi5888_1,C30_EColi5888_1
EColi3242_1,C95_EColi3242_1,C90_EColi3242_1,C70_EColi3242_1,C50_EColi3242_1,C40_EColi3242_1,C30_EColi3242_1
EColi3243_0,C95_EColi3243_0,C90_EColi3243_0,C70_EColi3243_0,C50_EColi3243_0,C40_EColi3243_0,C30_EColi3243_0
EColi3244_1,C95_EColi3244_1,C90_EColi3244_1,C70_EColi3244_1,C50_EColi3244_1,C40_EColi3244_1,C30_EColi5129_0
EColi3245_2,C95_EColi3245_2,C90_EColi3245_2,C70_EColi3245_2,C50_EColi3245_2,C40_EColi2963_1,C30_EColi3750_2
EColi3246_2,C95_EColi3246_2,C90_EColi3246_2,C70_EColi3246_2,C50_EColi3246_2,C40_EColi3246_2,C30_EColi3246_2
EColi3247_0,C95_EColi3247_0,C90_EColi3247_0,C70_EColi3247_0,C50_EColi3247_0,C40_EColi3247_0,C30_EColi3247_0
EColi3248_2,C95_EColi3248_2,C90_EColi3248_2,C70_EColi3248_2,C50_EColi3248_2,C40_EColi4675_2,C30_EColi827_2
EColi3249_1,C95_EColi3249_1,C90_EColi3249_1,C70_EColi3249_1,C50_EColi3249_1,C40_EColi1193_1,C30_EColi6064_0
EColi3250_0,C95_EColi3250_0,C90_EColi3250_0,C70_EColi3250_0,C50_EColi3250_0,C40_EColi3250_0,C30_EColi3250_0
EColi3251_2,C95_EColi3251_2,C90_EColi3251_2,C70_EColi3251_2,C50_EColi3251_2,C40_EColi4868_2,C30_EColi4868_2
EColi3252_2,C95_EColi3252_2,C90_EColi3252_2,C70_EColi3252_2,C50_EColi3252_2,C40_EColi3252_2,C30_EColi3252_2
EColi3253_0,C95_EColi3253_0,C90_EColi3253_0,C70_EColi3253_0,C50_EColi3253_0,C40_EColi3253_0,C30_EColi3253_0
EColi3254_2,C95_EColi3254_2,C90_EColi3254_2,C70_EColi3254_2,C50_EColi3254_2,C40_EColi3254_2,C30_EColi3254_2
EColi3255_0,C95_EColi3255_0,C90_EColi3255_0,C70_EColi3255_0,C50_EColi3255_0,C40_EColi3255_0,C30_EColi2638_0
EColi3256_1,C95_EColi3256_1,C90_EColi3256_1,C70_EColi3256_1,C50_EColi3256_1,C40_EColi3256_1,C30_EColi3256_1
EColi3257_1,C95_EColi3257_1,C90_EColi3257_1,C70_EColi3257_1,C50_EColi3257_1,C40_EColi3257_1,C30_EColi3257_1
EColi3258_2,C95_EColi3258_2,C90_EColi3258_2,C70_EColi3258_2,C50_EColi3258_2,C40_EColi3258_2,C30_EColi3258_2
EColi3259_0,C95_EColi3259_0,C90_EColi3259_0,C70_EColi3259_0,C50_EColi3259_0,C40_EColi3259_0,C30_EColi5469_2
EColi3260_1,C95_EColi3260_1,C90_EColi3260_1,C70_EColi3260_1,C50_EColi3260_1,C40_EColi3260_1,C30_EColi3260_1
EColi3261_0,C95_EColi3261_0,C90_EColi3261_0,C70_EColi3261_0,C50_EColi3261_0,C40_EColi3261_0,C30_EColi3261_0
EColi3262_1,C95_EColi3262_1,C90_EColi3262_1,C70_EColi3262_1,C50_EColi3262_1,C40_EColi3262_1,C30_EColi3262_1
EColi3263_1,C95_EColi3263_1,C90_EColi3263_1,C70_EColi3263_1,C50_EColi3263_1,C40_EColi3263_1,C30_EColi3263_1
EColi3264_0,C95_EColi3264_0,C90_EColi3264_0,C70_EColi3264_0,C50_EColi3264_0,C40_EColi3264_0,C30_EColi5047_0
EColi3265_2,C95_EColi3265_2,C90_EColi3265_2,C70_EColi3265_2,C50_EColi3265_2,C40_EColi3083_2,C30_EColi3083_2
EColi3266_0,C95_EColi3266_0,C90_EColi3266_0,C70_EColi3266_0,C50_EColi3266_0,C40_EColi5535_0,C30_EColi5535_0
EColi3267_0,C95_EColi3267_0,C90_EColi3267_0,C70_EColi3267_0,C50_EColi3267_0,C40_EColi3267_0,C30_EColi3267_0
EColi3268_0,C95_EColi3268_0,C90_EColi3268_0,C70_EColi3268_0,C50_EColi3268_0,C40_EColi3268_0,C30_EColi3268_0
EColi3269_0,C95_EColi3269_0,C90_EColi3269_0,C70_EColi3269_0,C50_EColi3269_0,C40_EColi3269_0,C30_EColi3269_0
EColi3270_0,C95_EColi3270_0,C90_EColi3270_0,C70_EColi3270_0,C50_EColi3270_0,C40_EColi3270_0,C30_EColi5530_2
EColi3271_0,C95_EColi3271_0,C90_EColi3271_0,C70_EColi3271_0,C50_EColi3271_0,C40_EColi3271_0,C30_EColi3271_0
EColi3272_0,C95_EColi3272_0,C90_EColi3272_0,C70_EColi3272_0,C50_EColi3272_0,C40_EColi3272_0,C30_EColi3272_0
EColi3273_1,C95_EColi3273_1,C90_EColi3273_1,C70_EColi3273_1,C50_EColi3273_1,C40_EColi3273_1,C30_EColi3273_1
EColi3274_0,C95_EColi3274_0,C90_EColi3274_0,C70_EColi3274_0,C50_EColi3274_0,C40_EColi3274_0,C30_EColi3274_0
EColi3275_0,C95_EColi3275_0,C90_EColi3275_0,C70_EColi3275_0,C50_EColi3275_0,C40_EColi3275_0,C30_EColi3275_0
EColi3276_2,C95_EColi3276_2,C90_EColi3276_2,C70_EColi3276_2,C50_EColi3276_2,C40_EColi3276_2,C30_EColi5482_2
EColi3277_1,C95_EColi3277_1,C90_EColi3277_1,C70_EColi3277_1,C50_EColi3277_1,C40_EColi1801_0,C30_EColi1801_0
EColi3278_1,C95_EColi3278_1,C90_EColi3278_1,C70_EColi3278_1,C50_EColi3278_1,C40_EColi6314_1,C30_EColi6314_1
EColi3279_1,C95_EColi3279_1,C90_EColi3279_1,C70_EColi3279_1,C50_EColi3279_1,C40_EColi5093_2,C30_EColi2415_2
EColi3280_0,C95_EColi3280_0,C90_EColi3280_0,C70_EColi3280_0,C50_EColi3280_0,C40_EColi3280_0,C30_EColi3280_0
EColi3281_1,C95_EColi3281_1,C90_EColi3281_1,C70_EColi3281_1,C50_EColi3281_1,C40_EColi3281_1,C30_EColi3281_1
EColi3282_1,C95_EColi3282_1,C90_EColi3282_1,C70_EColi3282_1,C50_EColi3282_1,C40_EColi4136_1,C30_EColi4136_1
EColi3283_1,C95_EColi3283_1,C90_EColi3283_1,C70_EColi3283_1,C50_EColi3283_1,C40_EColi3283_1,C30_EColi3283_1
EColi3284_0,C95_EColi3284_0,C90_EColi3284_0,C70_EColi3284_0,C50_EColi3284_0,C40_EColi4712_1,C30_EColi4712_1
EColi3285_0,C95_EColi3285_0,C90_EColi3285_0,C70_EColi3285_0,C50_EColi3285_0,C40_EColi3285_0,C30_EColi3285_0
EColi3286_0,C95_EColi3286_0,C90_EColi3286_0,C70_EColi3286_0,C50_EColi3286_0,C40_EColi3286_0,C30_EColi3286_0
EColi3287_0,C95_EColi3287_0,C90_EColi3287_0,C70_EColi3287_0,C50_EColi3287_0,C40_EColi3287_0,C30_EColi3287_0
EColi3288_1,C95_EColi3288_1,C90_EColi3288_1,C70_EColi3288_1,C50_EColi3307_0,C40_EColi3307_0,C30_EColi3307_0
EColi3289_1,C95_EColi3289_1,C90_EColi3289_1,C70_EColi3289_1,C50_EColi3289_1,C40_EColi3289_1,C30_EColi3289_1
EColi3290_0,C95_EColi3290_0,C90_EColi3290_0,C70_EColi3290_0,C50_EColi3290_0,C40_EColi3290_0,C30_EColi3290_0
EColi3291_0,C95_EColi3291_0,C90_EColi3291_0,C70_EColi3291_0,C50_EColi3291_0,C40_EColi3291_0,C30_EColi2579_0
EColi3292_1,C95_EColi3292_1,C90_EColi3292_1,C70_EColi3292_1,C50_EColi3292_1,C40_EColi3292_1,C30_EColi3292_1
EColi3293_2,C95_EColi3293_2,C90_EColi3293_2,C70_EColi3293_2,C50_EColi3293_2,C40_EColi3293_2,C30_EColi3293_2
EColi3294_0,C95_EColi3294_0,C90_EColi3294_0,C70_EColi3294_0,C50_EColi3294_0,C40_EColi3294_0,C30_EColi3294_0
EColi3295_1,C95_EColi3295_1,C90_EColi3295_1,C70_EColi3295_1,C50_EColi3295_1,C40_EColi3295_1,C30_EColi3295_1
EColi3296_0,C95_EColi3296_0,C90_EColi3296_0,C70_EColi3296_0,C50_EColi3296_0,C40_EColi3296_0,C30_EColi3296_0
EColi3297_0,C95_EColi3297_0,C90_EColi3297_0,C70_EColi3297_0,C50_EColi3297_0,C40_EColi3297_0,C30_EColi3807_0
EColi3298_0,C95_EColi3298_0,C90_EColi3298_0,C70_EColi3298_0,C50_EColi3298_0,C40_EColi3298_0,C30_EColi3536_1
EColi3299_2,C95_EColi3299_2,C90_EColi3299_2,C70_EColi3299_2,C50_EColi3299_2,C40_EColi3299_2,C30_EColi3299_2
EColi3300_1,C95_EColi3300_1,C90_EColi3300_1,C70_EColi3300_1,C50_EColi3300_1,C40_EColi3300_1,C30_EColi3300_1
EColi3301_1,C95_EColi3301_1,C90_EColi3301_1,C70_EColi3301_1,C50_EColi3301_1,C40_EColi3301_1,C30_EColi3301_1
EColi3302_0,C95_EColi3302_0,C90_EColi3302_0,C70_EColi3302_0,C50_EColi3302_0,C40_EColi3302_0,C30_EColi3302_0
EColi3303_1,C95_EColi3303_1,C90_EColi3303_1,C70_EColi3303_1,C50_EColi3303_1,C40_EColi3303_1,C30_EColi3303_1
EColi3304_0,C95_EColi3304_0,C90_EColi3304_0,C70_EColi3304_0,C50_EColi3304_0,C40_EColi3304_0,C30_EColi3304_0
EColi3305_0,C95_EColi3305_0,C90_EColi3305_0,C70_EColi3305_0,C50_EColi3305_0,C40_EColi3305_0,C30_EColi3305_0
EColi3306_1,C95_EColi3306_1,C90_EColi3306_1,C70_EColi3306_1,C50_EColi3306_1,C40_EColi3306_1,C30_EColi3306_1
EColi3307_0,C95_EColi3307_0,C90_EColi3307_0,C70_EColi3307_0,C50_EColi3307_0,C40_EColi3307_0,C30_EColi3307_0
EColi3308_1,C95_EColi3308_1,C90_EColi3308_1,C70_EColi3308_1,C50_EColi3308_1,C40_EColi3308_1,C30_EColi3308_1
EColi3309_1,C95_EColi3309_1,C90_EColi3309_1,C70_EColi3309_1,C50_EColi3309_1,C40_EColi3310_1,C30_EColi3310_1
EColi3310_1,C95_EColi3310_1,C90_EColi3310_1,C70_EColi3310_1,C50_EColi3310_1,C40_EColi3310_1,C30_EColi3310_1
EColi3311_0,C95_EColi3311_0,C90_EColi3311_0,C70_EColi3311_0,C50_EColi3311_0,C40_EColi3768_2,C30_EColi3768_2
EColi3312_1,C95_EColi3312_1,C90_EColi3312_1,C70_EColi3312_1,C50_EColi3312_1,C40_EColi3312_1,C30_EColi3312_1
EColi3313_1,C95_EColi3313_1,C90_EColi3313_1,C70_EColi3313_1,C50_EColi3313_1,C40_EColi3313_1,C30_EColi3313_1
EColi3314_0,C95_EColi3314_0,C90_EColi3314_0,C70_EColi3314_0,C50_EColi3314_0,C40_EColi3314_0,C30_EColi3314_0
EColi3315_1,C95_EColi3315_1,C90_EColi3315_1,C70_EColi3315_1,C50_EColi3315_1,C40_EColi3315_1,C30_EColi3315_1
EColi3316_0,C95_EColi3316_0,C90_EColi3316_0,C70_EColi3316_0,C50_EColi3316_0,C40_EColi3316_0,C30_EColi3316_0
EColi3317_0,C95_EColi3317_0,C90_EColi3317_0,C70_EColi3317_0,C50_EColi3317_0,C40_EColi3317_0,C30_EColi3317_0
EColi3318_1,C95_EColi3318_1,C90_EColi3318_1,C70_EColi3318_1,C50_EColi3318_1,C40_EColi3318_1,C30_EColi1778_2
EColi3319_2,C95_EColi3319_2,C90_EColi3319_2,C70_EColi3319_2,C50_EColi3319_2,C40_EColi3319_2,C30_EColi5000_1
EColi3320_0,C95_EColi3320_0,C90_EColi3320_0,C70_EColi3320_0,C50_EColi3320_0,C40_EColi3320_0,C30_EColi3320_0
EColi3321_0,C95_EColi3321_0,C90_EColi3321_0,C70_EColi3321_0,C50_EColi5026_0,C40_EColi5026_0,C30_EColi1945_1
EColi3322_0,C95_EColi3322_0,C90_EColi3322_0,C70_EColi3322_0,C50_EColi3322_0,C40_EColi3322_0,C30_EColi88_0
EColi3323_0,C95_EColi3323_0,C90_EColi3323_0,C70_EColi3323_0,C50_EColi3323_0,C40_EColi3323_0,C30_EColi3323_0
EColi3324_0,C95_EColi3324_0,C90_EColi3324_0,C70_EColi3324_0,C50_EColi3324_0,C40_EColi3324_0,C30_EColi3324_0
EColi3325_0,C95_EColi3325_0,C90_EColi3325_0,C70_EColi3325_0,C50_EColi3325_0,C40_EColi3325_0,C30_EColi3323_0
EColi3326_1,C95_EColi3326_1,C90_EColi3326_1,C70_EColi3326_1,C50_EColi3326_1,C40_EColi3326_1,C30_EColi3326_1
EColi3327_0,C95_EColi3327_0,C90_EColi3327_0,C70_EColi3327_0,C50_EColi3327_0,C40_EColi3327_0,C30_EColi3327_0
EColi3328_1,C95_EColi3328_1,C90_EColi3328_1,C70_EColi3328_1,C50_EColi3328_1,C40_EColi3328_1,C30_EColi5991_2
EColi3329_0,C95_EColi3329_0,C90_EColi3329_0,C70_EColi3329_0,C50_EColi3329_0,C40_EColi3329_0,C30_EColi3329_0
EColi3330_0,C95_EColi3330_0,C90_EColi3330_0,C70_EColi3330_0,C50_EColi3330_0,C40_EColi3330_0,C30_EColi3330_0
EColi3331_0,C95_EColi3331_0,C90_EColi3331_0,C70_EColi3331_0,C50_EColi3331_0,C40_EColi3331_0,C30_EColi3331_0
EColi3332_0,C95_EColi3332_0,C90_EColi3332_0,C70_EColi3332_0,C50_EColi3332_0,C40_EColi3332_0,C30_EColi3332_0
EColi3333_1,C95_EColi3333_1,C90_EColi3333_1,C70_EColi3333_1,C50_EColi3333_1,C40_EColi3333_1,C30_EColi3333_1
EColi3334_2,C95_EColi3334_2,C90_EColi3334_2,C70_EColi3334_2,C50_EColi3334_2,C40_EColi3334_2,C30_EColi3334_2
EColi3335_2,C95_EColi3335_2,C90_EColi3335_2,C70_EColi3335_2,C50_EColi3335_2,C40_EColi3335_2,C30_EColi3335_2
EColi3336_1,C95_EColi3336_1,C90_EColi3336_1,C70_EColi3336_1,C50_EColi3336_1,C40_EColi3336_1,C30_EColi3336_1
EColi3337_0,C95_EColi3337_0,C90_EColi3337_0,C70_EColi3337_0,C50_EColi3337_0,C40_EColi3337_0,C30_EColi5535_0
EColi3338_0,C95_EColi3338_0,C90_EColi3338_0,C70_EColi3338_0,C50_EColi3338_0,C40_EColi3338_0,C30_EColi5530_2
EColi3339_1,C95_EColi3339_1,C90_EColi3339_1,C70_EColi3339_1,C50_EColi3339_1,C40_EColi3336_1,C30_EColi3336_1
EColi3340_0,C95_EColi3340_0,C90_EColi3340_0,C70_EColi3340_0,C50_EColi2413_2,C40_EColi2413_2,C30_EColi3878_1
EColi3341_1,C95_EColi3341_1,C90_EColi3341_1,C70_EColi3341_1,C50_EColi3341_1,C40_EColi3341_1,C30_EColi3341_1
EColi3342_1,C95_EColi3342_1,C90_EColi3342_1,C70_EColi3342_1,C50_EColi3342_1,C40_EColi3342_1,C30_EColi3342_1
EColi3343_0,C95_EColi3343_0,C90_EColi3343_0,C70_EColi3343_0,C50_EColi3002_0,C40_EColi3002_0,C30_EColi3002_0
EColi3344_2,C95_EColi3344_2,C90_EColi3344_2,C70_EColi3344_2,C50_EColi3344_2,C40_EColi3344_2,C30_EColi3344_2
EColi3345_0,C95_EColi3345_0,C90_EColi3345_0,C70_EColi3345_0,C50_EColi3345_0,C40_EColi3345_0,C30_EColi3345_0
EColi3346_1,C95_EColi3346_1,C90_EColi3346_1,C70_EColi3346_1,C50_EColi3346_1,C40_EColi2992_0,C30_EColi2992_0
EColi3347_2,C95_EColi3347_2,C90_EColi3347_2,C70_EColi3347_2,C50_EColi3347_2,C40_EColi3347_2,C30_EColi3347_2
EColi3348_0,C95_EColi3348_0,C90_EColi3348_0,C70_EColi3348_0,C50_EColi3348_0,C40_EColi3348_0,C30_EColi3349_2
EColi3349_2,C95_EColi3349_2,C90_EColi3349_2,C70_EColi3349_2,C50_EColi3349_2,C40_EColi3349_2,C30_EColi3349_2
EColi3350_2,C95_EColi3350_2,C90_EColi3350_2,C70_EColi3350_2,C50_EColi3350_2,C40_EColi3350_2,C30_EColi3350_2
EColi3351_2,C95_EColi3351_2,C90_EColi3351_2,C70_EColi3351_2,C50_EColi3351_2,C40_EColi3351_2,C30_EColi3351_2
EColi3352_0,C95_EColi3352_0,C90_EColi3352_0,C70_EColi3352_0,C50_EColi3353_0,C40_EColi3353_0,C30_EColi3353_0
EColi3353_0,C95_EColi3353_0,C90_EColi3353_0,C70_EColi3353_0,C50_EColi3353_0,C40_EColi3353_0,C30_EColi3353_0
EColi3354_2,C95_EColi3354_2,C90_EColi3354_2,C70_EColi3354_2,C50_EColi1682_1,C40_EColi1682_1,C30_EColi1682_1
EColi3355_0,C95_EColi3355_0,C90_EColi3355_0,C70_EColi3355_0,C50_EColi3355_0,C40_EColi3355_0,C30_EColi3355_0
EColi3356_0,C95_EColi3356_0,C90_EColi3356_0,C70_EColi3356_0,C50_EColi3356_0,C40_EColi5572_0,C30_EColi5572_0
EColi3357_2,C95_EColi3357_2,C90_EColi3357_2,C70_EColi3357_2,C50_EColi3006_2,C40_EColi3006_2,C30_EColi3006_2
EColi3358_2,C95_EColi3358_2,C90_EColi3358_2,C70_EColi3358_2,C50_EColi3006_2,C40_EColi3006_2,C30_EColi3006_2
EColi3359_2,C95_EColi3359_2,C90_EColi3359_2,C70_EColi3359_2,C50_EColi3359_2,C40_EColi3961_0,C30_EColi3359_2
EColi3360_1,C95_EColi3360_1,C90_EColi3360_1,C70_EColi3360_1,C50_EColi3360_1,C40_EColi3360_1,C30_EColi3360_1
EColi3361_2,C95_EColi3361_2,C90_EColi3361_2,C70_EColi3361_2,C50_EColi3361_2,C40_EColi3361_2,C30_EColi3361_2
EColi3362_0,C95_EColi3362_0,C90_EColi3362_0,C70_EColi3362_0,C50_EColi3362_0,C40_EColi3362_0,C30_EColi3362_0
EColi3363_1,C95_EColi3363_1,C90_EColi3363_1,C70_EColi3363_1,C50_EColi3363_1,C40_EColi3363_1,C30_EColi3363_1
EColi3364_1,C95_EColi3364_1,C90_EColi3364_1,C70_EColi3364_1,C50_EColi3364_1,C40_EColi3364_1,C30_EColi3364_1
EColi3365_0,C95_EColi3365_0,C90_EColi3365_0,C70_EColi3365_0,C50_EColi3365_0,C40_EColi3365_0,C30_EColi4586_0
EColi3366_2,C95_EColi3366_2,C90_EColi3366_2,C70_EColi3366_2,C50_EColi5314_1,C40_EColi5314_1,C30_EColi6159_1
EColi3367_0,C95_EColi3367_0,C90_EColi3367_0,C70_EColi3367_0,C50_EColi3367_0,C40_EColi3367_0,C30_EColi5373_0
EColi3368_2,C95_EColi3368_2,C90_EColi3368_2,C70_EColi3368_2,C50_EColi3368_2,C40_EColi3368_2,C30_EColi1071_1
EColi3369_1,C95_EColi3369_1,C90_EColi3369_1,C70_EColi3369_1,C50_EColi5302_1,C40_EColi5302_1,C30_EColi5302_1
EColi3370_1,C95_EColi3370_1,C90_EColi3370_1,C70_EColi3370_1,C50_EColi3370_1,C40_EColi3370_1,C30_EColi3370_1
EColi3371_0,C95_EColi3371_0,C90_EColi3371_0,C70_EColi3371_0,C50_EColi3371_0,C40_EColi3371_0,C30_EColi5373_0
EColi3372_0,C95_EColi3372_0,C90_EColi3372_0,C70_EColi3372_0,C50_EColi3372_0,C40_EColi3372_0,C30_EColi3372_0
EColi3373_2,C95_EColi3373_2,C90_EColi3373_2,C70_EColi3373_2,C50_EColi3373_2,C40_EColi3373_2,C30_EColi3373_2
EColi3374_2,C95_EColi3374_2,C90_EColi3374_2,C70_EColi3374_2,C50_EColi3374_2,C40_EColi3374_2,C30_EColi3374_2
EColi3375_2,C95_EColi3375_2,C90_EColi3375_2,C70_EColi3375_2,C50_EColi3375_2,C40_EColi3375_2,C30_EColi3375_2
EColi3376_0,C95_EColi3376_0,C90_EColi3376_0,C70_EColi3376_0,C50_EColi3376_0,C40_EColi3382_2,C30_EColi3382_2
EColi3377_2,C95_EColi3377_2,C90_EColi3377_2,C70_EColi3377_2,C50_EColi3377_2,C40_EColi3377_2,C30_EColi3377_2
EColi3378_2,C95_EColi3378_2,C90_EColi3378_2,C70_EColi3378_2,C50_EColi3378_2,C40_EColi3378_2,C30_EColi3378_2
EColi3379_1,C95_EColi3379_1,C90_EColi3379_1,C70_EColi3379_1,C50_EColi3379_1,C40_EColi3379_1,C30_EColi3379_1
EColi3380_0,C95_EColi3380_0,C90_EColi3380_0,C70_EColi3380_0,C50_EColi3380_0,C40_EColi3380_0,C30_EColi3380_0
EColi3381_1,C95_EColi3381_1,C90_EColi3381_1,C70_EColi3381_1,C50_EColi3381_1,C40_EColi3381_1,C30_EColi3381_1
EColi3382_2,C95_EColi3382_2,C90_EColi3382_2,C70_EColi3382_2,C50_EColi3382_2,C40_EColi3382_2,C30_EColi3382_2
EColi3383_2,C95_EColi3383_2,C90_EColi3383_2,C70_EColi3383_2,C50_EColi3383_2,C40_EColi3383_2,C30_EColi3383_2
EColi3384_2,C95_EColi3384_2,C90_EColi3384_2,C70_EColi3384_2,C50_EColi3384_2,C40_EColi3384_2,C30_EColi3384_2
EColi3385_1,C95_EColi3385_1,C90_EColi3385_1,C70_EColi3385_1,C50_EColi3385_1,C40_EColi2693_2,C30_EColi2693_2
EColi3386_2,C95_EColi3386_2,C90_EColi3386_2,C70_EColi3386_2,C50_EColi3386_2,C40_EColi3386_2,C30_EColi3386_2
EColi3387_2,C95_EColi3387_2,C90_EColi3387_2,C70_EColi3387_2,C50_EColi3387_2,C40_EColi3387_2,C30_EColi1463_0
EColi3388_0,C95_EColi3388_0,C90_EColi3388_0,C70_EColi3388_0,C50_EColi3388_0,C40_EColi3388_0,C30_EColi3388_0
EColi3389_2,C95_EColi3389_2,C90_EColi3389_2,C70_EColi3389_2,C50_EColi3390_2,C40_EColi3390_2,C30_EColi3390_2
EColi3390_2,C95_EColi3390_2,C90_EColi3390_2,C70_EColi3390_2,C50_EColi3390_2,C40_EColi3390_2,C30_EColi3390_2
EColi3391_1,C95_EColi3391_1,C90_EColi3391_1,C70_EColi3391_1,C50_EColi3391_1,C40_EColi3391_1,C30_EColi3391_1
EColi3392_2,C95_EColi3392_2,C90_EColi3392_2,C70_EColi3392_2,C50_EColi3392_2,C40_EColi3083_2,C30_EColi3083_2
EColi3393_2,C95_EColi3393_2,C90_EColi3393_2,C70_EColi3393_2,C50_EColi3393_2,C40_EColi3393_2,C30_EColi1650_1
EColi3394_1,C95_EColi3394_1,C90_EColi3394_1,C70_EColi3394_1,C50_EColi3394_1,C40_EColi4164_0,C30_EColi4164_0
EColi3395_2,C95_EColi3395_2,C90_EColi3395_2,C70_EColi3395_2,C50_EColi3395_2,C40_EColi3395_2,C30_EColi3395_2
EColi3396_2,C95_EColi3396_2,C90_EColi3396_2,C70_EColi3396_2,C50_EColi2703_1,C40_EColi2703_1,C30_EColi2703_1
EColi3397_2,C95_EColi3397_2,C90_EColi3397_2,C70_EColi3397_2,C50_EColi3397_2,C40_EColi3397_2,C30_EColi3397_2
EColi3398_1,C95_EColi3398_1,C90_EColi3398_1,C70_EColi3398_1,C50_EColi4602_1,C40_EColi105_1,C30_EColi105_1
EColi3399_2,C95_EColi3399_2,C90_EColi3399_2,C70_EColi3399_2,C50_EColi3399_2,C40_EColi3399_2,C30_EColi1656_1
EColi3500_1,C95_EColi3500_1,C90_EColi3500_1,C70_EColi3500_1,C50_EColi3500_1,C40_EColi3500_1,C30_EColi3500_1
EColi3501_1,C95_EColi3501_1,C90_EColi3501_1,C70_EColi3501_1,C50_EColi3501_1,C40_EColi3501_1,C30_EColi4999_1
EColi3502_0,C95_EColi3502_0,C90_EColi3502_0,C70_EColi3502_0,C50_EColi3502_0,C40_EColi3505_0,C30_EColi3084_0
EColi3503_0,C95_EColi3503_0,C90_EColi3503_0,C70_EColi3503_0,C50_EColi3503_0,C40_EColi3503_0,C30_EColi49_0
EColi3504_2,C95_EColi3504_2,C90_EColi3504_2,C70_EColi3504_2,C50_EColi3504_2,C40_EColi3504_2,C30_EColi3504_2
EColi3505_0,C95_EColi3505_0,C90_EColi3505_0,C70_EColi3505_0,C50_EColi3505_0,C40_EColi3505_0,C30_EColi3084_0
EColi3506_0,C95_EColi3506_0,C90_EColi3506_0,C70_EColi3506_0,C50_EColi3506_0,C40_EColi3506_0,C30_EColi4161_1
EColi3507_1,C95_EColi3507_1,C90_EColi3507_1,C70_EColi3507_1,C50_EColi3507_1,C40_EColi3507_1,C30_EColi3507_1
EColi3508_2,C95_EColi3508_2,C90_EColi3508_2,C70_EColi3508_2,C50_EColi3508_2,C40_EColi3508_2,C30_EColi3508_2
EColi3509_0,C95_EColi3509_0,C90_EColi3509_0,C70_EColi3509_0,C50_EColi3509_0,C40_EColi3509_0,C30_EColi1228_0
EColi3510_0,C95_EColi3510_0,C90_EColi3510_0,C70_EColi3510_0,C50_EColi3510_0,C40_EColi3510_0,C30_EColi3272_0
EColi3511_1,C95_EColi3511_1,C90_EColi3511_1,C70_EColi3511_1,C50_EColi3511_1,C40_EColi3511_1,C30_EColi2481_2
EColi3512_0,C95_EColi3512_0,C90_EColi3512_0,C70_EColi3512_0,C50_EColi3512_0,C40_EColi3512_0,C30_EColi3512_0
EColi3513_0,C95_EColi3513_0,C90_EColi3513_0,C70_EColi3513_0,C50_EColi3513_0,C40_EColi3513_0,C30_EColi1237_2
EColi3514_1,C95_EColi3514_1,C90_EColi3514_1,C70_EColi3514_1,C50_EColi3514_1,C40_EColi1237_2,C30_EColi1237_2
EColi3515_1,C95_EColi3515_1,C90_EColi3515_1,C70_EColi3515_1,C50_EColi3515_1,C40_EColi3515_1,C30_EColi3515_1
EColi3516_2,C95_EColi3516_2,C90_EColi3516_2,C70_EColi3516_2,C50_EColi3516_2,C40_EColi3516_2,C30_EColi2377_1
EColi3517_0,C95_EColi3517_0,C90_EColi3517_0,C70_EColi3517_0,C50_EColi3517_0,C40_EColi3517_0,C30_EColi3517_0
EColi3518_1,C95_EColi3518_1,C90_EColi3518_1,C70_EColi3518_1,C50_EColi3518_1,C40_EColi3518_1,C30_EColi3518_1
EColi3519_0,C95_EColi3519_0,C90_EColi3519_0,C70_EColi3519_0,C50_EColi3519_0,C40_EColi3519_0,C30_EColi3519_0
EColi3520_1,C95_EColi3520_1,C90_EColi3520_1,C70_EColi3520_1,C50_EColi3520_1,C40_EColi4544_0,C30_EColi4544_0
EColi3521_2,C95_EColi3521_2,C90_EColi3521_2,C70_EColi3521_2,C50_EColi3522_2,C40_EColi3522_2,C30_EColi3650_0
EColi3522_2,C95_EColi3522_2,C90_EColi3522_2,C70_EColi3522_2,C50_EColi3522_2,C40_EColi3522_2,C30_EColi3650_0
EColi3523_2,C95_EColi3523_2,C90_EColi3523_2,C70_EColi3523_2,C50_EColi3523_2,C40_EColi3523_2,C30_EColi3523_2
EColi3524_2,C95_EColi3524_2,C90_EColi3524_2,C70_EColi3524_2,C50_EColi3524_2,C40_EColi3524_2,C30_EColi3524_2
EColi3525_2,C95_EColi3525_2,C90_EColi3525_2,C70_EColi3525_2,C50_EColi3525_2,C40_EColi3525_2,C30_EColi3525_2
EColi3526_2,C95_EColi3526_2,C90_EColi3526_2,C70_EColi3526_2,C50_EColi3522_2,C40_EColi3522_2,C30_EColi3650_0
EColi3527_2,C95_EColi3527_2,C90_EColi3527_2,C70_EColi3527_2,C50_EColi3527_2,C40_EColi3527_2,C30_EColi3527_2
EColi3528_2,C95_EColi3528_2,C90_EColi3528_2,C70_EColi3528_2,C50_EColi3528_2,C40_EColi3528_2,C30_EColi3528_2
EColi3529_0,C95_EColi3529_0,C90_EColi3529_0,C70_EColi3529_0,C50_EColi3529_0,C40_EColi3529_0,C30_EColi5234_1
EColi3530_0,C95_EColi3530_0,C90_EColi3530_0,C70_EColi3530_0,C50_EColi5228_2,C40_EColi5228_2,C30_EColi5234_1
EColi3531_2,C95_EColi3531_2,C90_EColi3531_2,C70_EColi3531_2,C50_EColi3531_2,C40_EColi3531_2,C30_EColi5989_0
EColi3532_0,C95_EColi3532_0,C90_EColi3532_0,C70_EColi3532_0,C50_EColi3532_0,C40_EColi3532_0,C30_EColi3532_0
EColi3533_0,C95_EColi3533_0,C90_EColi3533_0,C70_EColi3533_0,C50_EColi3533_0,C40_EColi3533_0,C30_EColi3533_0
EColi3534_0,C95_EColi3534_0,C90_EColi3534_0,C70_EColi3534_0,C50_EColi3533_0,C40_EColi3533_0,C30_EColi3533_0
EColi3535_2,C95_EColi3535_2,C90_EColi3535_2,C70_EColi3535_2,C50_EColi3535_2,C40_EColi3535_2,C30_EColi3535_2
EColi3536_1,C95_EColi3536_1,C90_EColi3536_1,C70_EColi3536_1,C50_EColi3536_1,C40_EColi3536_1,C30_EColi3536_1
EColi3537_0,C95_EColi3537_0,C90_EColi3537_0,C70_EColi3537_0,C50_EColi3537_0,C40_EColi3537_0,C30_EColi3250_0
EColi3538_0,C95_EColi3538_0,C90_EColi3538_0,C70_EColi3538_0,C50_EColi1247_1,C40_EColi1247_1,C30_EColi3536_1
EColi3539_2,C95_EColi3539_2,C90_EColi3539_2,C70_EColi3539_2,C50_EColi3539_2,C40_EColi3539_2,C30_EColi3539_2
EColi3540_2,C95_EColi3540_2,C90_EColi3540_2,C70_EColi3540_2,C50_EColi3540_2,C40_EColi3540_2,C30_EColi4855_0
EColi3541_0,C95_EColi3541_0,C90_EColi3541_0,C70_EColi3541_0,C50_EColi3541_0,C40_EColi3541_0,C30_EColi4855_0
EColi3542_2,C95_EColi3542_2,C90_EColi3542_2,C70_EColi3542_2,C50_EColi3542_2,C40_EColi3542_2,C30_EColi4868_2
EColi3543_1,C95_EColi3543_1,C90_EColi3543_1,C70_EColi3543_1,C50_EColi3543_1,C40_EColi3543_1,C30_EColi4855_0
EColi3544_2,C95_EColi3544_2,C90_EColi3544_2,C70_EColi3544_2,C50_EColi3542_2,C40_EColi3542_2,C30_EColi4868_2
EColi3545_0,C95_EColi3545_0,C90_EColi3545_0,C70_EColi3545_0,C50_EColi4855_0,C40_EColi4855_0,C30_EColi4855_0
EColi3546_0,C95_EColi3546_0,C90_EColi3546_0,C70_EColi3546_0,C50_EColi3546_0,C40_EColi3546_0,C30_EColi3546_0
EColi3547_1,C95_EColi3547_1,C90_EColi3547_1,C70_EColi3547_1,C50_EColi3547_1,C40_EColi3547_1,C30_EColi3547_1
EColi3548_0,C95_EColi3548_0,C90_EColi3548_0,C70_EColi3548_0,C50_EColi3548_0,C40_EColi3548_0,C30_EColi3548_0
EColi3549_2,C95_EColi3549_2,C90_EColi3549_2,C70_EColi3549_2,C50_EColi3549_2,C40_EColi3549_2,C30_EColi3549_2
EColi3550_0,C95_EColi3550_0,C90_EColi3550_0,C70_EColi3550_0,C50_EColi3550_0,C40_EColi3550_0,C30_EColi3550_0
EColi3551_0,C95_EColi3551_0,C90_EColi3551_0,C70_EColi3551_0,C50_EColi3551_0,C40_EColi3551_0,C30_EColi3551_0
EColi3552_1,C95_EColi3552_1,C90_EColi3552_1,C70_EColi3552_1,C50_EColi3552_1,C40_EColi3552_1,C30_EColi3552_1
EColi3553_1,C95_EColi3553_1,C90_EColi3553_1,C70_EColi3553_1,C50_EColi3553_1,C40_EColi3553_1,C30_EColi3553_1
EColi3554_1,C95_EColi3554_1,C90_EColi3554_1,C70_EColi3554_1,C50_EColi3554_1,C40_EColi3554_1,C30_EColi3554_1
EColi3555_0,C95_EColi3555_0,C90_EColi3555_0,C70_EColi3555_0,C50_EColi2794_0,C40_EColi2794_0,C30_EColi2794_0
EColi3556_0,C95_EColi3556_0,C90_EColi3556_0,C70_EColi3556_0,C50_EColi3556_0,C40_EColi3556_0,C30_EColi3556_0
EColi3557_0,C95_EColi3557_0,C90_EColi3557_0,C70_EColi3557_0,C50_EColi3557_0,C40_EColi2431_0,C30_EColi2431_0
EColi3558_1,C95_EColi3558_1,C90_EColi3558_1,C70_EColi3558_1,C50_EColi3558_1,C40_EColi3558_1,C30_EColi3558_1
EColi3559_0,C95_EColi3559_0,C90_EColi3559_0,C70_EColi3559_0,C50_EColi3559_0,C40_EColi3559_0,C30_EColi3559_0
EColi3560_1,C95_EColi3560_1,C90_EColi3560_1,C70_EColi3560_1,C50_EColi3560_1,C40_EColi3560_1,C30_EColi3560_1
EColi3561_0,C95_EColi3561_0,C90_EColi3561_0,C70_EColi3561_0,C50_EColi3561_0,C40_EColi3561_0,C30_EColi3561_0
EColi3562_2,C95_EColi3562_2,C90_EColi3562_2,C70_EColi3562_2,C50_EColi3562_2,C40_EColi3562_2,C30_EColi999_0
EColi3563_0,C95_EColi3563_0,C90_EColi3563_0,C70_EColi3563_0,C50_EColi3563_0,C40_EColi3563_0,C30_EColi3563_0
EColi3564_1,C95_EColi3564_1,C90_EColi3564_1,C70_EColi3564_1,C50_EColi3564_1,C40_EColi3564_1,C30_EColi5693_1
EColi3565_2,C95_EColi3565_2,C90_EColi3565_2,C70_EColi3565_2,C50_EColi3565_2,C40_EColi3565_2,C30_EColi3565_2
EColi3566_1,C95_EColi3566_1,C90_EColi3566_1,C70_EColi3566_1,C50_EColi3566_1,C40_EColi3566_1,C30_EColi3566_1
EColi3567_2,C95_EColi3567_2,C90_EColi3567_2,C70_EColi3567_2,C50_EColi3567_2,C40_EColi4449_0,C30_EColi4449_0
EColi3568_0,C95_EColi3568_0,C90_EColi3568_0,C70_EColi3568_0,C50_EColi3568_0,C40_EColi3568_0,C30_EColi4291_0
EColi3569_0,C95_EColi3569_0,C90_EColi3569_0,C70_EColi3569_0,C50_EColi3569_0,C40_EColi4449_0,C30_EColi4449_0
EColi3570_1,C95_EColi3570_1,C90_EColi3570_1,C70_EColi3570_1,C50_EColi3570_1,C40_EColi2915_0,C30_EColi2915_0
EColi3571_2,C95_EColi3571_2,C90_EColi3571_2,C70_EColi3571_2,C50_EColi3571_2,C40_EColi3571_2,C30_EColi1188_0
EColi3572_1,C95_EColi3572_1,C90_EColi3572_1,C70_EColi3572_1,C50_EColi2997_1,C40_EColi2997_1,C30_EColi2997_1
EColi3573_0,C95_EColi3573_0,C90_EColi3573_0,C70_EColi3573_0,C50_EColi3573_0,C40_EColi3573_0,C30_EColi2998_2
EColi3574_0,C95_EColi3574_0,C90_EColi3574_0,C70_EColi3574_0,C50_EColi3574_0,C40_EColi3574_0,C30_EColi4837_0
EColi3575_2,C95_EColi3575_2,C90_EColi3575_2,C70_EColi3575_2,C50_EColi3575_2,C40_EColi3575_2,C30_EColi5506_0
EColi3576_0,C95_EColi3576_0,C90_EColi3576_0,C70_EColi3576_0,C50_EColi4302_0,C40_EColi4302_0,C30_EColi4302_0
EColi3577_0,C95_EColi3577_0,C90_EColi3577_0,C70_EColi3577_0,C50_EColi6310_1,C40_EColi6310_1,C30_EColi6310_1
EColi3578_1,C95_EColi3578_1,C90_EColi3578_1,C70_EColi3578_1,C50_EColi3578_1,C40_EColi3578_1,C30_EColi3578_1
EColi3579_1,C95_EColi3579_1,C90_EColi3579_1,C70_EColi3579_1,C50_EColi3579_1,C40_EColi3579_1,C30_EColi3579_1
EColi3580_2,C95_EColi3580_2,C90_EColi3580_2,C70_EColi3580_2,C50_EColi3580_2,C40_EColi5236_1,C30_EColi5236_1
EColi3581_1,C95_EColi3581_1,C90_EColi3581_1,C70_EColi3581_1,C50_EColi3581_1,C40_EColi3581_1,C30_EColi3581_1
EColi3582_1,C95_EColi3582_1,C90_EColi3582_1,C70_EColi3582_1,C50_EColi3582_1,C40_EColi3582_1,C30_EColi3582_1
EColi3583_1,C95_EColi3583_1,C90_EColi3583_1,C70_EColi3583_1,C50_EColi3583_1,C40_EColi3583_1,C30_EColi888_1
EColi3584_2,C95_EColi3584_2,C90_EColi3584_2,C70_EColi3584_2,C50_EColi3584_2,C40_EColi3584_2,C30_EColi888_1
EColi3585_0,C95_EColi3585_0,C90_EColi3585_0,C70_EColi3585_0,C50_EColi3585_0,C40_EColi5983_2,C30_EColi5983_2
EColi3586_2,C95_EColi3586_2,C90_EColi3586_2,C70_EColi3586_2,C50_EColi5051_2,C40_EColi1607_1,C30_EColi3083_2
EColi3587_1,C95_EColi3587_1,C90_EColi3587_1,C70_EColi3587_1,C50_EColi3587_1,C40_EColi3587_1,C30_EColi3587_1
EColi3588_1,C95_EColi3588_1,C90_EColi3588_1,C70_EColi3588_1,C50_EColi4468_1,C40_EColi4468_1,C30_EColi3588_1
EColi3589_1,C95_EColi3589_1,C90_EColi3589_1,C70_EColi3589_1,C50_EColi3589_1,C40_EColi3589_1,C30_EColi895_0
EColi3590_1,C95_EColi3590_1,C90_EColi3590_1,C70_EColi3590_1,C50_EColi5545_2,C40_EColi5439_2,C30_EColi5439_2
EColi3591_0,C95_EColi3591_0,C90_EColi3591_0,C70_EColi3591_0,C50_EColi3591_0,C40_EColi3591_0,C30_EColi3591_0
EColi3592_2,C95_EColi3592_2,C90_EColi3592_2,C70_EColi3592_2,C50_EColi3592_2,C40_EColi3592_2,C30_EColi3592_2
EColi3593_2,C95_EColi3593_2,C90_EColi3593_2,C70_EColi3593_2,C50_EColi3593_2,C40_EColi3593_2,C30_EColi3593_2
EColi3594_2,C95_EColi3594_2,C90_EColi3594_2,C70_EColi3594_2,C50_EColi3594_2,C40_EColi3594_2,C30_EColi3594_2
EColi3595_2,C95_EColi3595_2,C90_EColi3595_2,C70_EColi3595_2,C50_EColi3595_2,C40_EColi3595_2,C30_EColi3595_2
EColi3596_1,C95_EColi3596_1,C90_EColi3596_1,C70_EColi3596_1,C50_EColi3596_1,C40_EColi1829_2,C30_EColi5981_2
EColi3597_1,C95_EColi3597_1,C90_EColi3597_1,C70_EColi3597_1,C50_EColi3597_1,C40_EColi3597_1,C30_EColi3597_1
EColi3598_1,C95_EColi3598_1,C90_EColi3598_1,C70_EColi3598_1,C50_EColi3598_1,C40_EColi4675_2,C30_EColi827_2
EColi3599_2,C95_EColi3599_2,C90_EColi3599_2,C70_EColi3599_2,C50_EColi3599_2,C40_EColi3599_2,C30_EColi3250_0
EColi3800_0,C95_EColi3800_0,C90_EColi3800_0,C70_EColi3800_0,C50_EColi3800_0,C40_EColi3800_0,C30_EColi1898_2
EColi3801_1,C95_EColi3801_1,C90_EColi3801_1,C70_EColi3801_1,C50_EColi3801_1,C40_EColi3801_1,C30_EColi3801_1
EColi3802_0,C95_EColi3802_0,C90_EColi3802_0,C70_EColi3802_0,C50_EColi3292_1,C40_EColi3292_1,C30_EColi3292_1
EColi3803_0,C95_EColi3803_0,C90_EColi3803_0,C70_EColi3803_0,C50_EColi3803_0,C40_EColi3803_0,C30_EColi3671_2
EColi3804_1,C95_EColi3804_1,C90_EColi3804_1,C70_EColi3804_1,C50_EColi3804_1,C40_EColi3804_1,C30_EColi3804_1
EColi3805_2,C95_EColi3805_2,C90_EColi3805_2,C70_EColi3805_2,C50_EColi3805_2,C40_EColi3805_2,C30_EColi3805_2
EColi3806_1,C95_EColi3806_1,C90_EColi3806_1,C70_EColi3806_1,C50_EColi3806_1,C40_EColi3806_1,C30_EColi3806_1
EColi3807_0,C95_EColi3807_0,C90_EColi3807_0,C70_EColi3807_0,C50_EColi3807_0,C40_EColi3807_0,C30_EColi3807_0
EColi3808_0,C95_EColi3808_0,C90_EColi3808_0,C70_EColi3808_0,C50_EColi3607_0,C40_EColi3607_0,C30_EColi4115_0
EColi3809_0,C95_EColi3809_0,C90_EColi3809_0,C70_EColi3809_0,C50_EColi4866_2,C40_EColi4866_2,C30_EColi4866_2
EColi3810_0,C95_EColi3810_0,C90_EColi3810_0,C70_EColi3810_0,C50_EColi3810_0,C40_EColi3810_0,C30_EColi4876_0
EColi3811_0,C95_EColi3811_0,C90_EColi3811_0,C70_EColi3811_0,C50_EColi3811_0,C40_EColi3811_0,C30_EColi4541_0
EColi3812_0,C95_EColi3812_0,C90_EColi3812_0,C70_EColi3812_0,C50_EColi3812_0,C40_EColi3812_0,C30_EColi3812_0
EColi3813_0,C95_EColi3813_0,C90_EColi3813_0,C70_EColi3813_0,C50_EColi3813_0,C40_EColi6159_1,C30_EColi6159_1
EColi3814_0,C95_EColi3814_0,C90_EColi3814_0,C70_EColi3814_0,C50_EColi3814_0,C40_EColi1513_2,C30_EColi1916_2
EColi3815_1,C95_EColi3815_1,C90_EColi3815_1,C70_EColi3815_1,C50_EColi3815_1,C40_EColi3815_1,C30_EColi6112_0
EColi3816_0,C95_EColi3816_0,C90_EColi3816_0,C70_EColi3816_0,C50_EColi3816_0,C40_EColi4249_2,C30_EColi5530_2
EColi3817_0,C95_EColi3817_0,C90_EColi3817_0,C70_EColi3817_0,C50_EColi4957_0,C40_EColi3084_0,C30_EColi3084_0
EColi3818_0,C95_EColi3818_0,C90_EColi3818_0,C70_EColi3818_0,C50_EColi3818_0,C40_EColi3818_0,C30_EColi3818_0
EColi3819_0,C95_EColi3819_0,C90_EColi3819_0,C70_EColi3819_0,C50_EColi3819_0,C40_EColi3819_0,C30_EColi3041_0
EColi3820_1,C95_EColi3820_1,C90_EColi3820_1,C70_EColi3820_1,C50_EColi3820_1,C40_EColi3820_1,C30_EColi3666_0
EColi3821_0,C95_EColi3821_0,C90_EColi3821_0,C70_EColi3821_0,C50_EColi3821_0,C40_EColi3882_1,C30_EColi3882_1
EColi3822_2,C95_EColi3822_2,C90_EColi3822_2,C70_EColi3822_2,C50_EColi4853_0,C40_EColi486_1,C30_EColi4546_0
EColi3823_1,C95_EColi3823_1,C90_EColi3823_1,C70_EColi3823_1,C50_EColi3823_1,C40_EColi1914_0,C30_EColi1914_0
EColi3824_2,C95_EColi3824_2,C90_EColi3824_2,C70_EColi3824_2,C50_EColi3824_2,C40_EColi570_0,C30_EColi570_0
EColi3825_0,C95_EColi3825_0,C90_EColi3825_0,C70_EColi3825_0,C50_EColi3825_0,C40_EColi3825_0,C30_EColi1997_2
EColi3826_1,C95_EColi3826_1,C90_EColi3826_1,C70_EColi3826_1,C50_EColi3826_1,C40_EColi3826_1,C30_EColi2348_0
EColi3827_1,C95_EColi3827_1,C90_EColi3827_1,C70_EColi3827_1,C50_EColi3827_1,C40_EColi3827_1,C30_EColi3827_1
EColi3828_2,C95_EColi3828_2,C90_EColi3828_2,C70_EColi3828_2,C50_EColi3828_2,C40_EColi3828_2,C30_EColi2259_1
EColi3829_2,C95_EColi3829_2,C90_EColi3829_2,C70_EColi3829_2,C50_EColi3829_2,C40_EColi3829_2,C30_EColi4898_2
EColi3830_0,C95_EColi3830_0,C90_EColi3830_0,C70_EColi3830_0,C50_EColi3830_0,C40_EColi3830_0,C30_EColi3830_0
EColi3831_0,C95_EColi3831_0,C90_EColi3831_0,C70_EColi3831_0,C50_EColi3831_0,C40_EColi1508_2,C30_EColi1508_2
EColi3832_0,C95_EColi3832_0,C90_EColi3832_0,C70_EColi3832_0,C50_EColi3832_0,C40_EColi3832_0,C30_EColi3832_0
EColi3833_2,C95_EColi3833_2,C90_EColi3833_2,C70_EColi3833_2,C50_EColi3833_2,C40_EColi3833_2,C30_EColi2548_2
EColi3834_0,C95_EColi3834_0,C90_EColi3834_0,C70_EColi3834_0,C50_EColi3834_0,C40_EColi3834_0,C30_EColi1061_1
EColi3835_2,C95_EColi3835_2,C90_EColi3835_2,C70_EColi3835_2,C50_EColi3835_2,C40_EColi3835_2,C30_EColi3835_2
EColi3836_0,C95_EColi3836_0,C90_EColi3836_0,C70_EColi3836_0,C50_EColi3836_0,C40_EColi3836_0,C30_EColi3836_0
EColi3837_0,C95_EColi3837_0,C90_EColi3837_0,C70_EColi3837_0,C50_EColi3837_0,C40_EColi3837_0,C30_EColi3837_0
EColi3838_0,C95_EColi3838_0,C90_EColi3838_0,C70_EColi3838_0,C50_EColi3838_0,C40_EColi3838_0,C30_EColi3838_0
EColi3839_2,C95_EColi3839_2,C90_EColi3839_2,C70_EColi3839_2,C50_EColi3839_2,C40_EColi1346_0,C30_EColi656_0
EColi3840_2,C95_EColi3840_2,C90_EColi3840_2,C70_EColi3840_2,C50_EColi3840_2,C40_EColi3840_2,C30_EColi3840_2
EColi3841_1,C95_EColi3841_1,C90_EColi3841_1,C70_EColi3841_1,C50_EColi1510_1,C40_EColi1510_1,C30_EColi1510_1
EColi3842_2,C95_EColi3842_2,C90_EColi3842_2,C70_EColi3842_2,C50_EColi3842_2,C40_EColi3842_2,C30_EColi3842_2
EColi3843_2,C95_EColi3843_2,C90_EColi3843_2,C70_EColi3843_2,C50_EColi3843_2,C40_EColi3843_2,C30_EColi3843_2
EColi3844_0,C95_EColi3844_0,C90_EColi3844_0,C70_EColi3844_0,C50_EColi3844_0,C40_EColi3844_0,C30_EColi3844_0
EColi3845_0,C95_EColi3845_0,C90_EColi3845_0,C70_EColi3845_0,C50_EColi3845_0,C40_EColi3845_0,C30_EColi3845_0
EColi3846_2,C95_EColi3846_2,C90_EColi3846_2,C70_EColi3846_2,C50_EColi3846_2,C40_EColi3846_2,C30_EColi3846_2
EColi3847_1,C95_EColi3847_1,C90_EColi3847_1,C70_EColi3847_1,C50_EColi3847_1,C40_EColi3847_1,C30_EColi3847_1
EColi3848_2,C95_EColi3848_2,C90_EColi3848_2,C70_EColi3848_2,C50_EColi3848_2,C40_EColi3848_2,C30_EColi3848_2
EColi3849_2,C95_EColi3849_2,C90_EColi3849_2,C70_EColi3849_2,C50_EColi4366_0,C40_EColi4366_0,C30_EColi4366_0
EColi3850_0,C95_EColi3850_0,C90_EColi3850_0,C70_EColi3850_0,C50_EColi3850_0,C40_EColi3850_0,C30_EColi3850_0
EColi3851_0,C95_EColi3851_0,C90_EColi3851_0,C70_EColi3851_0,C50_EColi3851_0,C40_EColi3851_0,C30_EColi3851_0
EColi3852_1,C95_EColi3852_1,C90_EColi3852_1,C70_EColi3852_1,C50_EColi3852_1,C40_EColi3852_1,C30_EColi3852_1
EColi3853_2,C95_EColi3853_2,C90_EColi3853_2,C70_EColi3853_2,C50_EColi3853_2,C40_EColi3853_2,C30_EColi3853_2
EColi3854_1,C95_EColi3854_1,C90_EColi3854_1,C70_EColi3854_1,C50_EColi3854_1,C40_EColi3872_1,C30_EColi3854_1
EColi3855_1,C95_EColi3855_1,C90_EColi3855_1,C70_EColi3855_1,C50_EColi3855_1,C40_EColi3855_1,C30_EColi3855_1
EColi3856_0,C95_EColi3856_0,C90_EColi3856_0,C70_EColi3856_0,C50_EColi3856_0,C40_EColi3856_0,C30_EColi3856_0
EColi3857_2,C95_EColi3857_2,C90_EColi3857_2,C70_EColi3857_2,C50_EColi3857_2,C40_EColi3857_2,C30_EColi3857_2
EColi3858_1,C95_EColi3858_1,C90_EColi3858_1,C70_EColi3858_1,C50_EColi3858_1,C40_EColi3858_1,C30_EColi3858_1
EColi3859_2,C95_EColi3859_2,C90_EColi3859_2,C70_EColi3859_2,C50_EColi3874_2,C40_EColi3874_2,C30_EColi3874_2
EColi3860_1,C95_EColi3860_1,C90_EColi3860_1,C70_EColi3860_1,C50_EColi3860_1,C40_EColi3860_1,C30_EColi3875_1
EColi3861_1,C95_EColi3861_1,C90_EColi3861_1,C70_EColi3861_1,C50_EColi3861_1,C40_EColi3861_1,C30_EColi3861_1
EColi3862_1,C95_EColi3862_1,C90_EColi3862_1,C70_EColi3862_1,C50_EColi3862_1,C40_EColi3862_1,C30_EColi3862_1
EColi3863_0,C95_EColi3863_0,C90_EColi3863_0,C70_EColi3863_0,C50_EColi3863_0,C40_EColi3863_0,C30_EColi5341_1
EColi3864_2,C95_EColi3864_2,C90_EColi3864_2,C70_EColi3864_2,C50_EColi3864_2,C40_EColi3864_2,C30_EColi3864_2
EColi3865_0,C95_EColi3865_0,C90_EColi3865_0,C70_EColi3865_0,C50_EColi3865_0,C40_EColi4764_0,C30_EColi4764_0
EColi3866_2,C95_EColi3866_2,C90_EColi3866_2,C70_EColi3866_2,C50_EColi3866_2,C40_EColi3866_2,C30_EColi3866_2
EColi3867_2,C95_EColi3867_2,C90_EColi3867_2,C70_EColi3867_2,C50_EColi3867_2,C40_EColi3867_2,C30_EColi3867_2
EColi3868_2,C95_EColi3868_2,C90_EColi3868_2,C70_EColi3868_2,C50_EColi3868_2,C40_EColi3868_2,C30_EColi3868_2
EColi3869_1,C95_EColi3869_1,C90_EColi3869_1,C70_EColi3869_1,C50_EColi3727_1,C40_EColi3727_1,C30_EColi1308_0
EColi3870_1,C95_EColi3870_1,C90_EColi3870_1,C70_EColi3870_1,C50_EColi3870_1,C40_EColi3870_1,C30_EColi3870_1
EColi3871_2,C95_EColi3871_2,C90_EColi3871_2,C70_EColi3871_2,C50_EColi3871_2,C40_EColi3871_2,C30_EColi3871_2
EColi3872_1,C95_EColi3872_1,C90_EColi3872_1,C70_EColi3872_1,C50_EColi3872_1,C40_EColi3872_1,C30_EColi3854_1
EColi3873_1,C95_EColi3873_1,C90_EColi3873_1,C70_EColi3873_1,C50_EColi3852_1,C40_EColi3852_1,C30_EColi3852_1
EColi3874_2,C95_EColi3874_2,C90_EColi3874_2,C70_EColi3874_2,C50_EColi3874_2,C40_EColi3874_2,C30_EColi3874_2
EColi3875_1,C95_EColi3875_1,C90_EColi3875_1,C70_EColi3875_1,C50_EColi3875_1,C40_EColi3875_1,C30_EColi3875_1
EColi3876_1,C95_EColi3876_1,C90_EColi3876_1,C70_EColi3876_1,C50_EColi3876_1,C40_EColi3876_1,C30_EColi3876_1
EColi3877_1,C95_EColi3877_1,C90_EColi3877_1,C70_EColi3877_1,C50_EColi3877_1,C40_EColi3877_1,C30_EColi3877_1
EColi3878_1,C95_EColi3878_1,C90_EColi3878_1,C70_EColi3878_1,C50_EColi3878_1,C40_EColi3878_1,C30_EColi3878_1
EColi3879_0,C95_EColi3879_0,C90_EColi3879_0,C70_EColi3879_0,C50_EColi3879_0,C40_EColi3879_0,C30_EColi3879_0
EColi3880_0,C95_EColi3880_0,C90_EColi3880_0,C70_EColi3880_0,C50_EColi3880_0,C40_EColi3880_0,C30_EColi1525_2
EColi3881_1,C95_EColi3881_1,C90_EColi3881_1,C70_EColi3881_1,C50_EColi3881_1,C40_EColi3881_1,C30_EColi5983_2
EColi3882_1,C95_EColi3882_1,C90_EColi3882_1,C70_EColi3882_1,C50_EColi3882_1,C40_EColi3882_1,C30_EColi3882_1
EColi3883_0,C95_EColi3883_0,C90_EColi3883_0,C70_EColi3883_0,C50_EColi3883_0,C40_EColi3883_0,C30_EColi279_2
EColi3884_1,C95_EColi3884_1,C90_EColi3884_1,C70_EColi3884_1,C50_EColi3884_1,C40_EColi3884_1,C30_EColi3793_0
EColi3885_1,C95_EColi3885_1,C90_EColi3885_1,C70_EColi3885_1,C50_EColi3885_1,C40_EColi3885_1,C30_EColi3885_1
EColi3886_0,C95_EColi3886_0,C90_EColi3886_0,C70_EColi3886_0,C50_EColi3886_0,C40_EColi116_2,C30_EColi1215_2
EColi3887_1,C95_EColi3887_1,C90_EColi3887_1,C70_EColi3887_1,C50_EColi3887_1,C40_EColi3887_1,C30_EColi5309_0
EColi3888_2,C95_EColi3888_2,C90_EColi3888_2,C70_EColi3888_2,C50_EColi3888_2,C40_EColi892_1,C30_EColi1349_2
EColi3889_1,C95_EColi3889_1,C90_EColi3889_1,C70_EColi3889_1,C50_EColi3889_1,C40_EColi3889_1,C30_EColi356_1
EColi3890_1,C95_EColi3890_1,C90_EColi3890_1,C70_EColi3890_1,C50_EColi3890_1,C40_EColi761_1,C30_EColi761_1
EColi3891_1,C95_EColi3891_1,C90_EColi3891_1,C70_EColi3891_1,C50_EColi3891_1,C40_EColi1530_0,C30_EColi1530_0
EColi3892_0,C95_EColi3892_0,C90_EColi3892_0,C70_EColi3892_0,C50_EColi3892_0,C40_EColi2222_2,C30_EColi5866_0
EColi3893_2,C95_EColi3893_2,C90_EColi3893_2,C70_EColi3893_2,C50_EColi3893_2,C40_EColi3893_2,C30_EColi3893_2
EColi3894_0,C95_EColi3894_0,C90_EColi3894_0,C70_EColi3894_0,C50_EColi3894_0,C40_EColi3894_0,C30_EColi3952_2
EColi3895_1,C95_EColi3895_1,C90_EColi3895_1,C70_EColi3895_1,C50_EColi3895_1,C40_EColi3895_1,C30_EColi3895_1
EColi3896_2,C95_EColi3896_2,C90_EColi3896_2,C70_EColi3896_2,C50_EColi3896_2,C40_EColi3896_2,C30_EColi3896_2
EColi3897_2,C95_EColi3897_2,C90_EColi3897_2,C70_EColi3897_2,C50_EColi259_2,C40_EColi259_2,C30_EColi259_2
EColi3898_0,C95_EColi3898_0,C90_EColi3898_0,C70_EColi3898_0,C50_EColi3898_0,C40_EColi3898_0,C30_EColi3898_0
EColi3899_1,C95_EColi3899_1,C90_EColi3899_1,C70_EColi3899_1,C50_EColi3899_1,C40_EColi3899_1,C30_EColi4271_0
EColi3900_0,C95_EColi3900_0,C90_EColi3900_0,C70_EColi3900_0,C50_EColi3900_0,C40_EColi3900_0,C30_EColi3900_0
EColi3901_1,C95_EColi3901_1,C90_EColi3901_1,C70_EColi3901_1,C50_EColi3901_1,C40_EColi3901_1,C30_EColi1818_1
EColi3902_0,C95_EColi3902_0,C90_EColi3902_0,C70_EColi3902_0,C50_EColi3902_0,C40_EColi3902_0,C30_EColi4876_0
EColi3903_0,C95_EColi3903_0,C90_EColi3903_0,C70_EColi3903_0,C50_EColi3903_0,C40_EColi3903_0,C30_EColi863_0
EColi3904_0,C95_EColi3904_0,C90_EColi3904_0,C70_EColi3904_0,C50_EColi3904_0,C40_EColi3904_0,C30_EColi5908_0
EColi3905_1,C95_EColi3905_1,C90_EColi3905_1,C70_EColi3905_1,C50_EColi3905_1,C40_EColi3905_1,C30_EColi3905_1
EColi3906_0,C95_EColi3906_0,C90_EColi3906_0,C70_EColi3906_0,C50_EColi3906_0,C40_EColi3906_0,C30_EColi3906_0
EColi3907_1,C95_EColi3907_1,C90_EColi3907_1,C70_EColi3907_1,C50_EColi3907_1,C40_EColi3907_1,C30_EColi3907_1
EColi3908_1,C95_EColi3908_1,C90_EColi3908_1,C70_EColi3908_1,C50_EColi3908_1,C40_EColi1775_1,C30_EColi5043_0
EColi3909_0,C95_EColi3909_0,C90_EColi3909_0,C70_EColi3909_0,C50_EColi3909_0,C40_EColi3578_1,C30_EColi3578_1
EColi3910_0,C95_EColi3910_0,C90_EColi3910_0,C70_EColi3910_0,C50_EColi3910_0,C40_EColi3910_0,C30_EColi3917_0
EColi3911_1,C95_EColi3911_1,C90_EColi3911_1,C70_EColi3911_1,C50_EColi3911_1,C40_EColi1573_0,C30_EColi1575_1
EColi3912_0,C95_EColi3912_0,C90_EColi3912_0,C70_EColi3912_0,C50_EColi4309_0,C40_EColi4309_0,C30_EColi4309_0
EColi3913_0,C95_EColi3913_0,C90_EColi3913_0,C70_EColi3913_0,C50_EColi3913_0,C40_EColi3913_0,C30_EColi2734_2
EColi3914_0,C95_EColi3914_0,C90_EColi3914_0,C70_EColi3914_0,C50_EColi3914_0,C40_EColi4310_0,C30_EColi1579_0
EColi3915_0,C95_EColi3915_0,C90_EColi3915_0,C70_EColi3915_0,C50_EColi3915_0,C40_EColi3915_0,C30_EColi3915_0
EColi3916_0,C95_EColi3916_0,C90_EColi3916_0,C70_EColi3916_0,C50_EColi3916_0,C40_EColi3916_0,C30_EColi3916_0
EColi3917_0,C95_EColi3917_0,C90_EColi3917_0,C70_EColi3917_0,C50_EColi3917_0,C40_EColi3917_0,C30_EColi3917_0
EColi3918_0,C95_EColi3918_0,C90_EColi3918_0,C70_EColi3918_0,C50_EColi3918_0,C40_EColi3918_0,C30_EColi2620_0
EColi3919_0,C95_EColi3919_0,C90_EColi3919_0,C70_EColi3919_0,C50_EColi4628_0,C40_EColi4628_0,C30_EColi4628_0
EColi3920_1,C95_EColi3920_1,C90_EColi3920_1,C70_EColi3920_1,C50_EColi3920_1,C40_EColi3920_1,C30_EColi3920_1
EColi3921_0,C95_EColi3921_0,C90_EColi3921_0,C70_EColi3921_0,C50_EColi3921_0,C40_EColi1559_0,C30_EColi880_0
EColi3922_0,C95_EColi3922_0,C90_EColi3922_0,C70_EColi3922_0,C50_EColi3926_0,C40_EColi3926_0,C30_EColi3926_0
EColi3923_1,C95_EColi3923_1,C90_EColi3923_1,C70_EColi3923_1,C50_EColi3923_1,C40_EColi3926_0,C30_EColi3926_0
EColi3924_1,C95_EColi3924_1,C90_EColi3924_1,C70_EColi3924_1,C50_EColi3924_1,C40_EColi3924_1,C30_EColi1577_0
EColi3925_1,C95_EColi3925_1,C90_EColi3925_1,C70_EColi3925_1,C50_EColi3925_1,C40_EColi3925_1,C30_EColi3925_1
EColi3926_0,C95_EColi3926_0,C90_EColi3926_0,C70_EColi3926_0,C50_EColi3926_0,C40_EColi3926_0,C30_EColi3926_0
EColi3927_0,C95_EColi3927_0,C90_EColi3927_0,C70_EColi3927_0,C50_EColi3927_0,C40_EColi4540_2,C30_EColi4540_2
EColi3928_2,C95_EColi3928_2,C90_EColi3928_2,C70_EColi3928_2,C50_EColi3928_2,C40_EColi4007_2,C30_EColi4007_2
EColi3929_0,C95_EColi3929_0,C90_EColi3929_0,C70_EColi3929_0,C50_EColi3929_0,C40_EColi3929_0,C30_EColi3929_0
EColi3930_0,C95_EColi3930_0,C90_EColi3930_0,C70_EColi3930_0,C50_EColi4010_1,C40_EColi4010_1,C30_EColi4010_1
EColi3931_0,C95_EColi3931_0,C90_EColi3931_0,C70_EColi3931_0,C50_EColi3931_0,C40_EColi3931_0,C30_EColi3931_0
EColi3932_0,C95_EColi3932_0,C90_EColi3932_0,C70_EColi3932_0,C50_EColi3932_0,C40_EColi3932_0,C30_EColi3932_0
EColi3933_2,C95_EColi3933_2,C90_EColi3933_2,C70_EColi3933_2,C50_EColi3933_2,C40_EColi3933_2,C30_EColi3933_2
EColi3934_1,C95_EColi3934_1,C90_EColi3934_1,C70_EColi3934_1,C50_EColi3934_1,C40_EColi3934_1,C30_EColi4161_1
EColi3935_1,C95_EColi3935_1,C90_EColi3935_1,C70_EColi3935_1,C50_EColi3935_1,C40_EColi3935_1,C30_EColi3935_1
EColi3936_0,C95_EColi3936_0,C90_EColi3936_0,C70_EColi3936_0,C50_EColi3936_0,C40_EColi3936_0,C30_EColi118_0
EColi3937_1,C95_EColi3937_1,C90_EColi3937_1,C70_EColi3937_1,C50_EColi3937_1,C40_EColi3937_1,C30_EColi3937_1
EColi3938_1,C95_EColi3938_1,C90_EColi3938_1,C70_EColi3938_1,C50_EColi3938_1,C40_EColi4042_2,C30_EColi4042_2
EColi3939_2,C95_EColi3939_2,C90_EColi3939_2,C70_EColi3939_2,C50_EColi3939_2,C40_EColi3939_2,C30_EColi3939_2
EColi3940_0,C95_EColi3940_0,C90_EColi3940_0,C70_EColi3940_0,C50_EColi3940_0,C40_EColi3940_0,C30_EColi3940_0
EColi3941_1,C95_EColi3941_1,C90_EColi3941_1,C70_EColi3941_1,C50_EColi3941_1,C40_EColi3941_1,C30_EColi3941_1
EColi3942_2,C95_EColi3942_2,C90_EColi3942_2,C70_EColi3942_2,C50_EColi3942_2,C40_EColi2805_0,C30_EColi139_1
EColi3943_1,C95_EColi3943_1,C90_EColi3943_1,C70_EColi3943_1,C50_EColi5924_1,C40_EColi5924_1,C30_EColi5924_1
EColi3944_2,C95_EColi3944_2,C90_EColi3944_2,C70_EColi3944_2,C50_EColi3944_2,C40_EColi3944_2,C30_EColi6340_1
EColi3945_2,C95_EColi3945_2,C90_EColi3945_2,C70_EColi3945_2,C50_EColi3945_2,C40_EColi3945_2,C30_EColi1040_0
EColi3946_2,C95_EColi3946_2,C90_EColi3946_2,C70_EColi3946_2,C50_EColi3946_2,C40_EColi3946_2,C30_EColi3946_2
EColi3947_2,C95_EColi3947_2,C90_EColi3947_2,C70_EColi3947_2,C50_EColi3947_2,C40_EColi3947_2,C30_EColi3947_2
EColi3948_0,C95_EColi3948_0,C90_EColi3948_0,C70_EColi3948_0,C50_EColi3948_0,C40_EColi3948_0,C30_EColi2655_0
EColi3949_2,C95_EColi3949_2,C90_EColi3949_2,C70_EColi3949_2,C50_EColi3949_2,C40_EColi3949_2,C30_EColi3949_2
EColi3950_0,C95_EColi3950_0,C90_EColi3950_0,C70_EColi3950_0,C50_EColi3950_0,C40_EColi3950_0,C30_EColi5706_1
EColi3951_2,C95_EColi3951_2,C90_EColi3951_2,C70_EColi3951_2,C50_EColi3951_2,C40_EColi3951_2,C30_EColi3951_2
EColi3952_2,C95_EColi3952_2,C90_EColi3952_2,C70_EColi3952_2,C50_EColi3952_2,C40_EColi3952_2,C30_EColi3952_2
EColi3953_1,C95_EColi3953_1,C90_EColi3953_1,C70_EColi3953_1,C50_EColi3953_1,C40_EColi3953_1,C30_EColi3953_1
EColi3954_1,C95_EColi3954_1,C90_EColi3954_1,C70_EColi3954_1,C50_EColi3954_1,C40_EColi3954_1,C30_EColi2715_0
EColi3955_0,C95_EColi3955_0,C90_EColi3955_0,C70_EColi3955_0,C50_EColi3956_0,C40_EColi3956_0,C30_EColi3956_0
EColi3956_0,C95_EColi3956_0,C90_EColi3956_0,C70_EColi3956_0,C50_EColi3956_0,C40_EColi3956_0,C30_EColi3956_0
EColi3957_0,C95_EColi3957_0,C90_EColi3957_0,C70_EColi3957_0,C50_EColi3957_0,C40_EColi3345_0,C30_EColi3345_0
EColi3958_1,C95_EColi3958_1,C90_EColi3958_1,C70_EColi3958_1,C50_EColi3958_1,C40_EColi3958_1,C30_EColi5471_1
EColi3959_1,C95_EColi3959_1,C90_EColi3959_1,C70_EColi3959_1,C50_EColi3959_1,C40_EColi3959_1,C30_EColi3959_1
EColi3960_1,C95_EColi3960_1,C90_EColi3960_1,C70_EColi3960_1,C50_EColi3960_1,C40_EColi3960_1,C30_EColi5556_0
EColi3961_0,C95_EColi3961_0,C90_EColi3961_0,C70_EColi3961_0,C50_EColi3961_0,C40_EColi3961_0,C30_EColi3359_2
EColi3962_0,C95_EColi3962_0,C90_EColi3962_0,C70_EColi3962_0,C50_EColi3962_0,C40_EColi4087_0,C30_EColi4087_0
EColi3963_1,C95_EColi3963_1,C90_EColi3963_1,C70_EColi3963_1,C50_EColi3963_1,C40_EColi3963_1,C30_EColi3963_1
EColi3964_2,C95_EColi3964_2,C90_EColi3964_2,C70_EColi3964_2,C50_EColi3964_2,C40_EColi3964_2,C30_EColi840_0
EColi3965_1,C95_EColi3965_1,C90_EColi3965_1,C70_EColi3965_1,C50_EColi3965_1,C40_EColi3233_1,C30_EColi3233_1
EColi3966_2,C95_EColi3966_2,C90_EColi3966_2,C70_EColi3966_2,C50_EColi3966_2,C40_EColi3966_2,C30_EColi3966_2
EColi3967_2,C95_EColi3967_2,C90_EColi3967_2,C70_EColi3967_2,C50_EColi3967_2,C40_EColi5253_1,C30_EColi5253_1
EColi3968_2,C95_EColi3968_2,C90_EColi3968_2,C70_EColi3968_2,C50_EColi3968_2,C40_EColi3968_2,C30_EColi3968_2
EColi3969_0,C95_EColi3969_0,C90_EColi3969_0,C70_EColi3969_0,C50_EColi3969_0,C40_EColi1688_2,C30_EColi1384_1
EColi3970_2,C95_EColi3970_2,C90_EColi3970_2,C70_EColi3970_2,C50_EColi3970_2,C40_EColi4042_2,C30_EColi4042_2
EColi3971_0,C95_EColi3971_0,C90_EColi3971_0,C70_EColi3971_0,C50_EColi3971_0,C40_EColi3971_0,C30_EColi3971_0
EColi3972_1,C95_EColi3972_1,C90_EColi3972_1,C70_EColi3972_1,C50_EColi3972_1,C40_EColi3972_1,C30_EColi1357_1
EColi3973_0,C95_EColi3973_0,C90_EColi3973_0,C70_EColi3973_0,C50_EColi3973_0,C40_EColi3973_0,C30_EColi3973_0
EColi3974_1,C95_EColi3974_1,C90_EColi3974_1,C70_EColi3974_1,C50_EColi3974_1,C40_EColi4050_0,C30_EColi4050_0
EColi3975_1,C95_EColi3975_1,C90_EColi3975_1,C70_EColi3975_1,C50_EColi3975_1,C40_EColi3975_1,C30_EColi4630_2
EColi3976_0,C95_EColi3976_0,C90_EColi3976_0,C70_EColi3976_0,C50_EColi3976_0,C40_EColi5924_1,C30_EColi5924_1
EColi3977_1,C95_EColi3977_1,C90_EColi3977_1,C70_EColi3977_1,C50_EColi3977_1,C40_EColi3977_1,C30_EColi3977_1
EColi3978_1,C95_EColi3978_1,C90_EColi3978_1,C70_EColi3978_1,C50_EColi3978_1,C40_EColi4830_0,C30_EColi4830_0
EColi3979_2,C95_EColi3979_2,C90_EColi3979_2,C70_EColi3979_2,C50_EColi5774_0,C40_EColi3185_0,C30_EColi3185_0
EColi3980_2,C95_EColi3980_2,C90_EColi3980_2,C70_EColi3980_2,C50_EColi3980_2,C40_EColi579_1,C30_EColi1801_0
EColi3981_0,C95_EColi3981_0,C90_EColi3981_0,C70_EColi3981_0,C50_EColi3981_0,C40_EColi3981_0,C30_EColi373_0
EColi3982_1,C95_EColi3982_1,C90_EColi3982_1,C70_EColi3982_1,C50_EColi3982_1,C40_EColi1439_0,C30_EColi1439_0
EColi3983_2,C95_EColi3983_2,C90_EColi3983_2,C70_EColi3983_2,C50_EColi3983_2,C40_EColi3983_2,C30_EColi3093_2
EColi3984_0,C95_EColi3984_0,C90_EColi3984_0,C70_EColi3984_0,C50_EColi3960_1,C40_EColi3960_1,C30_EColi5556_0
EColi3985_2,C95_EColi3985_2,C90_EColi3985_2,C70_EColi3985_2,C50_EColi3985_2,C40_EColi3985_2,C30_EColi3985_2
EColi3986_2,C95_EColi3986_2,C90_EColi3986_2,C70_EColi3986_2,C50_EColi3986_2,C40_EColi3986_2,C30_EColi2489_0
EColi3987_1,C95_EColi3987_1,C90_EColi3987_1,C70_EColi3987_1,C50_EColi3987_1,C40_EColi3987_1,C30_EColi3233_1
EColi3988_1,C95_EColi3988_1,C90_EColi3988_1,C70_EColi3988_1,C50_EColi3988_1,C40_EColi3988_1,C30_EColi3988_1
EColi3989_1,C95_EColi3989_1,C90_EColi3989_1,C70_EColi3989_1,C50_EColi3963_1,C40_EColi3963_1,C30_EColi3963_1
EColi3990_1,C95_EColi3990_1,C90_EColi3990_1,C70_EColi3990_1,C50_EColi3966_2,C40_EColi3966_2,C30_EColi3966_2
EColi3991_2,C95_EColi3991_2,C90_EColi3991_2,C70_EColi3991_2,C50_EColi3991_2,C40_EColi3991_2,C30_EColi3991_2
EColi3992_0,C95_EColi3992_0,C90_EColi3992_0,C70_EColi3992_0,C50_EColi2305_2,C40_EColi2305_2,C30_EColi2305_2
EColi3993_1,C95_EColi3993_1,C90_EColi3993_1,C70_EColi3993_1,C50_EColi3993_1,C40_EColi4071_0,C30_EColi426_2
EColi3994_2,C95_EColi3994_2,C90_EColi3994_2,C70_EColi3994_2,C50_EColi2389_0,C40_EColi5638_2,C30_EColi5638_2
EColi3995_1,C95_EColi3995_1,C90_EColi3995_1,C70_EColi3995_1,C50_EColi3995_1,C40_EColi3995_1,C30_EColi3995_1
EColi3996_1,C95_EColi3996_1,C90_EColi3996_1,C70_EColi3996_1,C50_EColi3996_1,C40_EColi3996_1,C30_EColi3996_1
EColi3997_1,C95_EColi3997_1,C90_EColi3997_1,C70_EColi3997_1,C50_EColi3997_1,C40_EColi3997_1,C30_EColi5253_1
EColi3998_1,C95_EColi3998_1,C90_EColi3998_1,C70_EColi3998_1,C50_EColi3998_1,C40_EColi3998_1,C30_EColi4635_0
EColi3999_2,C95_EColi3999_2,C90_EColi3999_2,C70_EColi3999_2,C50_EColi3999_2,C40_EColi3968_2,C30_EColi3968_2
EColi4200_1,C95_EColi4200_1,C90_EColi4200_1,C70_EColi4200_1,C50_EColi4200_1,C40_EColi2899_2,C30_EColi2899_2
EColi4201_2,C95_EColi4201_2,C90_EColi4201_2,C70_EColi4201_2,C50_EColi3008_0,C40_EColi3008_0,C30_EColi3008_0
EColi4202_0,C95_EColi4202_0,C90_EColi4202_0,C70_EColi4202_0,C50_EColi4202_0,C40_EColi5567_0,C30_EColi5567_0
EColi4203_0,C95_EColi4203_0,C90_EColi4203_0,C70_EColi4203_0,C50_EColi4203_0,C40_EColi4586_0,C30_EColi4586_0
EColi4204_2,C95_EColi4204_2,C90_EColi4204_2,C70_EColi4204_2,C50_EColi4204_2,C40_EColi4204_2,C30_EColi4204_2
EColi4205_2,C95_EColi4205_2,C90_EColi4205_2,C70_EColi4205_2,C50_EColi4205_2,C40_EColi4205_2,C30_EColi4205_2
EColi4206_2,C95_EColi4206_2,C90_EColi4206_2,C70_EColi4206_2,C50_EColi4206_2,C40_EColi4206_2,C30_EColi4206_2
EColi4207_2,C95_EColi4207_2,C90_EColi4207_2,C70_EColi4207_2,C50_EColi4207_2,C40_EColi4207_2,C30_EColi4207_2
EColi4208_0,C95_EColi4208_0,C90_EColi4208_0,C70_EColi4208_0,C50_EColi4208_0,C40_EColi4208_0,C30_EColi4208_0
EColi4209_1,C95_EColi4209_1,C90_EColi4209_1,C70_EColi4209_1,C50_EColi4209_1,C40_EColi2649_1,C30_EColi2649_1
EColi4210_0,C95_EColi4210_0,C90_EColi4210_0,C70_EColi4210_0,C50_EColi4210_0,C40_EColi4210_0,C30_EColi327_1
EColi4211_1,C95_EColi4211_1,C90_EColi4211_1,C70_EColi4211_1,C50_EColi4211_1,C40_EColi4211_1,C30_EColi4211_1
EColi4212_1,C95_EColi4212_1,C90_EColi4212_1,C70_EColi4212_1,C50_EColi4212_1,C40_EColi4212_1,C30_EColi4212_1
EColi4213_0,C95_EColi4213_0,C90_EColi4213_0,C70_EColi4213_0,C50_EColi4213_0,C40_EColi4213_0,C30_EColi4213_0
EColi4214_2,C95_EColi4214_2,C90_EColi4214_2,C70_EColi4214_2,C50_EColi4214_2,C40_EColi4214_2,C30_EColi3105_2
EColi4215_2,C95_EColi4215_2,C90_EColi4215_2,C70_EColi4215_2,C50_EColi4215_2,C40_EColi4215_2,C30_EColi4216_0
EColi4216_0,C95_EColi4216_0,C90_EColi4216_0,C70_EColi4216_0,C50_EColi4216_0,C40_EColi4216_0,C30_EColi4216_0
EColi4217_2,C95_EColi4217_2,C90_EColi4217_2,C70_EColi4217_2,C50_EColi1510_1,C40_EColi1510_1,C30_EColi1510_1
EColi4218_2,C95_EColi4218_2,C90_EColi4218_2,C70_EColi4218_2,C50_EColi1510_1,C40_EColi1510_1,C30_EColi1510_1
EColi4219_0,C95_EColi4219_0,C90_EColi4219_0,C70_EColi4219_0,C50_EColi4219_0,C40_EColi4219_0,C30_EColi4219_0
EColi4220_1,C95_EColi4220_1,C90_EColi4220_1,C70_EColi4220_1,C50_EColi4220_1,C40_EColi4220_1,C30_EColi4220_1
EColi4221_1,C95_EColi4221_1,C90_EColi4221_1,C70_EColi4221_1,C50_EColi4221_1,C40_EColi4221_1,C30_EColi4221_1
EColi4222_2,C95_EColi4222_2,C90_EColi4222_2,C70_EColi4222_2,C50_EColi4222_2,C40_EColi4222_2,C30_EColi4222_2
EColi4223_0,C95_EColi4223_0,C90_EColi4223_0,C70_EColi4223_0,C50_EColi4223_0,C40_EColi4223_0,C30_EColi4223_0
EColi4224_1,C95_EColi4224_1,C90_EColi4224_1,C70_EColi4224_1,C50_EColi4224_1,C40_EColi4224_1,C30_EColi5638_2
EColi4225_0,C95_EColi4225_0,C90_EColi4225_0,C70_EColi4225_0,C50_EColi4225_0,C40_EColi4225_0,C30_EColi4225_0
EColi4226_1,C95_EColi4226_1,C90_EColi4226_1,C70_EColi4226_1,C50_EColi3249_1,C40_EColi1193_1,C30_EColi6064_0
EColi4227_1,C95_EColi4227_1,C90_EColi4227_1,C70_EColi4227_1,C50_EColi4227_1,C40_EColi4227_1,C30_EColi598_1
EColi4228_0,C95_EColi4228_0,C90_EColi4228_0,C70_EColi4228_0,C50_EColi4228_0,C40_EColi3360_1,C30_EColi3360_1
EColi4229_0,C95_EColi4229_0,C90_EColi4229_0,C70_EColi4229_0,C50_EColi4229_0,C40_EColi4229_0,C30_EColi4229_0
EColi4230_0,C95_EColi4230_0,C90_EColi4230_0,C70_EColi4230_0,C50_EColi4230_0,C40_EColi4230_0,C30_EColi4230_0
EColi4231_1,C95_EColi4231_1,C90_EColi4231_1,C70_EColi4231_1,C50_EColi4205_2,C40_EColi4205_2,C30_EColi4205_2
EColi4232_0,C95_EColi4232_0,C90_EColi4232_0,C70_EColi4232_0,C50_EColi4232_0,C40_EColi4232_0,C30_EColi4232_0
EColi4233_1,C95_EColi4233_1,C90_EColi4233_1,C70_EColi4233_1,C50_EColi4233_1,C40_EColi4233_1,C30_EColi4233_1
EColi4234_0,C95_EColi4234_0,C90_EColi4234_0,C70_EColi4234_0,C50_EColi4234_0,C40_EColi3142_0,C30_EColi5908_0
EColi4235_2,C95_EColi4235_2,C90_EColi4235_2,C70_EColi4235_2,C50_EColi4235_2,C40_EColi3381_1,C30_EColi3381_1
EColi4236_0,C95_EColi4236_0,C90_EColi4236_0,C70_EColi4236_0,C50_EColi4236_0,C40_EColi4236_0,C30_EColi4236_0
EColi4237_0,C95_EColi4237_0,C90_EColi4237_0,C70_EColi4237_0,C50_EColi4160_0,C40_EColi4160_0,C30_EColi4160_0
EColi4238_1,C95_EColi4238_1,C90_EColi4238_1,C70_EColi4238_1,C50_EColi4238_1,C40_EColi4238_1,C30_EColi4238_1
EColi4239_0,C95_EColi4239_0,C90_EColi4239_0,C70_EColi4239_0,C50_EColi4239_0,C40_EColi4239_0,C30_EColi1332_2
EColi4240_2,C95_EColi4240_2,C90_EColi4240_2,C70_EColi4240_2,C50_EColi684_0,C40_EColi3151_2,C30_EColi3926_0
EColi4241_0,C95_EColi4241_0,C90_EColi4241_0,C70_EColi4241_0,C50_EColi4241_0,C40_EColi2693_2,C30_EColi2693_2
EColi4242_0,C95_EColi4242_0,C90_EColi4242_0,C70_EColi4242_0,C50_EColi4242_0,C40_EColi4242_0,C30_EColi4242_0
EColi4243_0,C95_EColi4243_0,C90_EColi4243_0,C70_EColi4243_0,C50_EColi4243_0,C40_EColi4243_0,C30_EColi81_1
EColi4244_2,C95_EColi4244_2,C90_EColi4244_2,C70_EColi4244_2,C50_EColi4244_2,C40_EColi4244_2,C30_EColi3578_1
EColi4245_0,C95_EColi4245_0,C90_EColi4245_0,C70_EColi4246_1,C50_EColi4246_1,C40_EColi4246_1,C30_EColi4246_1
EColi4246_1,C95_EColi4246_1,C90_EColi4246_1,C70_EColi4246_1,C50_EColi4246_1,C40_EColi4246_1,C30_EColi4246_1
EColi4247_0,C95_EColi4247_0,C90_EColi4247_0,C70_EColi4247_0,C50_EColi4247_0,C40_EColi2642_1,C30_EColi2642_1
EColi4248_2,C95_EColi4248_2,C90_EColi4248_2,C70_EColi4248_2,C50_EColi4724_0,C40_EColi46_2,C30_EColi279_2
EColi4249_2,C95_EColi4249_2,C90_EColi4249_2,C70_EColi4249_2,C50_EColi4249_2,C40_EColi4249_2,C30_EColi5530_2
EColi4250_2,C95_EColi4250_2,C90_EColi4250_2,C70_EColi4250_2,C50_EColi4250_2,C40_EColi2817_2,C30_EColi2817_2
EColi4251_2,C95_EColi4251_2,C90_EColi4251_2,C70_EColi4251_2,C50_EColi4251_2,C40_EColi4251_2,C30_EColi4251_2
EColi4252_1,C95_EColi4252_1,C90_EColi4252_1,C70_EColi4252_1,C50_EColi4252_1,C40_EColi4252_1,C30_EColi4252_1
EColi4253_1,C95_EColi4253_1,C90_EColi4253_1,C70_EColi4253_1,C50_EColi4253_1,C40_EColi4253_1,C30_EColi4489_2
EColi4254_1,C95_EColi4254_1,C90_EColi4254_1,C70_EColi4254_1,C50_EColi4254_1,C40_EColi2114_0,C30_EColi5309_0
EColi4255_2,C95_EColi4255_2,C90_EColi4255_2,C70_EColi4255_2,C50_EColi4255_2,C40_EColi4255_2,C30_EColi1349_2
EColi4256_0,C95_EColi4256_0,C90_EColi4256_0,C70_EColi4256_0,C50_EColi4598_0,C40_EColi4256_0,C30_EColi111_2
EColi4257_1,C95_EColi4257_1,C90_EColi4257_1,C70_EColi4257_1,C50_EColi4257_1,C40_EColi4257_1,C30_EColi4257_1
EColi4258_2,C95_EColi4258_2,C90_EColi4258_2,C70_EColi4258_2,C50_EColi4258_2,C40_EColi4258_2,C30_EColi4258_2
EColi4259_1,C95_EColi4259_1,C90_EColi4259_1,C70_EColi4259_1,C50_EColi4259_1,C40_EColi5951_1,C30_EColi1672_0
EColi4260_0,C95_EColi4260_0,C90_EColi4260_0,C70_EColi4260_0,C50_EColi4260_0,C40_EColi4260_0,C30_EColi4260_0
EColi4261_1,C95_EColi4261_1,C90_EColi4261_1,C70_EColi4261_1,C50_EColi4261_1,C40_EColi4261_1,C30_EColi4261_1
EColi4262_1,C95_EColi4262_1,C90_EColi4262_1,C70_EColi4262_1,C50_EColi4262_1,C40_EColi4262_1,C30_EColi4262_1
EColi4263_1,C95_EColi4263_1,C90_EColi4263_1,C70_EColi4263_1,C50_EColi5794_2,C40_EColi5794_2,C30_EColi5794_2
EColi4264_1,C95_EColi4264_1,C90_EColi4264_1,C70_EColi4264_1,C50_EColi4264_1,C40_EColi4264_1,C30_EColi4264_1
EColi4265_1,C95_EColi4265_1,C90_EColi4265_1,C70_EColi4265_1,C50_EColi4265_1,C40_EColi4265_1,C30_EColi4265_1
EColi4266_0,C95_EColi4266_0,C90_EColi4266_0,C70_EColi4266_0,C50_EColi4266_0,C40_EColi4266_0,C30_EColi4266_0
EColi4267_1,C95_EColi4267_1,C90_EColi4267_1,C70_EColi4267_1,C50_EColi4267_1,C40_EColi4267_1,C30_EColi4267_1
EColi4268_1,C95_EColi4268_1,C90_EColi4268_1,C70_EColi4268_1,C50_EColi4268_1,C40_EColi4268_1,C30_EColi4268_1
EColi4269_1,C95_EColi4269_1,C90_EColi4269_1,C70_EColi4269_1,C50_EColi4269_1,C40_EColi4269_1,C30_EColi4269_1
EColi4270_1,C95_EColi4270_1,C90_EColi4270_1,C70_EColi4270_1,C50_EColi4270_1,C40_EColi4270_1,C30_EColi4270_1
EColi4271_0,C95_EColi4271_0,C90_EColi4271_0,C70_EColi4271_0,C50_EColi4271_0,C40_EColi4271_0,C30_EColi4271_0
EColi4272_1,C95_EColi4272_1,C90_EColi4272_1,C70_EColi4272_1,C50_EColi4272_1,C40_EColi4272_1,C30_EColi5032_2
EColi4273_1,C95_EColi4273_1,C90_EColi4273_1,C70_EColi4273_1,C50_EColi4273_1,C40_EColi4273_1,C30_EColi5558_1
EColi4274_0,C95_EColi4274_0,C90_EColi4274_0,C70_EColi4274_0,C50_EColi2959_1,C40_EColi2959_1,C30_EColi2959_1
EColi4275_1,C95_EColi4275_1,C90_EColi4275_1,C70_EColi4275_1,C50_EColi3561_0,C40_EColi2998_2,C30_EColi2998_2
EColi4276_0,C95_EColi4276_0,C90_EColi4276_0,C70_EColi4276_0,C50_EColi4276_0,C40_EColi4276_0,C30_EColi4276_0
EColi4277_1,C95_EColi4277_1,C90_EColi4277_1,C70_EColi4277_1,C50_EColi4334_1,C40_EColi4334_1,C30_EColi4334_1
EColi4278_1,C95_EColi4278_1,C90_EColi4278_1,C70_EColi4278_1,C50_EColi4278_1,C40_EColi4278_1,C30_EColi4280_2
EColi4279_1,C95_EColi4279_1,C90_EColi4279_1,C70_EColi4279_1,C50_EColi4279_1,C40_EColi4280_2,C30_EColi4280_2
EColi4280_2,C95_EColi4280_2,C90_EColi4280_2,C70_EColi4280_2,C50_EColi4280_2,C40_EColi4280_2,C30_EColi4280_2
EColi4281_1,C95_EColi4281_1,C90_EColi4281_1,C70_EColi4281_1,C50_EColi4281_1,C40_EColi4281_1,C30_EColi4281_1
EColi4282_0,C95_EColi4282_0,C90_EColi4282_0,C70_EColi4282_0,C50_EColi3579_1,C40_EColi3579_1,C30_EColi3579_1
EColi4283_1,C95_EColi4283_1,C90_EColi4283_1,C70_EColi4283_1,C50_EColi4283_1,C40_EColi4283_1,C30_EColi4286_1
EColi4284_1,C95_EColi4284_1,C90_EColi4284_1,C70_EColi4284_1,C50_EColi4284_1,C40_EColi4284_1,C30_EColi6002_1
EColi4285_0,C95_EColi4285_0,C90_EColi4285_0,C70_EColi4285_0,C50_EColi4285_0,C40_EColi4285_0,C30_EColi4285_0
EColi4286_1,C95_EColi4286_1,C90_EColi4286_1,C70_EColi4286_1,C50_EColi4286_1,C40_EColi4286_1,C30_EColi4286_1
EColi4287_1,C95_EColi4287_1,C90_EColi4287_1,C70_EColi4287_1,C50_EColi4287_1,C40_EColi4287_1,C30_EColi839_0
EColi4288_2,C95_EColi4288_2,C90_EColi4288_2,C70_EColi4288_2,C50_EColi4288_2,C40_EColi4288_2,C30_EColi4288_2
EColi4289_0,C95_EColi4289_0,C90_EColi4289_0,C70_EColi4289_0,C50_EColi4289_0,C40_EColi4289_0,C30_EColi5130_2
EColi4290_1,C95_EColi4290_1,C90_EColi4290_1,C70_EColi4290_1,C50_EColi4290_1,C40_EColi3444_2,C30_EColi3444_2
EColi4291_0,C95_EColi4291_0,C90_EColi4291_0,C70_EColi4291_0,C50_EColi4291_0,C40_EColi4291_0,C30_EColi4291_0
EColi4292_1,C95_EColi4292_1,C90_EColi4292_1,C70_EColi4292_1,C50_EColi4292_1,C40_EColi4292_1,C30_EColi4292_1
EColi4293_0,C95_EColi4293_0,C90_EColi4293_0,C70_EColi4293_0,C50_EColi4293_0,C40_EColi4293_0,C30_EColi4293_0
EColi4294_2,C95_EColi4294_2,C90_EColi4294_2,C70_EColi4294_2,C50_EColi4294_2,C40_EColi1808_1,C30_EColi1808_1
EColi4295_0,C95_EColi4295_0,C90_EColi4295_0,C70_EColi4295_0,C50_EColi2998_2,C40_EColi2998_2,C30_EColi2998_2
EColi4296_0,C95_EColi4296_0,C90_EColi4296_0,C70_EColi4296_0,C50_EColi4296_0,C40_EColi4296_0,C30_EColi2998_2
EColi4297_0,C95_EColi4297_0,C90_EColi4297_0,C70_EColi4297_0,C50_EColi4297_0,C40_EColi4297_0,C30_EColi4297_0
EColi4298_1,C95_EColi4298_1,C90_EColi4298_1,C70_EColi4298_1,C50_EColi4298_1,C40_EColi4298_1,C30_EColi4298_1
EColi4299_0,C95_EColi4299_0,C90_EColi4299_0,C70_EColi4299_0,C50_EColi4299_0,C40_EColi3574_0,C30_EColi4837_0
EColi100_0,C95_EColi100_0,C90_EColi100_0,C70_EColi100_0,C50_EColi4382_0,C40_EColi100_0,C30_EColi1596_1
EColi101_1,C95_EColi101_1,C90_EColi101_1,C70_EColi101_1,C50_EColi2701_2,C40_EColi3083_2,C30_EColi3083_2
EColi102_1,C95_EColi102_1,C90_EColi102_1,C70_EColi102_1,C50_EColi102_1,C40_EColi2826_2,C30_EColi1652_1
EColi103_2,C95_EColi103_2,C90_EColi103_2,C70_EColi103_2,C50_EColi103_2,C40_EColi4999_1,C30_EColi4999_1
EColi104_0,C95_EColi104_0,C90_EColi104_0,C70_EColi104_0,C50_EColi104_0,C40_EColi104_0,C30_EColi104_0
EColi105_1,C95_EColi105_1,C90_EColi105_1,C70_EColi105_1,C50_EColi105_1,C40_EColi105_1,C30_EColi105_1
EColi106_2,C95_EColi106_2,C90_EColi106_2,C70_EColi106_2,C50_EColi106_2,C40_EColi106_2,C30_EColi106_2
EColi107_0,C95_EColi107_0,C90_EColi107_0,C70_EColi107_0,C50_EColi107_0,C40_EColi2817_2,C30_EColi2817_2
EColi108_1,C95_EColi108_1,C90_EColi108_1,C70_EColi108_1,C50_EColi6112_0,C40_EColi6112_0,C30_EColi6112_0
EColi109_0,C95_EColi109_0,C90_EColi109_0,C70_EColi109_0,C50_EColi109_0,C40_EColi109_0,C30_EColi109_0
EColi110_2,C95_EColi110_2,C90_EColi110_2,C70_EColi110_2,C50_EColi110_2,C40_EColi5590_2,C30_EColi5278_1
EColi111_2,C95_EColi111_2,C90_EColi111_2,C70_EColi111_2,C50_EColi111_2,C40_EColi111_2,C30_EColi111_2
EColi112_2,C95_EColi112_2,C90_EColi112_2,C70_EColi112_2,C50_EColi112_2,C40_EColi112_2,C30_EColi112_2
EColi113_0,C95_EColi113_0,C90_EColi113_0,C70_EColi113_0,C50_EColi113_0,C40_EColi113_0,C30_EColi1349_2
EColi114_1,C95_EColi114_1,C90_EColi114_1,C70_EColi114_1,C50_EColi114_1,C40_EColi114_1,C30_EColi114_1
EColi115_0,C95_EColi115_0,C90_EColi115_0,C70_EColi115_0,C50_EColi115_0,C40_EColi115_0,C30_EColi5309_0
EColi116_2,C95_EColi116_2,C90_EColi116_2,C70_EColi116_2,C50_EColi116_2,C40_EColi116_2,C30_EColi48_0
EColi117_2,C95_EColi117_2,C90_EColi117_2,C70_EColi117_2,C50_EColi117_2,C40_EColi117_2,C30_EColi1654_0
EColi118_0,C95_EColi118_0,C90_EColi118_0,C70_EColi118_0,C50_EColi118_0,C40_EColi118_0,C30_EColi118_0
EColi119_0,C95_EColi119_0,C90_EColi119_0,C70_EColi119_0,C50_EColi119_0,C40_EColi119_0,C30_EColi119_0
EColi120_0,C95_EColi120_0,C90_EColi120_0,C70_EColi120_0,C50_EColi120_0,C40_EColi2372_1,C30_EColi2372_1
EColi121_2,C95_EColi121_2,C90_EColi121_2,C70_EColi121_2,C50_EColi121_2,C40_EColi121_2,C30_EColi121_2
EColi122_2,C95_EColi122_2,C90_EColi122_2,C70_EColi122_2,C50_EColi122_2,C40_EColi122_2,C30_EColi6340_1
EColi123_2,C95_EColi123_2,C90_EColi123_2,C70_EColi123_2,C50_EColi123_2,C40_EColi123_2,C30_EColi123_2
EColi124_2,C95_EColi124_2,C90_EColi124_2,C70_EColi124_2,C50_EColi124_2,C40_EColi124_2,C30_EColi124_2
EColi125_2,C95_EColi125_2,C90_EColi125_2,C70_EColi125_2,C50_EColi125_2,C40_EColi125_2,C30_EColi125_2
EColi126_1,C95_EColi126_1,C90_EColi126_1,C70_EColi126_1,C50_EColi126_1,C40_EColi126_1,C30_EColi123_2
EColi127_1,C95_EColi127_1,C90_EColi127_1,C70_EColi127_1,C50_EColi127_1,C40_EColi127_1,C30_EColi127_1
EColi128_2,C95_EColi128_2,C90_EColi128_2,C70_EColi128_2,C50_EColi6340_1,C40_EColi6340_1,C30_EColi6340_1
EColi129_1,C95_EColi129_1,C90_EColi129_1,C70_EColi129_1,C50_EColi2805_0,C40_EColi2805_0,C30_EColi139_1
EColi130_2,C95_EColi130_2,C90_EColi130_2,C70_EColi130_2,C50_EColi130_2,C40_EColi130_2,C30_EColi130_2
EColi131_1,C95_EColi131_1,C90_EColi131_1,C70_EColi131_1,C50_EColi131_1,C40_EColi3130_2,C30_EColi3130_2
EColi132_2,C95_EColi132_2,C90_EColi132_2,C70_EColi132_2,C50_EColi132_2,C40_EColi132_2,C30_EColi559_0
EColi133_1,C95_EColi133_1,C90_EColi133_1,C70_EColi133_1,C50_EColi133_1,C40_EColi133_1,C30_EColi133_1
EColi134_2,C95_EColi134_2,C90_EColi134_2,C70_EColi134_2,C50_EColi134_2,C40_EColi1042_0,C30_EColi702_1
EColi135_1,C95_EColi135_1,C90_EColi135_1,C70_EColi135_1,C50_EColi135_1,C40_EColi6192_1,C30_EColi136_1
EColi136_1,C95_EColi136_1,C90_EColi136_1,C70_EColi136_1,C50_EColi136_1,C40_EColi136_1,C30_EColi136_1
EColi137_2,C95_EColi137_2,C90_EColi137_2,C70_EColi137_2,C50_EColi137_2,C40_EColi558_0,C30_EColi558_0
EColi138_0,C95_EColi138_0,C90_EColi138_0,C70_EColi138_0,C50_EColi138_0,C40_EColi138_0,C30_EColi1363_1
EColi139_1,C95_EColi139_1,C90_EColi139_1,C70_EColi139_1,C50_EColi139_1,C40_EColi139_1,C30_EColi139_1
EColi140_2,C95_EColi140_2,C90_EColi140_2,C70_EColi140_2,C50_EColi140_2,C40_EColi140_2,C30_EColi5351_0
EColi141_0,C95_EColi141_0,C90_EColi141_0,C70_EColi141_0,C50_EColi141_0,C40_EColi141_0,C30_EColi635_0
EColi142_2,C95_EColi142_2,C90_EColi142_2,C70_EColi142_2,C50_EColi2875_2,C40_EColi2875_2,C30_EColi2875_2
EColi143_0,C95_EColi143_0,C90_EColi143_0,C70_EColi143_0,C50_EColi143_0,C40_EColi143_0,C30_EColi637_0
EColi144_2,C95_EColi144_2,C90_EColi144_2,C70_EColi144_2,C50_EColi144_2,C40_EColi144_2,C30_EColi4056_2
EColi145_2,C95_EColi145_2,C90_EColi145_2,C70_EColi145_2,C50_EColi145_2,C40_EColi145_2,C30_EColi145_2
EColi146_2,C95_EColi146_2,C90_EColi146_2,C70_EColi146_2,C50_EColi146_2,C40_EColi568_1,C30_EColi568_1
EColi147_0,C95_EColi147_0,C90_EColi147_0,C70_EColi147_0,C50_EColi5515_0,C40_EColi5515_0,C30_EColi4546_0
EColi148_1,C95_EColi148_1,C90_EColi148_1,C70_EColi148_1,C50_EColi148_1,C40_EColi148_1,C30_EColi148_1
EColi149_2,C95_EColi149_2,C90_EColi149_2,C70_EColi149_2,C50_EColi149_2,C40_EColi149_2,C30_EColi149_2
EColi150_2,C95_EColi150_2,C90_EColi150_2,C70_EColi150_2,C50_EColi150_2,C40_EColi150_2,C30_EColi150_2
EColi151_0,C95_EColi151_0,C90_EColi151_0,C70_EColi151_0,C50_EColi151_0,C40_EColi151_0,C30_EColi151_0
EColi152_2,C95_EColi152_2,C90_EColi152_2,C70_EColi152_2,C50_EColi152_2,C40_EColi5504_0,C30_EColi5504_0
EColi153_0,C95_EColi153_0,C90_EColi153_0,C70_EColi153_0,C50_EColi153_0,C40_EColi153_0,C30_EColi2347_1
EColi154_0,C95_EColi154_0,C90_EColi154_0,C70_EColi154_0,C50_EColi154_0,C40_EColi154_0,C30_EColi154_0
EColi155_1,C95_EColi155_1,C90_EColi155_1,C70_EColi155_1,C50_EColi155_1,C40_EColi155_1,C30_EColi155_1
EColi156_0,C95_EColi156_0,C90_EColi156_0,C70_EColi156_0,C50_EColi156_0,C40_EColi156_0,C30_EColi2810_2
EColi157_2,C95_EColi157_2,C90_EColi157_2,C70_EColi157_2,C50_EColi157_2,C40_EColi157_2,C30_EColi981_1
EColi158_2,C95_EColi158_2,C90_EColi158_2,C70_EColi158_2,C50_EColi158_2,C40_EColi158_2,C30_EColi158_2
EColi159_2,C95_EColi159_2,C90_EColi159_2,C70_EColi159_2,C50_EColi159_2,C40_EColi159_2,C30_EColi159_2
EColi160_2,C95_EColi160_2,C90_EColi160_2,C70_EColi160_2,C50_EColi160_2,C40_EColi160_2,C30_EColi160_2
EColi161_1,C95_EColi161_1,C90_EColi161_1,C70_EColi161_1,C50_EColi161_1,C40_EColi161_1,C30_EColi33_0
EColi162_0,C95_EColi162_0,C90_EColi162_0,C70_EColi162_0,C50_EColi162_0,C40_EColi162_0,C30_EColi4300_1
EColi163_0,C95_EColi163_0,C90_EColi163_0,C70_EColi163_0,C50_EColi4507_2,C40_EColi4507_2,C30_EColi5730_2
EColi164_1,C95_EColi164_1,C90_EColi164_1,C70_EColi164_1,C50_EColi827_2,C40_EColi4675_2,C30_EColi827_2
EColi165_2,C95_EColi165_2,C90_EColi165_2,C70_EColi165_2,C50_EColi165_2,C40_EColi165_2,C30_EColi4517_2
EColi166_2,C95_EColi166_2,C90_EColi166_2,C70_EColi166_2,C50_EColi166_2,C40_EColi166_2,C30_EColi1446_0
EColi167_1,C95_EColi167_1,C90_EColi167_1,C70_EColi167_1,C50_EColi167_1,C40_EColi167_1,C30_EColi3207_0
EColi168_1,C95_EColi168_1,C90_EColi168_1,C70_EColi168_1,C50_EColi168_1,C40_EColi168_1,C30_EColi172_0
EColi169_1,C95_EColi169_1,C90_EColi169_1,C70_EColi169_1,C50_EColi169_1,C40_EColi169_1,C30_EColi169_1
EColi170_0,C95_EColi170_0,C90_EColi170_0,C70_EColi170_0,C50_EColi170_0,C40_EColi5893_2,C30_EColi5893_2
EColi171_2,C95_EColi171_2,C90_EColi171_2,C70_EColi171_2,C50_EColi4632_2,C40_EColi4632_2,C30_EColi171_2
EColi172_0,C95_EColi172_0,C90_EColi172_0,C70_EColi172_0,C50_EColi172_0,C40_EColi172_0,C30_EColi172_0
EColi173_1,C95_EColi173_1,C90_EColi173_1,C70_EColi173_1,C50_EColi173_1,C40_EColi173_1,C30_EColi2300_1
EColi174_2,C95_EColi174_2,C90_EColi174_2,C70_EColi174_2,C50_EColi174_2,C40_EColi174_2,C30_EColi174_2
EColi175_0,C95_EColi175_0,C90_EColi175_0,C70_EColi175_0,C50_EColi175_0,C40_EColi175_0,C30_EColi175_0
EColi176_1,C95_EColi176_1,C90_EColi176_1,C70_EColi176_1,C50_EColi176_1,C40_EColi176_1,C30_EColi5893_2
EColi177_0,C95_EColi177_0,C90_EColi177_0,C70_EColi177_0,C50_EColi177_0,C40_EColi177_0,C30_EColi2492_0
EColi178_1,C95_EColi178_1,C90_EColi178_1,C70_EColi178_1,C50_EColi178_1,C40_EColi178_1,C30_EColi178_1
EColi179_1,C95_EColi179_1,C90_EColi179_1,C70_EColi179_1,C50_EColi179_1,C40_EColi179_1,C30_EColi179_1
EColi180_1,C95_EColi180_1,C90_EColi180_1,C70_EColi180_1,C50_EColi180_1,C40_EColi180_1,C30_EColi180_1
EColi181_1,C95_EColi181_1,C90_EColi181_1,C70_EColi181_1,C50_EColi181_1,C40_EColi2315_0,C30_EColi2315_0
EColi182_2,C95_EColi182_2,C90_EColi182_2,C70_EColi182_2,C50_EColi182_2,C40_EColi182_2,C30_EColi182_2
EColi183_2,C95_EColi183_2,C90_EColi183_2,C70_EColi183_2,C50_EColi183_2,C40_EColi183_2,C30_EColi183_2
EColi184_2,C95_EColi184_2,C90_EColi184_2,C70_EColi184_2,C50_EColi184_2,C40_EColi184_2,C30_EColi6089_1
EColi185_1,C95_EColi185_1,C90_EColi185_1,C70_EColi185_1,C50_EColi185_1,C40_EColi185_1,C30_EColi185_1
EColi186_1,C95_EColi186_1,C90_EColi186_1,C70_EColi186_1,C50_EColi186_1,C40_EColi3007_1,C30_EColi5251_1
EColi187_1,C95_EColi187_1,C90_EColi187_1,C70_EColi187_1,C50_EColi187_1,C40_EColi187_1,C30_EColi187_1
EColi188_1,C95_EColi188_1,C90_EColi188_1,C70_EColi188_1,C50_EColi188_1,C40_EColi188_1,C30_EColi4125_1
EColi189_1,C95_EColi189_1,C90_EColi189_1,C70_EColi189_1,C50_EColi189_1,C40_EColi189_1,C30_EColi189_1
EColi190_1,C95_EColi190_1,C90_EColi190_1,C70_EColi190_1,C50_EColi190_1,C40_EColi190_1,C30_EColi190_1
EColi191_0,C95_EColi191_0,C90_EColi191_0,C70_EColi191_0,C50_EColi191_0,C40_EColi191_0,C30_EColi191_0
EColi192_1,C95_EColi192_1,C90_EColi192_1,C70_EColi192_1,C50_EColi2867_1,C40_EColi609_1,C30_EColi609_1
EColi193_1,C95_EColi193_1,C90_EColi193_1,C70_EColi193_1,C50_EColi193_1,C40_EColi193_1,C30_EColi193_1
EColi194_0,C95_EColi194_0,C90_EColi194_0,C70_EColi194_0,C50_EColi194_0,C40_EColi194_0,C30_EColi194_0
EColi195_1,C95_EColi195_1,C90_EColi195_1,C70_EColi195_1,C50_EColi195_1,C40_EColi195_1,C30_EColi195_1
EColi196_1,C95_EColi196_1,C90_EColi196_1,C70_EColi196_1,C50_EColi196_1,C40_EColi196_1,C30_EColi196_1
EColi197_1,C95_EColi197_1,C90_EColi197_1,C70_EColi197_1,C50_EColi197_1,C40_EColi197_1,C30_EColi611_0
EColi198_1,C95_EColi198_1,C90_EColi198_1,C70_EColi198_1,C50_EColi198_1,C40_EColi198_1,C30_EColi198_1
EColi199_0,C95_EColi199_0,C90_EColi199_0,C70_EColi199_0,C50_EColi199_0,C40_EColi199_0,C30_EColi199_0
EColi300_2,C95_EColi300_2,C90_EColi300_2,C70_EColi300_2,C50_EColi300_2,C40_EColi300_2,C30_EColi300_2
EColi301_2,C95_EColi301_2,C90_EColi301_2,C70_EColi301_2,C50_EColi301_2,C40_EColi301_2,C30_EColi301_2
EColi302_2,C95_EColi302_2,C90_EColi302_2,C70_EColi302_2,C50_EColi302_2,C40_EColi302_2,C30_EColi302_2
EColi303_2,C95_EColi303_2,C90_EColi303_2,C70_EColi303_2,C50_EColi2144_1,C40_EColi3261_0,C30_EColi3261_0
EColi304_2,C95_EColi304_2,C90_EColi304_2,C70_EColi304_2,C50_EColi304_2,C40_EColi304_2,C30_EColi304_2
EColi305_2,C95_EColi305_2,C90_EColi305_2,C70_EColi305_2,C50_EColi305_2,C40_EColi305_2,C30_EColi1664_0
EColi306_1,C95_EColi306_1,C90_EColi306_1,C70_EColi306_1,C50_EColi4675_2,C40_EColi4675_2,C30_EColi827_2
EColi307_2,C95_EColi307_2,C90_EColi307_2,C70_EColi307_2,C50_EColi307_2,C40_EColi307_2,C30_EColi307_2
EColi308_2,C95_EColi308_2,C90_EColi308_2,C70_EColi308_2,C50_EColi4632_2,C40_EColi4632_2,C30_EColi2385_1
EColi309_0,C95_EColi309_0,C90_EColi309_0,C70_EColi309_0,C50_EColi309_0,C40_EColi309_0,C30_EColi310_0
EColi310_0,C95_EColi310_0,C90_EColi310_0,C70_EColi310_0,C50_EColi310_0,C40_EColi310_0,C30_EColi310_0
EColi311_0,C95_EColi311_0,C90_EColi311_0,C70_EColi311_0,C50_EColi5411_1,C40_EColi4821_0,C30_EColi5411_1
EColi312_2,C95_EColi312_2,C90_EColi312_2,C70_EColi312_2,C50_EColi312_2,C40_EColi312_2,C30_EColi6029_0
EColi313_2,C95_EColi313_2,C90_EColi313_2,C70_EColi313_2,C50_EColi919_2,C40_EColi312_2,C30_EColi1290_1
EColi314_1,C95_EColi314_1,C90_EColi314_1,C70_EColi314_1,C50_EColi314_1,C40_EColi314_1,C30_EColi314_1
EColi315_0,C95_EColi315_0,C90_EColi315_0,C70_EColi315_0,C50_EColi315_0,C40_EColi315_0,C30_EColi315_0
EColi316_0,C95_EColi316_0,C90_EColi316_0,C70_EColi316_0,C50_EColi316_0,C40_EColi4588_0,C30_EColi4588_0
EColi317_1,C95_EColi317_1,C90_EColi317_1,C70_EColi317_1,C50_EColi317_1,C40_EColi317_1,C30_EColi317_1
EColi318_1,C95_EColi318_1,C90_EColi318_1,C70_EColi318_1,C50_EColi318_1,C40_EColi318_1,C30_EColi318_1
EColi319_1,C95_EColi319_1,C90_EColi319_1,C70_EColi319_1,C50_EColi319_1,C40_EColi319_1,C30_EColi318_1
EColi320_1,C95_EColi320_1,C90_EColi320_1,C70_EColi320_1,C50_EColi320_1,C40_EColi320_1,C30_EColi320_1
EColi321_0,C95_EColi321_0,C90_EColi321_0,C70_EColi321_0,C50_EColi321_0,C40_EColi321_0,C30_EColi321_0
EColi322_0,C95_EColi322_0,C90_EColi322_0,C70_EColi322_0,C50_EColi322_0,C40_EColi322_0,C30_EColi322_0
EColi323_1,C95_EColi323_1,C90_EColi323_1,C70_EColi323_1,C50_EColi323_1,C40_EColi323_1,C30_EColi323_1
EColi324_1,C95_EColi324_1,C90_EColi324_1,C70_EColi324_1,C50_EColi324_1,C40_EColi324_1,C30_EColi324_1
EColi325_2,C95_EColi325_2,C90_EColi325_2,C70_EColi325_2,C50_EColi325_2,C40_EColi325_2,C30_EColi325_2
EColi326_1,C95_EColi326_1,C90_EColi326_1,C70_EColi326_1,C50_EColi4032_0,C40_EColi1593_1,C30_EColi2825_2
EColi327_1,C95_EColi327_1,C90_EColi327_1,C70_EColi327_1,C50_EColi327_1,C40_EColi327_1,C30_EColi327_1
EColi328_1,C95_EColi328_1,C90_EColi328_1,C70_EColi328_1,C50_EColi328_1,C40_EColi328_1,C30_EColi328_1
EColi329_0,C95_EColi329_0,C90_EColi329_0,C70_EColi329_0,C50_EColi329_0,C40_EColi116_2,C30_EColi6097_2
EColi330_1,C95_EColi330_1,C90_EColi330_1,C70_EColi330_1,C50_EColi330_1,C40_EColi330_1,C30_EColi330_1
EColi331_0,C95_EColi331_0,C90_EColi331_0,C70_EColi331_0,C50_EColi4598_0,C40_EColi4495_0,C30_EColi111_2
EColi332_0,C95_EColi332_0,C90_EColi332_0,C70_EColi332_0,C50_EColi332_0,C40_EColi332_0,C30_EColi332_0
EColi333_1,C95_EColi333_1,C90_EColi333_1,C70_EColi333_1,C50_EColi333_1,C40_EColi333_1,C30_EColi333_1
EColi334_0,C95_EColi334_0,C90_EColi334_0,C70_EColi334_0,C50_EColi334_0,C40_EColi334_0,C30_EColi334_0
EColi335_0,C95_EColi335_0,C90_EColi335_0,C70_EColi335_0,C50_EColi335_0,C40_EColi335_0,C30_EColi335_0
EColi336_2,C95_EColi336_2,C90_EColi336_2,C70_EColi336_2,C50_EColi336_2,C40_EColi336_2,C30_EColi336_2
EColi337_0,C95_EColi337_0,C90_EColi337_0,C70_EColi337_0,C50_EColi337_0,C40_EColi337_0,C30_EColi337_0
EColi338_0,C95_EColi338_0,C90_EColi338_0,C70_EColi338_0,C50_EColi338_0,C40_EColi338_0,C30_EColi338_0
EColi339_0,C95_EColi339_0,C90_EColi339_0,C70_EColi339_0,C50_EColi339_0,C40_EColi339_0,C30_EColi339_0
EColi340_0,C95_EColi340_0,C90_EColi340_0,C70_EColi340_0,C50_EColi340_0,C40_EColi340_0,C30_EColi340_0
EColi341_1,C95_EColi341_1,C90_EColi341_1,C70_EColi341_1,C50_EColi665_1,C40_EColi2901_2,C30_EColi2901_2
EColi342_2,C95_EColi342_2,C90_EColi342_2,C70_EColi342_2,C50_EColi342_2,C40_EColi342_2,C30_EColi342_2
EColi343_0,C95_EColi343_0,C90_EColi343_0,C70_EColi343_0,C50_EColi343_0,C40_EColi343_0,C30_EColi343_0
EColi344_1,C95_EColi344_1,C90_EColi344_1,C70_EColi344_1,C50_EColi344_1,C40_EColi344_1,C30_EColi344_1
EColi345_0,C95_EColi345_0,C90_EColi345_0,C70_EColi345_0,C50_EColi345_0,C40_EColi345_0,C30_EColi345_0
EColi346_0,C95_EColi346_0,C90_EColi346_0,C70_EColi346_0,C50_EColi346_0,C40_EColi346_0,C30_EColi346_0
EColi347_2,C95_EColi347_2,C90_EColi347_2,C70_EColi347_2,C50_EColi347_2,C40_EColi116_2,C30_EColi1215_2
EColi348_2,C95_EColi348_2,C90_EColi348_2,C70_EColi348_2,C50_EColi348_2,C40_EColi348_2,C30_EColi4999_1
EColi349_2,C95_EColi349_2,C90_EColi349_2,C70_EColi349_2,C50_EColi349_2,C40_EColi349_2,C30_EColi4999_1
EColi350_0,C95_EColi350_0,C90_EColi350_0,C70_EColi350_0,C50_EColi350_0,C40_EColi350_0,C30_EColi4251_2
EColi351_0,C95_EColi351_0,C90_EColi351_0,C70_EColi351_0,C50_EColi351_0,C40_EColi351_0,C30_EColi351_0
EColi2200_0,C95_EColi2200_0,C90_EColi2200_0,C70_EColi2200_0,C50_EColi2200_0,C40_EColi2200_0,C30_EColi2200_0
EColi2201_1,C95_EColi2201_1,C90_EColi2201_1,C70_EColi2201_1,C50_EColi2201_1,C40_EColi5668_0,C30_EColi5668_0
EColi2202_2,C95_EColi2202_2,C90_EColi2202_2,C70_EColi2202_2,C50_EColi2202_2,C40_EColi2202_2,C30_EColi2202_2
EColi2203_1,C95_EColi2203_1,C90_EColi2203_1,C70_EColi2203_1,C50_EColi2203_1,C40_EColi2203_1,C30_EColi4666_1
EColi2204_0,C95_EColi2204_0,C90_EColi2204_0,C70_EColi2204_0,C50_EColi2204_0,C40_EColi2204_0,C30_EColi3659_1
EColi2205_2,C95_EColi2205_2,C90_EColi2205_2,C70_EColi2205_2,C50_EColi2205_2,C40_EColi2205_2,C30_EColi3083_2
EColi2206_2,C95_EColi2206_2,C90_EColi2206_2,C70_EColi2206_2,C50_EColi2206_2,C40_EColi5714_2,C30_EColi3341_1
EColi2207_2,C95_EColi2207_2,C90_EColi2207_2,C70_EColi2207_2,C50_EColi2207_2,C40_EColi2414_2,C30_EColi2414_2
EColi2208_2,C95_EColi2208_2,C90_EColi2208_2,C70_EColi2208_2,C50_EColi2208_2,C40_EColi3283_1,C30_EColi3283_1
EColi2209_2,C95_EColi2209_2,C90_EColi2209_2,C70_EColi2209_2,C50_EColi2209_2,C40_EColi2209_2,C30_EColi2209_2
EColi2210_1,C95_EColi2210_1,C90_EColi2210_1,C70_EColi2210_1,C50_EColi2210_1,C40_EColi2210_1,C30_EColi2210_1
EColi2211_1,C95_EColi2211_1,C90_EColi2211_1,C70_EColi2211_1,C50_EColi4421_0,C40_EColi111_2,C30_EColi111_2
EColi2212_2,C95_EColi2212_2,C90_EColi2212_2,C70_EColi2212_2,C50_EColi5036_1,C40_EColi4136_1,C30_EColi4136_1
EColi2213_2,C95_EColi2213_2,C90_EColi2213_2,C70_EColi2213_2,C50_EColi2213_2,C40_EColi2213_2,C30_EColi1709_2
EColi2214_2,C95_EColi2214_2,C90_EColi2214_2,C70_EColi2214_2,C50_EColi2214_2,C40_EColi2214_2,C30_EColi2214_2
EColi2215_2,C95_EColi2215_2,C90_EColi2215_2,C70_EColi2215_2,C50_EColi2215_2,C40_EColi2215_2,C30_EColi2215_2
EColi2216_2,C95_EColi2216_2,C90_EColi2216_2,C70_EColi2216_2,C50_EColi2216_2,C40_EColi2216_2,C30_EColi2216_2
EColi2217_0,C95_EColi2217_0,C90_EColi2217_0,C70_EColi2217_0,C50_EColi2217_0,C40_EColi2217_0,C30_EColi2217_0
EColi2218_1,C95_EColi2218_1,C90_EColi2218_1,C70_EColi2218_1,C50_EColi2218_1,C40_EColi2218_1,C30_EColi5650_2
EColi2219_2,C95_EColi2219_2,C90_EColi2219_2,C70_EColi2219_2,C50_EColi2219_2,C40_EColi2219_2,C30_EColi2219_2
EColi2220_0,C95_EColi2220_0,C90_EColi2220_0,C70_EColi2220_0,C50_EColi5537_0,C40_EColi5537_0,C30_EColi5537_0
EColi2221_2,C95_EColi2221_2,C90_EColi2221_2,C70_EColi2221_2,C50_EColi2221_2,C40_EColi2221_2,C30_EColi4546_0
EColi2222_2,C95_EColi2222_2,C90_EColi2222_2,C70_EColi2222_2,C50_EColi2222_2,C40_EColi2222_2,C30_EColi5866_0
EColi2223_2,C95_EColi2223_2,C90_EColi2223_2,C70_EColi2223_2,C50_EColi2223_2,C40_EColi2223_2,C30_EColi2223_2
EColi2224_1,C95_EColi2224_1,C90_EColi2224_1,C70_EColi2224_1,C50_EColi2224_1,C40_EColi2224_1,C30_EColi2224_1
EColi2225_0,C95_EColi2225_0,C90_EColi2225_0,C70_EColi2225_0,C50_EColi2225_0,C40_EColi2225_0,C30_EColi2225_0
EColi2226_1,C95_EColi2226_1,C90_EColi2226_1,C70_EColi2226_1,C50_EColi2226_1,C40_EColi2226_1,C30_EColi2226_1
EColi2227_2,C95_EColi2227_2,C90_EColi2227_2,C70_EColi2227_2,C50_EColi4709_1,C40_EColi3474_2,C30_EColi901_0
EColi2228_2,C95_EColi2228_2,C90_EColi2228_2,C70_EColi2228_2,C50_EColi2228_2,C40_EColi2228_2,C30_EColi2228_2
EColi2229_2,C95_EColi2229_2,C90_EColi2229_2,C70_EColi2229_2,C50_EColi2229_2,C40_EColi2229_2,C30_EColi4115_0
EColi2230_2,C95_EColi2230_2,C90_EColi2230_2,C70_EColi2230_2,C50_EColi2230_2,C40_EColi2230_2,C30_EColi2230_2
EColi2231_2,C95_EColi2231_2,C90_EColi2231_2,C70_EColi2231_2,C50_EColi2231_2,C40_EColi2231_2,C30_EColi1167_2
EColi2232_2,C95_EColi2232_2,C90_EColi2232_2,C70_EColi2232_2,C50_EColi2232_2,C40_EColi2232_2,C30_EColi2233_0
EColi2233_0,C95_EColi2233_0,C90_EColi2233_0,C70_EColi2233_0,C50_EColi2233_0,C40_EColi2233_0,C30_EColi2233_0
EColi2234_0,C95_EColi2234_0,C90_EColi2234_0,C70_EColi2234_0,C50_EColi2234_0,C40_EColi2234_0,C30_EColi2234_0
EColi2235_1,C95_EColi2235_1,C90_EColi2235_1,C70_EColi2235_1,C50_EColi2235_1,C40_EColi2235_1,C30_EColi2235_1
EColi2236_0,C95_EColi2236_0,C90_EColi2236_0,C70_EColi2236_0,C50_EColi2236_0,C40_EColi2236_0,C30_EColi2236_0
EColi2237_1,C95_EColi2237_1,C90_EColi2237_1,C70_EColi2237_1,C50_EColi2237_1,C40_EColi2237_1,C30_EColi625_1
EColi2238_2,C95_EColi2238_2,C90_EColi2238_2,C70_EColi2238_2,C50_EColi2238_2,C40_EColi3954_1,C30_EColi2238_2
EColi2239_2,C95_EColi2239_2,C90_EColi2239_2,C70_EColi2239_2,C50_EColi2239_2,C40_EColi2239_2,C30_EColi2239_2
EColi2240_0,C95_EColi2240_0,C90_EColi2240_0,C70_EColi2240_0,C50_EColi5647_0,C40_EColi5647_0,C30_EColi5647_0
EColi2241_1,C95_EColi2241_1,C90_EColi2241_1,C70_EColi2241_1,C50_EColi4604_0,C40_EColi4604_0,C30_EColi4604_0
EColi2242_0,C95_EColi2242_0,C90_EColi2242_0,C70_EColi2242_0,C50_EColi2242_0,C40_EColi2242_0,C30_EColi2242_0
EColi2243_0,C95_EColi2243_0,C90_EColi2243_0,C70_EColi2243_0,C50_EColi2243_0,C40_EColi2243_0,C30_EColi1727_1
EColi2244_1,C95_EColi2244_1,C90_EColi2244_1,C70_EColi2244_1,C50_EColi2244_1,C40_EColi3333_1,C30_EColi3333_1
EColi2245_2,C95_EColi2245_2,C90_EColi2245_2,C70_EColi2245_2,C50_EColi1943_1,C40_EColi1943_1,C30_EColi1943_1
EColi2246_1,C95_EColi2246_1,C90_EColi2246_1,C70_EColi2246_1,C50_EColi2246_1,C40_EColi2246_1,C30_EColi5272_2
EColi2247_0,C95_EColi2247_0,C90_EColi2247_0,C70_EColi2247_0,C50_EColi2247_0,C40_EColi2247_0,C30_EColi2247_0
EColi2248_1,C95_EColi2248_1,C90_EColi2248_1,C70_EColi2248_1,C50_EColi2248_1,C40_EColi2248_1,C30_EColi2248_1
EColi2249_1,C95_EColi2249_1,C90_EColi2249_1,C70_EColi2249_1,C50_EColi2249_1,C40_EColi1967_1,C30_EColi2499_1
EColi2250_2,C95_EColi2250_2,C90_EColi2250_2,C70_EColi2250_2,C50_EColi1916_2,C40_EColi4738_1,C30_EColi1916_2
EColi2251_1,C95_EColi2251_1,C90_EColi2251_1,C70_EColi2251_1,C50_EColi2251_1,C40_EColi2251_1,C30_EColi598_1
EColi2252_0,C95_EColi2252_0,C90_EColi2252_0,C70_EColi2252_0,C50_EColi2252_0,C40_EColi2252_0,C30_EColi2252_0
EColi2253_1,C95_EColi2253_1,C90_EColi2253_1,C70_EColi2253_1,C50_EColi2253_1,C40_EColi2253_1,C30_EColi2253_1
EColi2254_1,C95_EColi2254_1,C90_EColi2254_1,C70_EColi2254_1,C50_EColi2254_1,C40_EColi2254_1,C30_EColi2254_1
EColi2255_1,C95_EColi2255_1,C90_EColi2255_1,C70_EColi2255_1,C50_EColi2255_1,C40_EColi2254_1,C30_EColi2254_1
EColi2256_1,C95_EColi2256_1,C90_EColi2256_1,C70_EColi2256_1,C50_EColi2256_1,C40_EColi2256_1,C30_EColi2256_1
EColi2257_1,C95_EColi2257_1,C90_EColi2257_1,C70_EColi2257_1,C50_EColi2257_1,C40_EColi2257_1,C30_EColi2257_1
EColi2258_1,C95_EColi2258_1,C90_EColi2258_1,C70_EColi2258_1,C50_EColi2510_1,C40_EColi2510_1,C30_EColi2510_1
EColi2259_1,C95_EColi2259_1,C90_EColi2259_1,C70_EColi2259_1,C50_EColi2259_1,C40_EColi2259_1,C30_EColi2259_1
EColi2260_1,C95_EColi2260_1,C90_EColi2260_1,C70_EColi2260_1,C50_EColi2260_1,C40_EColi2260_1,C30_EColi2260_1
EColi2261_1,C95_EColi2261_1,C90_EColi2261_1,C70_EColi2261_1,C50_EColi2261_1,C40_EColi3548_0,C30_EColi3548_0
EColi2262_2,C95_EColi2262_2,C90_EColi2262_2,C70_EColi2262_2,C50_EColi2262_2,C40_EColi2262_2,C30_EColi2262_2
EColi2263_1,C95_EColi2263_1,C90_EColi2263_1,C70_EColi2263_1,C50_EColi2263_1,C40_EColi2263_1,C30_EColi4692_0
EColi2264_0,C95_EColi2264_0,C90_EColi2264_0,C70_EColi2264_0,C50_EColi2264_0,C40_EColi2264_0,C30_EColi3207_0
EColi2265_0,C95_EColi2265_0,C90_EColi2265_0,C70_EColi2265_0,C50_EColi2265_0,C40_EColi2265_0,C30_EColi2265_0
EColi2266_1,C95_EColi2266_1,C90_EColi2266_1,C70_EColi2266_1,C50_EColi2266_1,C40_EColi2266_1,C30_EColi2266_1
EColi2267_0,C95_EColi2267_0,C90_EColi2267_0,C70_EColi2267_0,C50_EColi2267_0,C40_EColi2267_0,C30_EColi2267_0
EColi2268_0,C95_EColi2268_0,C90_EColi2268_0,C70_EColi2268_0,C50_EColi2268_0,C40_EColi2268_0,C30_EColi1962_0
EColi2269_0,C95_EColi2269_0,C90_EColi2269_0,C70_EColi2269_0,C50_EColi2267_0,C40_EColi2267_0,C30_EColi2267_0
EColi2270_2,C95_EColi2270_2,C90_EColi2270_2,C70_EColi2270_2,C50_EColi2270_2,C40_EColi2270_2,C30_EColi2267_0
EColi2271_2,C95_EColi2271_2,C90_EColi2271_2,C70_EColi2271_2,C50_EColi2271_2,C40_EColi2271_2,C30_EColi2271_2
EColi2272_0,C95_EColi2272_0,C90_EColi2272_0,C70_EColi2272_0,C50_EColi2272_0,C40_EColi2272_0,C30_EColi5662_0
EColi2273_2,C95_EColi2273_2,C90_EColi2273_2,C70_EColi2273_2,C50_EColi2273_2,C40_EColi2273_2,C30_EColi2273_2
EColi2274_0,C95_EColi2274_0,C90_EColi2274_0,C70_EColi2274_0,C50_EColi2274_0,C40_EColi5662_0,C30_EColi5662_0
EColi2275_2,C95_EColi2275_2,C90_EColi2275_2,C70_EColi2275_2,C50_EColi2275_2,C40_EColi2275_2,C30_EColi5360_0
EColi2276_0,C95_EColi2276_0,C90_EColi2276_0,C70_EColi2276_0,C50_EColi2276_0,C40_EColi2276_0,C30_EColi2276_0
EColi2277_2,C95_EColi2277_2,C90_EColi2277_2,C70_EColi2277_2,C50_EColi2277_2,C40_EColi2277_2,C30_EColi2277_2
EColi2278_2,C95_EColi2278_2,C90_EColi2278_2,C70_EColi2278_2,C50_EColi2278_2,C40_EColi2278_2,C30_EColi2278_2
EColi2279_1,C95_EColi2279_1,C90_EColi2279_1,C70_EColi2279_1,C50_EColi717_0,C40_EColi570_0,C30_EColi570_0
EColi2280_1,C95_EColi2280_1,C90_EColi2280_1,C70_EColi2280_1,C50_EColi5603_0,C40_EColi5603_0,C30_EColi4546_0
EColi2281_0,C95_EColi2281_0,C90_EColi2281_0,C70_EColi2281_0,C50_EColi2281_0,C40_EColi2281_0,C30_EColi2281_0
EColi2282_1,C95_EColi2282_1,C90_EColi2282_1,C70_EColi2282_1,C50_EColi2282_1,C40_EColi2282_1,C30_EColi3765_1
EColi2283_1,C95_EColi2283_1,C90_EColi2283_1,C70_EColi2283_1,C50_EColi2283_1,C40_EColi2283_1,C30_EColi2283_1
EColi2284_0,C95_EColi2284_0,C90_EColi2284_0,C70_EColi2284_0,C50_EColi2284_0,C40_EColi2284_0,C30_EColi2284_0
EColi2285_2,C95_EColi2285_2,C90_EColi2285_2,C70_EColi2285_2,C50_EColi2285_2,C40_EColi2285_2,C30_EColi2285_2
EColi2286_0,C95_EColi2286_0,C90_EColi2286_0,C70_EColi2286_0,C50_EColi2286_0,C40_EColi2286_0,C30_EColi2286_0
EColi2287_1,C95_EColi2287_1,C90_EColi2287_1,C70_EColi2287_1,C50_EColi2287_1,C40_EColi2287_1,C30_EColi2287_1
EColi2288_1,C95_EColi2288_1,C90_EColi2288_1,C70_EColi2288_1,C50_EColi2288_1,C40_EColi2288_1,C30_EColi2510_1
EColi2289_1,C95_EColi2289_1,C90_EColi2289_1,C70_EColi2289_1,C50_EColi2289_1,C40_EColi2289_1,C30_EColi4570_2
EColi2290_2,C95_EColi2290_2,C90_EColi2290_2,C70_EColi2290_2,C50_EColi2290_2,C40_EColi2290_2,C30_EColi1067_1
EColi2291_0,C95_EColi2291_0,C90_EColi2291_0,C70_EColi2291_0,C50_EColi2291_0,C40_EColi3026_0,C30_EColi3026_0
EColi2292_1,C95_EColi2292_1,C90_EColi2292_1,C70_EColi2292_1,C50_EColi2292_1,C40_EColi2292_1,C30_EColi2292_1
EColi2293_1,C95_EColi2293_1,C90_EColi2293_1,C70_EColi2293_1,C50_EColi2293_1,C40_EColi3114_2,C30_EColi3114_2
EColi2294_0,C95_EColi2294_0,C90_EColi2294_0,C70_EColi2294_0,C50_EColi2294_0,C40_EColi2294_0,C30_EColi2294_0
EColi2295_0,C95_EColi2295_0,C90_EColi2295_0,C70_EColi2295_0,C50_EColi2295_0,C40_EColi2295_0,C30_EColi2295_0
EColi2296_1,C95_EColi2296_1,C90_EColi2296_1,C70_EColi2296_1,C50_EColi2296_1,C40_EColi2296_1,C30_EColi2567_2
EColi2297_2,C95_EColi2297_2,C90_EColi2297_2,C70_EColi2297_2,C50_EColi2297_2,C40_EColi2297_2,C30_EColi2297_2
EColi2298_0,C95_EColi2298_0,C90_EColi2298_0,C70_EColi2298_0,C50_EColi6154_1,C40_EColi2393_0,C30_EColi2393_0
EColi2299_0,C95_EColi2299_0,C90_EColi2299_0,C70_EColi2299_0,C50_EColi2299_0,C40_EColi2299_0,C30_EColi3207_0
EColi2300_1,C95_EColi2300_1,C90_EColi2300_1,C70_EColi2300_1,C50_EColi2300_1,C40_EColi2300_1,C30_EColi2300_1
EColi2301_2,C95_EColi2301_2,C90_EColi2301_2,C70_EColi2301_2,C50_EColi2301_2,C40_EColi2301_2,C30_EColi2301_2
EColi2302_2,C95_EColi2302_2,C90_EColi2302_2,C70_EColi2302_2,C50_EColi2302_2,C40_EColi2302_2,C30_EColi1758_2
EColi2303_1,C95_EColi2303_1,C90_EColi2303_1,C70_EColi2303_1,C50_EColi2303_1,C40_EColi2303_1,C30_EColi2303_1
EColi2304_1,C95_EColi2304_1,C90_EColi2304_1,C70_EColi2304_1,C50_EColi2304_1,C40_EColi2304_1,C30_EColi2304_1
EColi2305_2,C95_EColi2305_2,C90_EColi2305_2,C70_EColi2305_2,C50_EColi2305_2,C40_EColi2305_2,C30_EColi2305_2
EColi2306_1,C95_EColi2306_1,C90_EColi2306_1,C70_EColi2306_1,C50_EColi2306_1,C40_EColi2306_1,C30_EColi674_0
EColi2307_1,C95_EColi2307_1,C90_EColi2307_1,C70_EColi2307_1,C50_EColi2307_1,C40_EColi2307_1,C30_EColi2307_1
EColi2308_0,C95_EColi2308_0,C90_EColi2308_0,C70_EColi2308_0,C50_EColi2308_0,C40_EColi2308_0,C30_EColi2308_0
EColi2309_0,C95_EColi2309_0,C90_EColi2309_0,C70_EColi2309_0,C50_EColi4167_2,C40_EColi3934_1,C30_EColi43_1
EColi2310_2,C95_EColi2310_2,C90_EColi2310_2,C70_EColi2310_2,C50_EColi2310_2,C40_EColi2310_2,C30_EColi2521_0
EColi2311_1,C95_EColi2311_1,C90_EColi2311_1,C70_EColi2311_1,C50_EColi2311_1,C40_EColi2503_1,C30_EColi50_2
EColi2312_1,C95_EColi2312_1,C90_EColi2312_1,C70_EColi2312_1,C50_EColi2312_1,C40_EColi2312_1,C30_EColi2312_1
EColi2313_2,C95_EColi2313_2,C90_EColi2313_2,C70_EColi2313_2,C50_EColi2313_2,C40_EColi5906_2,C30_EColi5947_0
EColi2314_0,C95_EColi2314_0,C90_EColi2314_0,C70_EColi2314_0,C50_EColi5350_0,C40_EColi4249_2,C30_EColi5530_2
EColi2315_0,C95_EColi2315_0,C90_EColi2315_0,C70_EColi2315_0,C50_EColi2315_0,C40_EColi2315_0,C30_EColi2315_0
EColi2316_2,C95_EColi2316_2,C90_EColi2316_2,C70_EColi2316_2,C50_EColi2316_2,C40_EColi2316_2,C30_EColi2316_2
EColi2317_1,C95_EColi2317_1,C90_EColi2317_1,C70_EColi2317_1,C50_EColi2317_1,C40_EColi2817_2,C30_EColi2817_2
EColi2318_0,C95_EColi2318_0,C90_EColi2318_0,C70_EColi2318_0,C50_EColi2787_0,C40_EColi2787_0,C30_EColi2787_0
EColi2319_0,C95_EColi2319_0,C90_EColi2319_0,C70_EColi2319_0,C50_EColi2319_0,C40_EColi2787_0,C30_EColi2787_0
EColi2320_0,C95_EColi2320_0,C90_EColi2320_0,C70_EColi2320_0,C50_EColi6251_1,C40_EColi6251_1,C30_EColi6251_1
EColi2321_0,C95_EColi2321_0,C90_EColi2321_0,C70_EColi2321_0,C50_EColi2321_0,C40_EColi2321_0,C30_EColi2321_0
EColi2322_1,C95_EColi2322_1,C90_EColi2322_1,C70_EColi2322_1,C50_EColi2322_1,C40_EColi2322_1,C30_EColi1068_0
EColi2323_1,C95_EColi2323_1,C90_EColi2323_1,C70_EColi2323_1,C50_EColi2323_1,C40_EColi1064_0,C30_EColi1064_0
EColi2324_1,C95_EColi2324_1,C90_EColi2324_1,C70_EColi2324_1,C50_EColi2324_1,C40_EColi2324_1,C30_EColi3644_0
EColi2325_0,C95_EColi2325_0,C90_EColi2325_0,C70_EColi2325_0,C50_EColi2325_0,C40_EColi2325_0,C30_EColi2325_0
EColi2326_2,C95_EColi2326_2,C90_EColi2326_2,C70_EColi2326_2,C50_EColi5273_1,C40_EColi6166_2,C30_EColi6166_2
EColi2327_2,C95_EColi2327_2,C90_EColi2327_2,C70_EColi2327_2,C50_EColi4604_0,C40_EColi4604_0,C30_EColi4604_0
EColi2328_1,C95_EColi2328_1,C90_EColi2328_1,C70_EColi2328_1,C50_EColi5646_2,C40_EColi5646_2,C30_EColi5646_2
EColi2329_0,C95_EColi2329_0,C90_EColi2329_0,C70_EColi2329_0,C50_EColi2329_0,C40_EColi2329_0,C30_EColi2329_0
EColi2330_2,C95_EColi2330_2,C90_EColi2330_2,C70_EColi2330_2,C50_EColi3333_1,C40_EColi3333_1,C30_EColi3333_1
EColi2331_0,C95_EColi2331_0,C90_EColi2331_0,C70_EColi2331_0,C50_EColi2331_0,C40_EColi2331_0,C30_EColi4122_2
EColi2332_0,C95_EColi2332_0,C90_EColi2332_0,C70_EColi5026_0,C50_EColi5026_0,C40_EColi5026_0,C30_EColi1945_1
EColi2333_0,C95_EColi2333_0,C90_EColi2333_0,C70_EColi2333_0,C50_EColi2333_0,C40_EColi2333_0,C30_EColi3316_0
EColi2334_1,C95_EColi2334_1,C90_EColi2334_1,C70_EColi2334_1,C50_EColi2334_1,C40_EColi2334_1,C30_EColi2334_1
EColi2335_0,C95_EColi2335_0,C90_EColi2335_0,C70_EColi2335_0,C50_EColi2335_0,C40_EColi2335_0,C30_EColi2335_0
EColi2336_0,C95_EColi2336_0,C90_EColi2336_0,C70_EColi2336_0,C50_EColi5732_1,C40_EColi4985_1,C30_EColi4985_1
EColi2337_0,C95_EColi2337_0,C90_EColi2337_0,C70_EColi2337_0,C50_EColi2337_0,C40_EColi5823_0,C30_EColi3312_1
EColi2338_0,C95_EColi2338_0,C90_EColi2338_0,C70_EColi2338_0,C50_EColi2338_0,C40_EColi5991_2,C30_EColi5991_2
EColi2339_1,C95_EColi2339_1,C90_EColi2339_1,C70_EColi2339_1,C50_EColi2339_1,C40_EColi2339_1,C30_EColi5506_0
EColi2340_1,C95_EColi2340_1,C90_EColi2340_1,C70_EColi2340_1,C50_EColi2340_1,C40_EColi2608_0,C30_EColi2608_0
EColi2341_0,C95_EColi2341_0,C90_EColi2341_0,C70_EColi2341_0,C50_EColi5997_0,C40_EColi5997_0,C30_EColi5997_0
EColi2342_2,C95_EColi2342_2,C90_EColi2342_2,C70_EColi2342_2,C50_EColi2415_2,C40_EColi2415_2,C30_EColi2415_2
EColi2343_1,C95_EColi2343_1,C90_EColi2343_1,C70_EColi2343_1,C50_EColi2414_2,C40_EColi2414_2,C30_EColi2414_2
EColi2344_2,C95_EColi2344_2,C90_EColi2344_2,C70_EColi2344_2,C50_EColi2344_2,C40_EColi2344_2,C30_EColi2344_2
EColi2345_0,C95_EColi2345_0,C90_EColi2345_0,C70_EColi2345_0,C50_EColi2345_0,C40_EColi2345_0,C30_EColi2345_0
EColi2346_1,C95_EColi2346_1,C90_EColi2346_1,C70_EColi2346_1,C50_EColi2346_1,C40_EColi2346_1,C30_EColi2346_1
EColi2347_1,C95_EColi2347_1,C90_EColi2347_1,C70_EColi2347_1,C50_EColi2347_1,C40_EColi2347_1,C30_EColi2347_1
EColi2348_0,C95_EColi2348_0,C90_EColi2348_0,C70_EColi2348_0,C50_EColi2348_0,C40_EColi2348_0,C30_EColi2348_0
EColi2349_2,C95_EColi2349_2,C90_EColi2349_2,C70_EColi2349_2,C50_EColi2349_2,C40_EColi95_2,C30_EColi4164_0
EColi2350_0,C95_EColi2350_0,C90_EColi2350_0,C70_EColi2350_0,C50_EColi2350_0,C40_EColi2350_0,C30_EColi2350_0
EColi2351_0,C95_EColi2351_0,C90_EColi2351_0,C70_EColi2351_0,C50_EColi2351_0,C40_EColi5505_0,C30_EColi5505_0
EColi2352_1,C95_EColi2352_1,C90_EColi2352_1,C70_EColi2352_1,C50_EColi155_1,C40_EColi155_1,C30_EColi155_1
EColi2353_0,C95_EColi2353_0,C90_EColi2353_0,C70_EColi2353_0,C50_EColi1026_0,C40_EColi2703_1,C30_EColi2703_1
EColi2354_0,C95_EColi2354_0,C90_EColi2354_0,C70_EColi2354_0,C50_EColi2354_0,C40_EColi2354_0,C30_EColi2354_0
EColi2355_0,C95_EColi2355_0,C90_EColi2355_0,C70_EColi2355_0,C50_EColi2355_0,C40_EColi2355_0,C30_EColi2355_0
EColi2356_0,C95_EColi2356_0,C90_EColi2356_0,C70_EColi2356_0,C50_EColi2356_0,C40_EColi2356_0,C30_EColi2356_0
EColi2357_0,C95_EColi2357_0,C90_EColi2357_0,C70_EColi2357_0,C50_EColi2357_0,C40_EColi2357_0,C30_EColi2357_0
EColi2358_0,C95_EColi2358_0,C90_EColi2358_0,C70_EColi2358_0,C50_EColi2358_0,C40_EColi2358_0,C30_EColi2358_0
EColi2359_1,C95_EColi2359_1,C90_EColi2359_1,C70_EColi2359_1,C50_EColi2359_1,C40_EColi2105_2,C30_EColi2105_2
EColi2360_2,C95_EColi2360_2,C90_EColi2360_2,C70_EColi2360_2,C50_EColi2360_2,C40_EColi2361_2,C30_EColi2361_2
EColi2361_2,C95_EColi2361_2,C90_EColi2361_2,C70_EColi2361_2,C50_EColi2361_2,C40_EColi2361_2,C30_EColi2361_2
EColi2362_1,C95_EColi2362_1,C90_EColi2362_1,C70_EColi2362_1,C50_EColi2362_1,C40_EColi2362_1,C30_EColi323_1
EColi2363_2,C95_EColi2363_2,C90_EColi2363_2,C70_EColi2363_2,C50_EColi2363_2,C40_EColi2362_1,C30_EColi323_1
EColi2364_1,C95_EColi2364_1,C90_EColi2364_1,C70_EColi2364_1,C50_EColi2364_1,C40_EColi2364_1,C30_EColi2364_1
EColi2365_0,C95_EColi2365_0,C90_EColi2365_0,C70_EColi2365_0,C50_EColi2365_0,C40_EColi2365_0,C30_EColi5562_0
EColi2366_0,C95_EColi2366_0,C90_EColi2366_0,C70_EColi2366_0,C50_EColi2366_0,C40_EColi2366_0,C30_EColi2366_0
EColi2367_2,C95_EColi2367_2,C90_EColi2367_2,C70_EColi2367_2,C50_EColi4701_2,C40_EColi2367_2,C30_EColi5510_2
EColi2368_1,C95_EColi2368_1,C90_EColi2368_1,C70_EColi2368_1,C50_EColi2368_1,C40_EColi2368_1,C30_EColi2816_1
EColi2369_0,C95_EColi2369_0,C90_EColi2369_0,C70_EColi2369_0,C50_EColi104_0,C40_EColi104_0,C30_EColi104_0
EColi2370_1,C95_EColi2370_1,C90_EColi2370_1,C70_EColi2370_1,C50_EColi2370_1,C40_EColi2370_1,C30_EColi2370_1
EColi2371_0,C95_EColi2371_0,C90_EColi2371_0,C70_EColi2371_0,C50_EColi2371_0,C40_EColi2371_0,C30_EColi2371_0
EColi2372_1,C95_EColi2372_1,C90_EColi2372_1,C70_EColi2372_1,C50_EColi2372_1,C40_EColi2372_1,C30_EColi2372_1
EColi2373_2,C95_EColi2373_2,C90_EColi2373_2,C70_EColi2373_2,C50_EColi2373_2,C40_EColi2373_2,C30_EColi4512_0
EColi2374_1,C95_EColi2374_1,C90_EColi2374_1,C70_EColi2374_1,C50_EColi2374_1,C40_EColi3515_1,C30_EColi3515_1
EColi2375_0,C95_EColi2375_0,C90_EColi2375_0,C70_EColi2375_0,C50_EColi2375_0,C40_EColi2375_0,C30_EColi2375_0
EColi2376_0,C95_EColi2376_0,C90_EColi2376_0,C70_EColi2376_0,C50_EColi2376_0,C40_EColi2376_0,C30_EColi2481_2
EColi2377_1,C95_EColi2377_1,C90_EColi2377_1,C70_EColi2377_1,C50_EColi2377_1,C40_EColi2377_1,C30_EColi2377_1
EColi2378_2,C95_EColi2378_2,C90_EColi2378_2,C70_EColi2378_2,C50_EColi2378_2,C40_EColi2378_2,C30_EColi447_1
EColi2379_0,C95_EColi2379_0,C90_EColi2379_0,C70_EColi2379_0,C50_EColi2379_0,C40_EColi2379_0,C30_EColi849_1
EColi2380_0,C95_EColi2380_0,C90_EColi2380_0,C70_EColi2380_0,C50_EColi2381_2,C40_EColi4697_1,C30_EColi2383_0
EColi2381_2,C95_EColi2381_2,C90_EColi2381_2,C70_EColi2381_2,C50_EColi2381_2,C40_EColi4697_1,C30_EColi2383_0
EColi2382_0,C95_EColi2382_0,C90_EColi2382_0,C70_EColi2382_0,C50_EColi2382_0,C40_EColi2382_0,C30_EColi2382_0
EColi2383_0,C95_EColi2383_0,C90_EColi2383_0,C70_EColi2383_0,C50_EColi2383_0,C40_EColi2383_0,C30_EColi2383_0
EColi2384_2,C95_EColi2384_2,C90_EColi2384_2,C70_EColi2384_2,C50_EColi2384_2,C40_EColi4947_2,C30_EColi4947_2
EColi2385_1,C95_EColi2385_1,C90_EColi2385_1,C70_EColi2385_1,C50_EColi2385_1,C40_EColi2385_1,C30_EColi2385_1
EColi2386_1,C95_EColi2386_1,C90_EColi2386_1,C70_EColi2386_1,C50_EColi2386_1,C40_EColi2386_1,C30_EColi2386_1
EColi2387_0,C95_EColi2387_0,C90_EColi2387_0,C70_EColi2387_0,C50_EColi2387_0,C40_EColi2387_0,C30_EColi2387_0
EColi2388_1,C95_EColi2388_1,C90_EColi2388_1,C70_EColi2388_1,C50_EColi2388_1,C40_EColi2388_1,C30_EColi6204_1
EColi2389_0,C95_EColi2389_0,C90_EColi2389_0,C70_EColi2389_0,C50_EColi2389_0,C40_EColi5638_2,C30_EColi5638_2
EColi2390_0,C95_EColi2390_0,C90_EColi2390_0,C70_EColi2390_0,C50_EColi2390_0,C40_EColi2390_0,C30_EColi3186_0
EColi2391_0,C95_EColi2391_0,C90_EColi2391_0,C70_EColi2391_0,C50_EColi5706_1,C40_EColi5706_1,C30_EColi5706_1
EColi2392_0,C95_EColi2392_0,C90_EColi2392_0,C70_EColi2392_0,C50_EColi2392_0,C40_EColi2392_0,C30_EColi2392_0
EColi2393_0,C95_EColi2393_0,C90_EColi2393_0,C70_EColi2393_0,C50_EColi2393_0,C40_EColi2393_0,C30_EColi2393_0
EColi2394_0,C95_EColi2394_0,C90_EColi2394_0,C70_EColi2394_0,C50_EColi2394_0,C40_EColi2394_0,C30_EColi4578_1
EColi2395_2,C95_EColi2395_2,C90_EColi2395_2,C70_EColi2395_2,C50_EColi2395_2,C40_EColi5720_1,C30_EColi4981_1
EColi2396_0,C95_EColi2396_0,C90_EColi2396_0,C70_EColi2396_0,C50_EColi2396_0,C40_EColi2396_0,C30_EColi5720_1
EColi2397_1,C95_EColi2397_1,C90_EColi2397_1,C70_EColi2397_1,C50_EColi2397_1,C40_EColi2397_1,C30_EColi2397_1
EColi2398_0,C95_EColi2398_0,C90_EColi2398_0,C70_EColi2398_0,C50_EColi2398_0,C40_EColi2398_0,C30_EColi290_0
EColi2399_1,C95_EColi2399_1,C90_EColi2399_1,C70_EColi2399_1,C50_EColi2399_1,C40_EColi2399_1,C30_EColi3602_1
EColi2500_1,C95_EColi2500_1,C90_EColi2500_1,C70_EColi2500_1,C50_EColi2500_1,C40_EColi5506_0,C30_EColi5506_0
EColi2501_2,C95_EColi2501_2,C90_EColi2501_2,C70_EColi2501_2,C50_EColi2501_2,C40_EColi2501_2,C30_EColi2501_2
EColi2502_2,C95_EColi2502_2,C90_EColi2502_2,C70_EColi2502_2,C50_EColi2502_2,C40_EColi2502_2,C30_EColi2502_2
EColi2503_1,C95_EColi2503_1,C90_EColi2503_1,C70_EColi2503_1,C50_EColi6003_1,C40_EColi2503_1,C30_EColi50_2
EColi2504_2,C95_EColi2504_2,C90_EColi2504_2,C70_EColi2504_2,C50_EColi2504_2,C40_EColi2504_2,C30_EColi3015_2
EColi2505_0,C95_EColi2505_0,C90_EColi2505_0,C70_EColi2505_0,C50_EColi2505_0,C40_EColi2505_0,C30_EColi2505_0
EColi2506_2,C95_EColi2506_2,C90_EColi2506_2,C70_EColi1987_2,C50_EColi2506_2,C40_EColi2506_2,C30_EColi2506_2
EColi2507_0,C95_EColi2507_0,C90_EColi2507_0,C70_EColi2507_0,C50_EColi2507_0,C40_EColi2507_0,C30_EColi635_0
EColi2508_0,C95_EColi2508_0,C90_EColi2508_0,C70_EColi2508_0,C50_EColi2508_0,C40_EColi2508_0,C30_EColi2508_0
EColi2509_1,C95_EColi2509_1,C90_EColi2509_1,C70_EColi2509_1,C50_EColi2509_1,C40_EColi2509_1,C30_EColi2393_0
EColi2510_1,C95_EColi2510_1,C90_EColi2510_1,C70_EColi2510_1,C50_EColi2510_1,C40_EColi2510_1,C30_EColi2510_1
EColi2511_0,C95_EColi2511_0,C90_EColi2511_0,C70_EColi2511_0,C50_EColi2511_0,C40_EColi2511_0,C30_EColi2511_0
EColi2512_2,C95_EColi2512_2,C90_EColi2512_2,C70_EColi2512_2,C50_EColi2512_2,C40_EColi2512_2,C30_EColi2512_2
EColi2513_2,C95_EColi2513_2,C90_EColi2513_2,C70_EColi2513_2,C50_EColi2513_2,C40_EColi2513_2,C30_EColi2513_2
EColi2514_0,C95_EColi2514_0,C90_EColi2514_0,C70_EColi2514_0,C50_EColi2514_0,C40_EColi2514_0,C30_EColi4793_2
EColi2515_2,C95_EColi2515_2,C90_EColi2515_2,C70_EColi2515_2,C50_EColi2515_2,C40_EColi2515_2,C30_EColi1342_2
EColi2516_0,C95_EColi2516_0,C90_EColi2516_0,C70_EColi2516_0,C50_EColi2516_0,C40_EColi2516_0,C30_EColi2516_0
EColi2517_1,C95_EColi2517_1,C90_EColi2517_1,C70_EColi2517_1,C50_EColi2517_1,C40_EColi2517_1,C30_EColi2517_1
EColi2518_0,C95_EColi2518_0,C90_EColi2518_0,C70_EColi2518_0,C50_EColi2518_0,C40_EColi2518_0,C30_EColi2518_0
EColi2519_2,C95_EColi2519_2,C90_EColi2519_2,C70_EColi2519_2,C50_EColi2518_0,C40_EColi2518_0,C30_EColi2518_0
EColi2520_0,C95_EColi2520_0,C90_EColi2520_0,C70_EColi2520_0,C50_EColi1816_1,C40_EColi5556_0,C30_EColi5556_0
EColi2521_0,C95_EColi2521_0,C90_EColi2521_0,C70_EColi2521_0,C50_EColi2521_0,C40_EColi2521_0,C30_EColi2521_0
EColi2522_1,C95_EColi2522_1,C90_EColi2522_1,C70_EColi2522_1,C50_EColi2522_1,C40_EColi2522_1,C30_EColi738_1
EColi2523_0,C95_EColi2523_0,C90_EColi2523_0,C70_EColi2523_0,C50_EColi2523_0,C40_EColi2523_0,C30_EColi4207_2
EColi2524_1,C95_EColi2524_1,C90_EColi2524_1,C70_EColi2524_1,C50_EColi2524_1,C40_EColi2524_1,C30_EColi2524_1
EColi2525_0,C95_EColi2525_0,C90_EColi2525_0,C70_EColi2525_0,C50_EColi2525_0,C40_EColi2525_0,C30_EColi2526_0
EColi2526_0,C95_EColi2526_0,C90_EColi2526_0,C70_EColi2526_0,C50_EColi2526_0,C40_EColi2526_0,C30_EColi2526_0
EColi2527_0,C95_EColi2527_0,C90_EColi2527_0,C70_EColi2527_0,C50_EColi2527_0,C40_EColi2527_0,C30_EColi2527_0
EColi2528_0,C95_EColi2528_0,C90_EColi2528_0,C70_EColi2528_0,C50_EColi2528_0,C40_EColi2528_0,C30_EColi2528_0
EColi2529_0,C95_EColi2529_0,C90_EColi2529_0,C70_EColi2529_0,C50_EColi2529_0,C40_EColi840_0,C30_EColi840_0
EColi2530_0,C95_EColi2530_0,C90_EColi2530_0,C70_EColi2530_0,C50_EColi2530_0,C40_EColi2530_0,C30_EColi2530_0
EColi2531_0,C95_EColi2531_0,C90_EColi2531_0,C70_EColi2531_0,C50_EColi2531_0,C40_EColi2371_0,C30_EColi2371_0
EColi2532_2,C95_EColi2532_2,C90_EColi2532_2,C70_EColi2532_2,C50_EColi2532_2,C40_EColi2532_2,C30_EColi3040_2
EColi2533_2,C95_EColi2533_2,C90_EColi2533_2,C70_EColi2533_2,C50_EColi2533_2,C40_EColi2533_2,C30_EColi2533_2
EColi2534_2,C95_EColi2534_2,C90_EColi2534_2,C70_EColi2534_2,C50_EColi2534_2,C40_EColi2534_2,C30_EColi3041_0
EColi2535_2,C95_EColi2535_2,C90_EColi2535_2,C70_EColi2535_2,C50_EColi2535_2,C40_EColi2535_2,C30_EColi2535_2
EColi2536_2,C95_EColi2536_2,C90_EColi2536_2,C70_EColi2536_2,C50_EColi2536_2,C40_EColi2536_2,C30_EColi2536_2
EColi2537_0,C95_EColi2537_0,C90_EColi2537_0,C70_EColi2537_0,C50_EColi2537_0,C40_EColi2537_0,C30_EColi4635_0
EColi2538_2,C95_EColi2538_2,C90_EColi2538_2,C70_EColi2538_2,C50_EColi2538_2,C40_EColi2538_2,C30_EColi2538_2
EColi2539_0,C95_EColi2539_0,C90_EColi2539_0,C70_EColi2539_0,C50_EColi2539_0,C40_EColi2539_0,C30_EColi1541_2
EColi2540_1,C95_EColi2540_1,C90_EColi2540_1,C70_EColi2540_1,C50_EColi2540_1,C40_EColi2540_1,C30_EColi2540_1
EColi2541_0,C95_EColi2541_0,C90_EColi2541_0,C70_EColi2541_0,C50_EColi2541_0,C40_EColi2541_0,C30_EColi2541_0
EColi2542_1,C95_EColi2542_1,C90_EColi2542_1,C70_EColi2542_1,C50_EColi2542_1,C40_EColi2542_1,C30_EColi2542_1
EColi2543_2,C95_EColi2543_2,C90_EColi2543_2,C70_EColi2543_2,C50_EColi2543_2,C40_EColi2543_2,C30_EColi2543_2
EColi2544_2,C95_EColi2544_2,C90_EColi2544_2,C70_EColi2544_2,C50_EColi3707_2,C40_EColi3707_2,C30_EColi3707_2
EColi2545_0,C95_EColi2545_0,C90_EColi2545_0,C70_EColi2545_0,C50_EColi2545_0,C40_EColi2545_0,C30_EColi2545_0
EColi2546_1,C95_EColi2546_1,C90_EColi2546_1,C70_EColi2546_1,C50_EColi2546_1,C40_EColi2546_1,C30_EColi2546_1
EColi2547_0,C95_EColi2547_0,C90_EColi2547_0,C70_EColi2547_0,C50_EColi2547_0,C40_EColi2547_0,C30_EColi2547_0
EColi2548_2,C95_EColi2548_2,C90_EColi2548_2,C70_EColi2548_2,C50_EColi2548_2,C40_EColi2548_2,C30_EColi2548_2
EColi2549_2,C95_EColi2549_2,C90_EColi2549_2,C70_EColi2549_2,C50_EColi2549_2,C40_EColi2549_2,C30_EColi2549_2
EColi2550_0,C95_EColi2550_0,C90_EColi2550_0,C70_EColi2550_0,C50_EColi2549_2,C40_EColi2549_2,C30_EColi2549_2
EColi2551_2,C95_EColi2551_2,C90_EColi2551_2,C70_EColi2551_2,C50_EColi4484_2,C40_EColi4484_2,C30_EColi4484_2
EColi2552_1,C95_EColi2552_1,C90_EColi2552_1,C70_EColi2552_1,C50_EColi2552_1,C40_EColi2552_1,C30_EColi2552_1
EColi2553_1,C95_EColi2553_1,C90_EColi2553_1,C70_EColi2553_1,C50_EColi2553_1,C40_EColi2553_1,C30_EColi2553_1
EColi2554_2,C95_EColi2554_2,C90_EColi2554_2,C70_EColi2554_2,C50_EColi2554_2,C40_EColi2554_2,C30_EColi2554_2
EColi2555_1,C95_EColi2555_1,C90_EColi2555_1,C70_EColi2555_1,C50_EColi2555_1,C40_EColi2555_1,C30_EColi6209_1
EColi2556_0,C95_EColi2556_0,C90_EColi2556_0,C70_EColi2556_0,C50_EColi2556_0,C40_EColi2556_0,C30_EColi3623_2
EColi2557_2,C95_EColi2557_2,C90_EColi2557_2,C70_EColi2557_2,C50_EColi2557_2,C40_EColi2557_2,C30_EColi4488_0
EColi2558_1,C95_EColi2558_1,C90_EColi2558_1,C70_EColi2558_1,C50_EColi2558_1,C40_EColi2558_1,C30_EColi2558_1
EColi2559_2,C95_EColi2559_2,C90_EColi2559_2,C70_EColi2559_2,C50_EColi2559_2,C40_EColi2559_2,C30_EColi2559_2
EColi2560_2,C95_EColi2560_2,C90_EColi2560_2,C70_EColi2560_2,C50_EColi2560_2,C40_EColi2560_2,C30_EColi2560_2
EColi2561_1,C95_EColi2561_1,C90_EColi2561_1,C70_EColi2561_1,C50_EColi2561_1,C40_EColi2561_1,C30_EColi2561_1
EColi2562_1,C95_EColi2562_1,C90_EColi2562_1,C70_EColi2562_1,C50_EColi2562_1,C40_EColi2562_1,C30_EColi2562_1
EColi2563_0,C95_EColi2563_0,C90_EColi2563_0,C70_EColi2563_0,C50_EColi2563_0,C40_EColi2563_0,C30_EColi2563_0
EColi2564_0,C95_EColi2564_0,C90_EColi2564_0,C70_EColi2564_0,C50_EColi2564_0,C40_EColi2564_0,C30_EColi2564_0
EColi2565_0,C95_EColi2565_0,C90_EColi2565_0,C70_EColi2565_0,C50_EColi2565_0,C40_EColi2565_0,C30_EColi2565_0
EColi2566_0,C95_EColi2566_0,C90_EColi2566_0,C70_EColi2566_0,C50_EColi2566_0,C40_EColi2566_0,C30_EColi2566_0
EColi2567_2,C95_EColi2567_2,C90_EColi2567_2,C70_EColi2567_2,C50_EColi2567_2,C40_EColi2567_2,C30_EColi2567_2
EColi2568_0,C95_EColi2568_0,C90_EColi2568_0,C70_EColi2568_0,C50_EColi2568_0,C40_EColi4962_1,C30_EColi4962_1
EColi2569_0,C95_EColi2569_0,C90_EColi2569_0,C70_EColi2569_0,C50_EColi2569_0,C40_EColi2569_0,C30_EColi1387_0
EColi2570_1,C95_EColi2570_1,C90_EColi2570_1,C70_EColi2570_1,C50_EColi2570_1,C40_EColi3150_2,C30_EColi3150_2
EColi2571_2,C95_EColi2571_2,C90_EColi2571_2,C70_EColi2571_2,C50_EColi2571_2,C40_EColi2571_2,C30_EColi2571_2
EColi2572_1,C95_EColi2572_1,C90_EColi2572_1,C70_EColi2572_1,C50_EColi2572_1,C40_EColi3934_1,C30_EColi4161_1
EColi2573_0,C95_EColi2573_0,C90_EColi2573_0,C70_EColi2573_0,C50_EColi2573_0,C40_EColi2573_0,C30_EColi1650_1
EColi2574_2,C95_EColi2574_2,C90_EColi2574_2,C70_EColi2574_2,C50_EColi2574_2,C40_EColi2574_2,C30_EColi2574_2
EColi2575_0,C95_EColi2575_0,C90_EColi2575_0,C70_EColi2575_0,C50_EColi2575_0,C40_EColi2650_2,C30_EColi2650_2
EColi2576_2,C95_EColi2576_2,C90_EColi2576_2,C70_EColi2576_2,C50_EColi2576_2,C40_EColi2576_2,C30_EColi3174_2
EColi2577_2,C95_EColi2577_2,C90_EColi2577_2,C70_EColi2577_2,C50_EColi3016_1,C40_EColi3016_1,C30_EColi3016_1
EColi2578_2,C95_EColi2578_2,C90_EColi2578_2,C70_EColi2578_2,C50_EColi2578_2,C40_EColi2578_2,C30_EColi2578_2
EColi2579_0,C95_EColi2579_0,C90_EColi2579_0,C70_EColi2579_0,C50_EColi2579_0,C40_EColi2579_0,C30_EColi2579_0
EColi2580_2,C95_EColi2580_2,C90_EColi2580_2,C70_EColi2580_2,C50_EColi2580_2,C40_EColi141_0,C30_EColi635_0
EColi2581_2,C95_EColi2581_2,C90_EColi2581_2,C70_EColi2581_2,C50_EColi2581_2,C40_EColi561_0,C30_EColi2757_2
EColi2582_2,C95_EColi2582_2,C90_EColi2582_2,C70_EColi2582_2,C50_EColi2582_2,C40_EColi2582_2,C30_EColi130_2
EColi2583_0,C95_EColi2583_0,C90_EColi2583_0,C70_EColi2583_0,C50_EColi2583_0,C40_EColi2583_0,C30_EColi5351_0
EColi2584_2,C95_EColi2584_2,C90_EColi2584_2,C70_EColi2584_2,C50_EColi2584_2,C40_EColi2584_2,C30_EColi2584_2
EColi2585_2,C95_EColi2585_2,C90_EColi2585_2,C70_EColi2585_2,C50_EColi2585_2,C40_EColi2585_2,C30_EColi2585_2
EColi2586_2,C95_EColi2586_2,C90_EColi2586_2,C70_EColi2586_2,C50_EColi827_2,C40_EColi1370_0,C30_EColi827_2
EColi2587_0,C95_EColi2587_0,C90_EColi2587_0,C70_EColi2587_0,C50_EColi2587_0,C40_EColi2587_0,C30_EColi2587_0
EColi2588_1,C95_EColi2588_1,C90_EColi2588_1,C70_EColi2588_1,C50_EColi5138_0,C40_EColi3262_1,C30_EColi3262_1
EColi2589_1,C95_EColi2589_1,C90_EColi2589_1,C70_EColi2589_1,C50_EColi2589_1,C40_EColi2589_1,C30_EColi4079_2
EColi2590_0,C95_EColi2590_0,C90_EColi2590_0,C70_EColi2590_0,C50_EColi2590_0,C40_EColi2590_0,C30_EColi4348_0
EColi2591_0,C95_EColi2591_0,C90_EColi2591_0,C70_EColi2591_0,C50_EColi2591_0,C40_EColi1201_1,C30_EColi1201_1
EColi2592_0,C95_EColi2592_0,C90_EColi2592_0,C70_EColi2592_0,C50_EColi2592_0,C40_EColi2592_0,C30_EColi4859_2
EColi2593_0,C95_EColi2593_0,C90_EColi2593_0,C70_EColi2593_0,C50_EColi2593_0,C40_EColi2593_0,C30_EColi2593_0
EColi2594_0,C95_EColi2594_0,C90_EColi2594_0,C70_EColi2594_0,C50_EColi2594_0,C40_EColi2594_0,C30_EColi2594_0
EColi2595_0,C95_EColi2595_0,C90_EColi2595_0,C70_EColi2595_0,C50_EColi2595_0,C40_EColi2595_0,C30_EColi2595_0
EColi2596_2,C95_EColi2596_2,C90_EColi2596_2,C70_EColi2596_2,C50_EColi2596_2,C40_EColi2596_2,C30_EColi2596_2
EColi2597_1,C95_EColi2597_1,C90_EColi2597_1,C70_EColi2597_1,C50_EColi2597_1,C40_EColi2597_1,C30_EColi2597_1
EColi2598_0,C95_EColi2598_0,C90_EColi2598_0,C70_EColi2598_0,C50_EColi2598_0,C40_EColi2598_0,C30_EColi2598_0
EColi2599_1,C95_EColi2599_1,C90_EColi2599_1,C70_EColi2599_1,C50_EColi2599_1,C40_EColi2599_1,C30_EColi2599_1
EColi2700_1,C95_EColi2700_1,C90_EColi2700_1,C70_EColi2700_1,C50_EColi4032_0,C40_EColi1593_1,C30_EColi2825_2
EColi2701_2,C95_EColi2701_2,C90_EColi2701_2,C70_EColi2701_2,C50_EColi2701_2,C40_EColi3083_2,C30_EColi3083_2
EColi2702_0,C95_EColi2702_0,C90_EColi2702_0,C70_EColi2702_0,C50_EColi2702_0,C40_EColi5300_1,C30_EColi1650_1
EColi2703_1,C95_EColi2703_1,C90_EColi2703_1,C70_EColi2703_1,C50_EColi2703_1,C40_EColi2703_1,C30_EColi2703_1
EColi2704_0,C95_EColi2704_0,C90_EColi2704_0,C70_EColi2704_0,C50_EColi2704_0,C40_EColi56_0,C30_EColi2817_2
EColi2705_2,C95_EColi2705_2,C90_EColi2705_2,C70_EColi2705_2,C50_EColi2705_2,C40_EColi4349_0,C30_EColi4349_0
EColi2706_2,C95_EColi2706_2,C90_EColi2706_2,C70_EColi2706_2,C50_EColi2706_2,C40_EColi2706_2,C30_EColi127_1
EColi2707_2,C95_EColi2707_2,C90_EColi2707_2,C70_EColi2707_2,C50_EColi2707_2,C40_EColi126_1,C30_EColi123_2
EColi2708_0,C95_EColi2708_0,C90_EColi2708_0,C70_EColi2708_0,C50_EColi4152_1,C40_EColi4152_1,C30_EColi5504_0
EColi2709_2,C95_EColi2709_2,C90_EColi2709_2,C70_EColi2709_2,C50_EColi2709_2,C40_EColi723_0,C30_EColi723_0
EColi2710_0,C95_EColi2710_0,C90_EColi2710_0,C70_EColi2710_0,C50_EColi2710_0,C40_EColi1747_0,C30_EColi3477_2
EColi2711_0,C95_EColi2711_0,C90_EColi2711_0,C70_EColi2711_0,C50_EColi2711_0,C40_EColi2711_0,C30_EColi2711_0
EColi2712_1,C95_EColi2712_1,C90_EColi2712_1,C70_EColi2712_1,C50_EColi2712_1,C40_EColi2712_1,C30_EColi2712_1
EColi2713_0,C95_EColi2713_0,C90_EColi2713_0,C70_EColi2713_0,C50_EColi2713_0,C40_EColi2713_0,C30_EColi1179_0
EColi2714_0,C95_EColi2714_0,C90_EColi2714_0,C70_EColi2714_0,C50_EColi2714_0,C40_EColi4703_2,C30_EColi2300_1
EColi2715_0,C95_EColi2715_0,C90_EColi2715_0,C70_EColi2715_0,C50_EColi2715_0,C40_EColi2715_0,C30_EColi2715_0
EColi2716_0,C95_EColi2716_0,C90_EColi2716_0,C70_EColi2716_0,C50_EColi2716_0,C40_EColi1384_1,C30_EColi1384_1
EColi2717_0,C95_EColi2717_0,C90_EColi2717_0,C70_EColi2717_0,C50_EColi2717_0,C40_EColi2717_0,C30_EColi2717_0
EColi2718_1,C95_EColi2718_1,C90_EColi2718_1,C70_EColi2718_1,C50_EColi4626_1,C40_EColi4626_1,C30_EColi4626_1
EColi2719_0,C95_EColi2719_0,C90_EColi2719_0,C70_EColi2719_0,C50_EColi2719_0,C40_EColi2719_0,C30_EColi2719_0
EColi2720_1,C95_EColi2720_1,C90_EColi2720_1,C70_EColi2720_1,C50_EColi2720_1,C40_EColi2720_1,C30_EColi3690_2
EColi2721_2,C95_EColi2721_2,C90_EColi2721_2,C70_EColi2721_2,C50_EColi2721_2,C40_EColi4810_1,C30_EColi913_2
EColi2722_1,C95_EColi2722_1,C90_EColi2722_1,C70_EColi2722_1,C50_EColi2722_1,C40_EColi4976_0,C30_EColi6017_1
EColi2723_2,C95_EColi2723_2,C90_EColi2723_2,C70_EColi2723_2,C50_EColi2723_2,C40_EColi2723_2,C30_EColi2723_2
EColi2724_2,C95_EColi2724_2,C90_EColi2724_2,C70_EColi2724_2,C50_EColi5396_2,C40_EColi5396_2,C30_EColi5396_2
EColi2725_2,C95_EColi2725_2,C90_EColi2725_2,C70_EColi2725_2,C50_EColi2725_2,C40_EColi2725_2,C30_EColi2725_2
EColi2726_0,C95_EColi2726_0,C90_EColi2726_0,C70_EColi2726_0,C50_EColi2726_0,C40_EColi6029_0,C30_EColi6029_0
EColi2727_1,C95_EColi2727_1,C90_EColi2727_1,C70_EColi2727_1,C50_EColi2727_1,C40_EColi2727_1,C30_EColi889_1
EColi2728_1,C95_EColi2728_1,C90_EColi2728_1,C70_EColi2728_1,C50_EColi258_2,C40_EColi258_2,C30_EColi660_0
EColi2729_2,C95_EColi2729_2,C90_EColi2729_2,C70_EColi2729_2,C50_EColi2729_2,C40_EColi2729_2,C30_EColi2729_2
EColi2730_2,C95_EColi2730_2,C90_EColi2730_2,C70_EColi2730_2,C50_EColi2730_2,C40_EColi2730_2,C30_EColi4366_0
EColi2731_0,C95_EColi2731_0,C90_EColi2731_0,C70_EColi2731_0,C50_EColi2731_0,C40_EColi2731_0,C30_EColi2731_0
EColi2732_2,C95_EColi2732_2,C90_EColi2732_2,C70_EColi2732_2,C50_EColi2732_2,C40_EColi2732_2,C30_EColi2732_2
EColi2733_2,C95_EColi2733_2,C90_EColi2733_2,C70_EColi2733_2,C50_EColi5241_1,C40_EColi5241_1,C30_EColi5241_1
EColi2734_2,C95_EColi2734_2,C90_EColi2734_2,C70_EColi2734_2,C50_EColi2734_2,C40_EColi2734_2,C30_EColi2734_2
EColi2735_2,C95_EColi2735_2,C90_EColi2735_2,C70_EColi2735_2,C50_EColi2735_2,C40_EColi2735_2,C30_EColi2735_2
EColi2736_1,C95_EColi2736_1,C90_EColi2736_1,C70_EColi2736_1,C50_EColi2736_1,C40_EColi2736_1,C30_EColi2736_1
EColi2737_2,C95_EColi2737_2,C90_EColi2737_2,C70_EColi2737_2,C50_EColi2737_2,C40_EColi2729_2,C30_EColi2729_2
EColi2738_2,C95_EColi2738_2,C90_EColi2738_2,C70_EColi2738_2,C50_EColi2738_2,C40_EColi2738_2,C30_EColi2738_2
EColi2739_0,C95_EColi2739_0,C90_EColi2739_0,C70_EColi2739_0,C50_EColi2739_0,C40_EColi2739_0,C30_EColi2521_0
EColi2740_1,C95_EColi2740_1,C90_EColi2740_1,C70_EColi2740_1,C50_EColi2740_1,C40_EColi2740_1,C30_EColi2740_1
EColi2741_0,C95_EColi2741_0,C90_EColi2741_0,C70_EColi2741_0,C50_EColi2741_0,C40_EColi2741_0,C30_EColi2741_0
EColi2742_0,C95_EColi2742_0,C90_EColi2742_0,C70_EColi2742_0,C50_EColi2742_0,C40_EColi2742_0,C30_EColi2742_0
EColi2743_2,C95_EColi2743_2,C90_EColi2743_2,C70_EColi2743_2,C50_EColi2743_2,C40_EColi3874_2,C30_EColi3874_2
EColi2744_1,C95_EColi2744_1,C90_EColi2744_1,C70_EColi2744_1,C50_EColi2744_1,C40_EColi2744_1,C30_EColi5368_2
EColi2745_0,C95_EColi2745_0,C90_EColi2745_0,C70_EColi2745_0,C50_EColi2745_0,C40_EColi4561_0,C30_EColi3384_2
EColi2746_2,C95_EColi2746_2,C90_EColi2746_2,C70_EColi2746_2,C50_EColi2746_2,C40_EColi440_2,C30_EColi440_2
EColi2747_2,C95_EColi2747_2,C90_EColi2747_2,C70_EColi2747_2,C50_EColi2747_2,C40_EColi5237_1,C30_EColi5237_1
EColi2748_1,C95_EColi2748_1,C90_EColi2748_1,C70_EColi2748_1,C50_EColi2748_1,C40_EColi2748_1,C30_EColi2922_1
EColi2749_1,C95_EColi2749_1,C90_EColi2749_1,C70_EColi2749_1,C50_EColi2749_1,C40_EColi2749_1,C30_EColi5535_0
EColi2750_0,C95_EColi2750_0,C90_EColi2750_0,C70_EColi2750_0,C50_EColi2750_0,C40_EColi2750_0,C30_EColi6236_1
EColi2751_2,C95_EColi2751_2,C90_EColi2751_2,C70_EColi2751_2,C50_EColi2751_2,C40_EColi2751_2,C30_EColi5353_0
EColi2752_2,C95_EColi2752_2,C90_EColi2752_2,C70_EColi2752_2,C50_EColi2752_2,C40_EColi2752_2,C30_EColi2752_2
EColi2753_0,C95_EColi2753_0,C90_EColi2753_0,C70_EColi2753_0,C50_EColi2753_0,C40_EColi2750_0,C30_EColi1198_1
EColi2754_1,C95_EColi2754_1,C90_EColi2754_1,C70_EColi2754_1,C50_EColi2754_1,C40_EColi2754_1,C30_EColi5338_1
EColi2755_2,C95_EColi2755_2,C90_EColi2755_2,C70_EColi2755_2,C50_EColi5233_1,C40_EColi5233_1,C30_EColi895_0
EColi2756_2,C95_EColi2756_2,C90_EColi2756_2,C70_EColi2756_2,C50_EColi2756_2,C40_EColi2756_2,C30_EColi2756_2
EColi2757_2,C95_EColi2757_2,C90_EColi2757_2,C70_EColi2757_2,C50_EColi2757_2,C40_EColi2757_2,C30_EColi2757_2
EColi2758_0,C95_EColi2758_0,C90_EColi2758_0,C70_EColi2758_0,C50_EColi2758_0,C40_EColi2758_0,C30_EColi1100_1
EColi2759_1,C95_EColi2759_1,C90_EColi2759_1,C70_EColi2759_1,C50_EColi124_2,C40_EColi124_2,C30_EColi124_2
EColi2760_1,C95_EColi2760_1,C90_EColi2760_1,C70_EColi2760_1,C50_EColi2760_1,C40_EColi4357_0,C30_EColi4357_0
EColi2761_2,C95_EColi2761_2,C90_EColi2761_2,C70_EColi2761_2,C50_EColi2761_2,C40_EColi2761_2,C30_EColi1231_2
EColi2762_1,C95_EColi2762_1,C90_EColi2762_1,C70_EColi2762_1,C50_EColi2762_1,C40_EColi2762_1,C30_EColi895_0
EColi2763_1,C95_EColi2763_1,C90_EColi2763_1,C70_EColi2763_1,C50_EColi2763_1,C40_EColi2763_1,C30_EColi895_0
EColi2764_2,C95_EColi2764_2,C90_EColi2764_2,C70_EColi2764_2,C50_EColi2764_2,C40_EColi2764_2,C30_EColi2764_2
EColi2765_0,C95_EColi2765_0,C90_EColi2765_0,C70_EColi2765_0,C50_EColi3522_2,C40_EColi3522_2,C30_EColi3650_0
EColi2766_0,C95_EColi2766_0,C90_EColi2766_0,C70_EColi2766_0,C50_EColi2766_0,C40_EColi2766_0,C30_EColi2766_0
EColi2767_2,C95_EColi2767_2,C90_EColi2767_2,C70_EColi2767_2,C50_EColi2767_2,C40_EColi2767_2,C30_EColi2767_2
EColi2768_2,C95_EColi2768_2,C90_EColi2768_2,C70_EColi2768_2,C50_EColi2768_2,C40_EColi2768_2,C30_EColi2768_2
EColi2769_2,C95_EColi2769_2,C90_EColi2769_2,C70_EColi2769_2,C50_EColi2769_2,C40_EColi3528_2,C30_EColi3528_2
EColi2770_0,C95_EColi2770_0,C90_EColi2770_0,C70_EColi2770_0,C50_EColi2770_0,C40_EColi2770_0,C30_EColi2770_0
EColi2771_0,C95_EColi2771_0,C90_EColi2771_0,C70_EColi2771_0,C50_EColi2771_0,C40_EColi2771_0,C30_EColi2653_2
EColi2772_2,C95_EColi2772_2,C90_EColi2772_2,C70_EColi2772_2,C50_EColi2772_2,C40_EColi2772_2,C30_EColi2772_2
EColi2773_0,C95_EColi2773_0,C90_EColi2773_0,C70_EColi2773_0,C50_EColi3522_2,C40_EColi3522_2,C30_EColi3650_0
EColi2774_2,C95_EColi2774_2,C90_EColi2774_2,C70_EColi2774_2,C50_EColi2774_2,C40_EColi2774_2,C30_EColi2774_2
EColi2775_2,C95_EColi2775_2,C90_EColi2775_2,C70_EColi2775_2,C50_EColi2775_2,C40_EColi2775_2,C30_EColi2775_2
EColi2776_0,C95_EColi2776_0,C90_EColi2776_0,C70_EColi2776_0,C50_EColi2776_0,C40_EColi2776_0,C30_EColi2260_1
EColi2777_2,C95_EColi2777_2,C90_EColi2777_2,C70_EColi2777_2,C50_EColi2777_2,C40_EColi2777_2,C30_EColi2777_2
EColi2778_2,C95_EColi2778_2,C90_EColi2778_2,C70_EColi2778_2,C50_EColi2778_2,C40_EColi2778_2,C30_EColi2778_2
EColi2779_2,C95_EColi2779_2,C90_EColi2779_2,C70_EColi2779_2,C50_EColi2779_2,C40_EColi597_2,C30_EColi597_2
EColi2780_1,C95_EColi2780_1,C90_EColi2780_1,C70_EColi2780_1,C50_EColi2780_1,C40_EColi2780_1,C30_EColi3273_1
EColi2781_1,C95_EColi2781_1,C90_EColi2781_1,C70_EColi2781_1,C50_EColi2781_1,C40_EColi2781_1,C30_EColi2781_1
EColi2782_2,C95_EColi2782_2,C90_EColi2782_2,C70_EColi2782_2,C50_EColi2782_2,C40_EColi2782_2,C30_EColi2784_2
EColi2783_1,C95_EColi2783_1,C90_EColi2783_1,C70_EColi2783_1,C50_EColi2783_1,C40_EColi2783_1,C30_EColi4236_0
EColi2784_2,C95_EColi2784_2,C90_EColi2784_2,C70_EColi2784_2,C50_EColi2784_2,C40_EColi2784_2,C30_EColi2784_2
EColi2785_2,C95_EColi2785_2,C90_EColi2785_2,C70_EColi2785_2,C50_EColi2785_2,C40_EColi2785_2,C30_EColi3493_0
EColi2786_0,C95_EColi2786_0,C90_EColi2786_0,C70_EColi2786_0,C50_EColi2786_0,C40_EColi2786_0,C30_EColi2786_0
EColi2787_0,C95_EColi2787_0,C90_EColi2787_0,C70_EColi2787_0,C50_EColi2787_0,C40_EColi2787_0,C30_EColi2787_0
EColi2788_2,C95_EColi2788_2,C90_EColi2788_2,C70_EColi2788_2,C50_EColi2788_2,C40_EColi2788_2,C30_EColi2788_2
EColi2789_1,C95_EColi2789_1,C90_EColi2789_1,C70_EColi2789_1,C50_EColi2789_1,C40_EColi2789_1,C30_EColi2789_1
EColi2790_0,C95_EColi2790_0,C90_EColi2790_0,C70_EColi2790_0,C50_EColi2790_0,C40_EColi5606_0,C30_EColi4793_2
EColi2791_2,C95_EColi2791_2,C90_EColi2791_2,C70_EColi2791_2,C50_EColi2661_2,C40_EColi2661_2,C30_EColi2661_2
EColi2792_0,C95_EColi2792_0,C90_EColi2792_0,C70_EColi2792_0,C50_EColi2792_0,C40_EColi2792_0,C30_EColi3114_2
EColi2793_0,C95_EColi2793_0,C90_EColi2793_0,C70_EColi2793_0,C50_EColi2793_0,C40_EColi2793_0,C30_EColi2793_0
EColi2794_0,C95_EColi2794_0,C90_EColi2794_0,C70_EColi2794_0,C50_EColi2794_0,C40_EColi2794_0,C30_EColi2794_0
EColi2795_0,C95_EColi2795_0,C90_EColi2795_0,C70_EColi2795_0,C50_EColi2795_0,C40_EColi2795_0,C30_EColi2795_0
EColi2796_1,C95_EColi2796_1,C90_EColi2796_1,C70_EColi2796_1,C50_EColi2796_1,C40_EColi2863_2,C30_EColi2796_1
EColi2797_1,C95_EColi2797_1,C90_EColi2797_1,C70_EColi2797_1,C50_EColi2797_1,C40_EColi5289_1,C30_EColi5289_1
EColi2798_2,C95_EColi2798_2,C90_EColi2798_2,C70_EColi2798_2,C50_EColi2798_2,C40_EColi2798_2,C30_EColi2798_2
EColi2799_2,C95_EColi2799_2,C90_EColi2799_2,C70_EColi2799_2,C50_EColi2799_2,C40_EColi2799_2,C30_EColi2799_2
EColi2800_0,C95_EColi2800_0,C90_EColi2800_0,C70_EColi2800_0,C50_EColi2800_0,C40_EColi2800_0,C30_EColi4999_1
EColi2801_2,C95_EColi2801_2,C90_EColi2801_2,C70_EColi2801_2,C50_EColi105_1,C40_EColi105_1,C30_EColi105_1
EColi2802_1,C95_EColi2802_1,C90_EColi2802_1,C70_EColi2802_1,C50_EColi2802_1,C40_EColi5277_1,C30_EColi5277_1
EColi2803_2,C95_EColi2803_2,C90_EColi2803_2,C70_EColi2803_2,C50_EColi2803_2,C40_EColi2803_2,C30_EColi2803_2
EColi2804_2,C95_EColi2804_2,C90_EColi2804_2,C70_EColi2804_2,C50_EColi2804_2,C40_EColi2804_2,C30_EColi2804_2
EColi2805_0,C95_EColi2805_0,C90_EColi2805_0,C70_EColi2805_0,C50_EColi2805_0,C40_EColi2805_0,C30_EColi139_1
EColi2806_2,C95_EColi2806_2,C90_EColi2806_2,C70_EColi2806_2,C50_EColi2806_2,C40_EColi2806_2,C30_EColi133_1
EColi2807_2,C95_EColi2807_2,C90_EColi2807_2,C70_EColi2807_2,C50_EColi2807_2,C40_EColi2807_2,C30_EColi2807_2
EColi2808_0,C95_EColi2808_0,C90_EColi2808_0,C70_EColi2808_0,C50_EColi2808_0,C40_EColi5081_0,C30_EColi1043_1
EColi2809_0,C95_EColi2809_0,C90_EColi2809_0,C70_EColi2809_0,C50_EColi2809_0,C40_EColi2809_0,C30_EColi5930_1
EColi2810_2,C95_EColi2810_2,C90_EColi2810_2,C70_EColi2810_2,C50_EColi2810_2,C40_EColi2810_2,C30_EColi2810_2
EColi2811_1,C95_EColi2811_1,C90_EColi2811_1,C70_EColi2811_1,C50_EColi2811_1,C40_EColi2811_1,C30_EColi2811_1
EColi2812_2,C95_EColi2812_2,C90_EColi2812_2,C70_EColi2812_2,C50_EColi2812_2,C40_EColi2812_2,C30_EColi2812_2
EColi2813_2,C95_EColi2813_2,C90_EColi2813_2,C70_EColi2813_2,C50_EColi2813_2,C40_EColi2813_2,C30_EColi2813_2
EColi2814_0,C95_EColi2814_0,C90_EColi2814_0,C70_EColi2814_0,C50_EColi2814_0,C40_EColi2814_0,C30_EColi2814_0
EColi2815_2,C95_EColi2815_2,C90_EColi2815_2,C70_EColi2815_2,C50_EColi2815_2,C40_EColi1070_1,C30_EColi2192_2
EColi2816_1,C95_EColi2816_1,C90_EColi2816_1,C70_EColi2816_1,C50_EColi2816_1,C40_EColi2816_1,C30_EColi2816_1
EColi2817_2,C95_EColi2817_2,C90_EColi2817_2,C70_EColi2817_2,C50_EColi2817_2,C40_EColi2817_2,C30_EColi2817_2
EColi2818_2,C95_EColi2818_2,C90_EColi2818_2,C70_EColi2818_2,C50_EColi2818_2,C40_EColi2818_2,C30_EColi2818_2
EColi2819_2,C95_EColi2819_2,C90_EColi2819_2,C70_EColi2819_2,C50_EColi2819_2,C40_EColi1446_0,C30_EColi1446_0
EColi2820_0,C95_EColi2820_0,C90_EColi2820_0,C70_EColi2820_0,C50_EColi3153_2,C40_EColi3153_2,C30_EColi5043_0
EColi2821_2,C95_EColi2821_2,C90_EColi2821_2,C70_EColi2821_2,C50_EColi88_0,C40_EColi88_0,C30_EColi88_0
EColi2822_2,C95_EColi2822_2,C90_EColi2822_2,C70_EColi2822_2,C50_EColi2822_2,C40_EColi2822_2,C30_EColi2822_2
EColi2823_2,C95_EColi2823_2,C90_EColi2823_2,C70_EColi2823_2,C50_EColi2823_2,C40_EColi2823_2,C30_EColi2823_2
EColi2824_2,C95_EColi2824_2,C90_EColi2824_2,C70_EColi2824_2,C50_EColi2824_2,C40_EColi2824_2,C30_EColi5360_0
EColi2825_2,C95_EColi2825_2,C90_EColi2825_2,C70_EColi2825_2,C50_EColi2825_2,C40_EColi2825_2,C30_EColi2825_2
EColi2826_2,C95_EColi2826_2,C90_EColi2826_2,C70_EColi2826_2,C50_EColi2826_2,C40_EColi2826_2,C30_EColi1652_1
EColi2827_2,C95_EColi2827_2,C90_EColi2827_2,C70_EColi2827_2,C50_EColi2827_2,C40_EColi2827_2,C30_EColi2825_2
EColi2828_2,C95_EColi2828_2,C90_EColi2828_2,C70_EColi2828_2,C50_EColi2828_2,C40_EColi2828_2,C30_EColi2825_2
EColi2829_2,C95_EColi2829_2,C90_EColi2829_2,C70_EColi2829_2,C50_EColi65_0,C40_EColi65_0,C30_EColi65_0
EColi2830_2,C95_EColi2830_2,C90_EColi2830_2,C70_EColi2830_2,C50_EColi2830_2,C40_EColi2830_2,C30_EColi1035_1
EColi2831_1,C95_EColi2831_1,C90_EColi2831_1,C70_EColi2831_1,C50_EColi2831_1,C40_EColi2831_1,C30_EColi2831_1
EColi2832_2,C95_EColi2832_2,C90_EColi2832_2,C70_EColi2832_2,C50_EColi2365_0,C40_EColi2365_0,C30_EColi5562_0
EColi2833_2,C95_EColi2833_2,C90_EColi2833_2,C70_EColi2833_2,C50_EColi5724_0,C40_EColi5724_0,C30_EColi5724_0
EColi2834_1,C95_EColi2834_1,C90_EColi2834_1,C70_EColi2834_1,C50_EColi2834_1,C40_EColi2834_1,C30_EColi2898_2
EColi2835_0,C95_EColi2835_0,C90_EColi2835_0,C70_EColi2835_0,C50_EColi2835_0,C40_EColi2835_0,C30_EColi5110_0
EColi2836_2,C95_EColi2836_2,C90_EColi2836_2,C70_EColi2836_2,C50_EColi2836_2,C40_EColi2836_2,C30_EColi2836_2
EColi2837_0,C95_EColi2837_0,C90_EColi2837_0,C70_EColi2837_0,C50_EColi2837_0,C40_EColi82_0,C30_EColi82_0
EColi2838_1,C95_EColi2838_1,C90_EColi2838_1,C70_EColi2838_1,C50_EColi2838_1,C40_EColi6056_2,C30_EColi6056_2
EColi2839_2,C95_EColi2839_2,C90_EColi2839_2,C70_EColi2839_2,C50_EColi2839_2,C40_EColi2839_2,C30_EColi2839_2
EColi2840_0,C95_EColi2840_0,C90_EColi2840_0,C70_EColi2840_0,C50_EColi2840_0,C40_EColi193_1,C30_EColi193_1
EColi2841_2,C95_EColi2841_2,C90_EColi2841_2,C70_EColi2841_2,C50_EColi2841_2,C40_EColi68_0,C30_EColi68_0
EColi2842_2,C95_EColi2842_2,C90_EColi2842_2,C70_EColi2842_2,C50_EColi2842_2,C40_EColi2842_2,C30_EColi2842_2
EColi2843_1,C95_EColi2843_1,C90_EColi2843_1,C70_EColi2843_1,C50_EColi2843_1,C40_EColi2843_1,C30_EColi2843_1
EColi2844_2,C95_EColi2844_2,C90_EColi2844_2,C70_EColi2844_2,C50_EColi2307_1,C40_EColi2307_1,C30_EColi2307_1
EColi2845_0,C95_EColi2845_0,C90_EColi2845_0,C70_EColi2845_0,C50_EColi2307_1,C40_EColi2307_1,C30_EColi2307_1
EColi2846_2,C95_EColi2846_2,C90_EColi2846_2,C70_EColi2846_2,C50_EColi5724_0,C40_EColi5724_0,C30_EColi5724_0
EColi2847_2,C95_EColi2847_2,C90_EColi2847_2,C70_EColi2847_2,C50_EColi2847_2,C40_EColi2847_2,C30_EColi2847_2
EColi2848_2,C95_EColi2848_2,C90_EColi2848_2,C70_EColi2848_2,C50_EColi605_2,C40_EColi2305_2,C30_EColi2305_2
EColi2849_1,C95_EColi2849_1,C90_EColi2849_1,C70_EColi2849_1,C50_EColi2849_1,C40_EColi1425_0,C30_EColi1425_0
EColi2850_2,C95_EColi2850_2,C90_EColi2850_2,C70_EColi2850_2,C50_EColi2850_2,C40_EColi2850_2,C30_EColi2850_2
EColi2851_2,C95_EColi2851_2,C90_EColi2851_2,C70_EColi2851_2,C50_EColi2851_2,C40_EColi2851_2,C30_EColi2851_2
EColi2852_2,C95_EColi2852_2,C90_EColi2852_2,C70_EColi2852_2,C50_EColi2852_2,C40_EColi1040_0,C30_EColi1040_0
EColi2853_0,C95_EColi2853_0,C90_EColi2853_0,C70_EColi2853_0,C50_EColi2853_0,C40_EColi5857_0,C30_EColi5857_0
EColi2854_0,C95_EColi2854_0,C90_EColi2854_0,C70_EColi2854_0,C50_EColi2854_0,C40_EColi2854_0,C30_EColi2854_0
EColi2855_2,C95_EColi2855_2,C90_EColi2855_2,C70_EColi2855_2,C50_EColi2855_2,C40_EColi5501_0,C30_EColi4351_0
EColi2856_0,C95_EColi2856_0,C90_EColi2856_0,C70_EColi2856_0,C50_EColi710_0,C40_EColi710_0,C30_EColi710_0
EColi2857_1,C95_EColi2857_1,C90_EColi2857_1,C70_EColi2857_1,C50_EColi2857_1,C40_EColi2857_1,C30_EColi4501_2
EColi2858_0,C95_EColi2858_0,C90_EColi2858_0,C70_EColi2858_0,C50_EColi2858_0,C40_EColi5081_0,C30_EColi1043_1
EColi2859_2,C95_EColi2859_2,C90_EColi2859_2,C70_EColi2859_2,C50_EColi2859_2,C40_EColi2859_2,C30_EColi2653_2
EColi2860_0,C95_EColi2860_0,C90_EColi2860_0,C70_EColi2860_0,C50_EColi2860_0,C40_EColi4394_0,C30_EColi4394_0
EColi2861_2,C95_EColi2861_2,C90_EColi2861_2,C70_EColi2861_2,C50_EColi2861_2,C40_EColi2861_2,C30_EColi2861_2
EColi2862_2,C95_EColi2862_2,C90_EColi2862_2,C70_EColi2862_2,C50_EColi2862_2,C40_EColi2862_2,C30_EColi2862_2
EColi2863_2,C95_EColi2863_2,C90_EColi2863_2,C70_EColi2863_2,C50_EColi2863_2,C40_EColi2863_2,C30_EColi2796_1
EColi2864_1,C95_EColi2864_1,C90_EColi2864_1,C70_EColi2864_1,C50_EColi2864_1,C40_EColi2864_1,C30_EColi2864_1
EColi2865_0,C95_EColi2865_0,C90_EColi2865_0,C70_EColi2865_0,C50_EColi2865_0,C40_EColi2865_0,C30_EColi2865_0
EColi2866_1,C95_EColi2866_1,C90_EColi2866_1,C70_EColi2866_1,C50_EColi2866_1,C40_EColi196_1,C30_EColi196_1
EColi2867_1,C95_EColi2867_1,C90_EColi2867_1,C70_EColi2867_1,C50_EColi2867_1,C40_EColi609_1,C30_EColi609_1
EColi2868_2,C95_EColi2868_2,C90_EColi2868_2,C70_EColi2868_2,C50_EColi2868_2,C40_EColi1064_0,C30_EColi1064_0
EColi2869_0,C95_EColi2869_0,C90_EColi2869_0,C70_EColi2869_0,C50_EColi2659_0,C40_EColi2659_0,C30_EColi2488_2
EColi2870_1,C95_EColi2870_1,C90_EColi2870_1,C70_EColi2870_1,C50_EColi2870_1,C40_EColi2870_1,C30_EColi4668_2
EColi2871_0,C95_EColi2871_0,C90_EColi2871_0,C70_EColi2871_0,C50_EColi2871_0,C40_EColi2871_0,C30_EColi3920_1
EColi2872_0,C95_EColi2872_0,C90_EColi2872_0,C70_EColi2872_0,C50_EColi2872_0,C40_EColi1065_0,C30_EColi1065_0
EColi2873_1,C95_EColi2873_1,C90_EColi2873_1,C70_EColi2873_1,C50_EColi2873_1,C40_EColi2830_2,C30_EColi1035_1
EColi2874_2,C95_EColi2874_2,C90_EColi2874_2,C70_EColi2874_2,C50_EColi6075_1,C40_EColi6075_1,C30_EColi6075_1
EColi2875_2,C95_EColi2875_2,C90_EColi2875_2,C70_EColi2875_2,C50_EColi2875_2,C40_EColi2875_2,C30_EColi2875_2
EColi2876_2,C95_EColi2876_2,C90_EColi2876_2,C70_EColi2876_2,C50_EColi2876_2,C40_EColi6340_1,C30_EColi6340_1
EColi2877_1,C95_EColi2877_1,C90_EColi2877_1,C70_EColi2877_1,C50_EColi2877_1,C40_EColi2082_1,C30_EColi231_2
EColi2878_2,C95_EColi2878_2,C90_EColi2878_2,C70_EColi2878_2,C50_EColi2878_2,C40_EColi2878_2,C30_EColi4393_0
EColi2879_0,C95_EColi2879_0,C90_EColi2879_0,C70_EColi2879_0,C50_EColi2879_0,C40_EColi2879_0,C30_EColi4514_0
EColi2880_2,C95_EColi2880_2,C90_EColi2880_2,C70_EColi2880_2,C50_EColi2880_2,C40_EColi1914_0,C30_EColi1914_0
EColi2881_2,C95_EColi2881_2,C90_EColi2881_2,C70_EColi2881_2,C50_EColi2881_2,C40_EColi2881_2,C30_EColi2881_2
EColi2882_2,C95_EColi2882_2,C90_EColi2882_2,C70_EColi2882_2,C50_EColi2882_2,C40_EColi2859_2,C30_EColi2653_2
EColi2883_2,C95_EColi2883_2,C90_EColi2883_2,C70_EColi2883_2,C50_EColi2883_2,C40_EColi2883_2,C30_EColi2883_2
EColi2884_2,C95_EColi2884_2,C90_EColi2884_2,C70_EColi2884_2,C50_EColi2884_2,C40_EColi2884_2,C30_EColi566_0
EColi2885_2,C95_EColi2885_2,C90_EColi2885_2,C70_EColi2885_2,C50_EColi2885_2,C40_EColi2885_2,C30_EColi2885_2
EColi2886_0,C95_EColi2886_0,C90_EColi2886_0,C70_EColi2886_0,C50_EColi1023_0,C40_EColi2823_2,C30_EColi2823_2
EColi2887_2,C95_EColi2887_2,C90_EColi2887_2,C70_EColi2887_2,C50_EColi2887_2,C40_EColi95_2,C30_EColi4164_0
EColi2888_0,C95_EColi2888_0,C90_EColi2888_0,C70_EColi2888_0,C50_EColi2888_0,C40_EColi2888_0,C30_EColi4350_0
EColi2889_0,C95_EColi2889_0,C90_EColi2889_0,C70_EColi2889_0,C50_EColi2756_2,C40_EColi2756_2,C30_EColi2756_2
EColi2890_0,C95_EColi2890_0,C90_EColi2890_0,C70_EColi2890_0,C50_EColi2890_0,C40_EColi2890_0,C30_EColi4180_1
EColi2891_0,C95_EColi2891_0,C90_EColi2891_0,C70_EColi2891_0,C50_EColi4515_0,C40_EColi4515_0,C30_EColi4868_2
EColi2892_2,C95_EColi2892_2,C90_EColi2892_2,C70_EColi2892_2,C50_EColi2892_2,C40_EColi1747_0,C30_EColi3477_2
EColi2893_0,C95_EColi2893_0,C90_EColi2893_0,C70_EColi2893_0,C50_EColi2893_0,C40_EColi2893_0,C30_EColi2893_0
EColi2894_0,C95_EColi2894_0,C90_EColi2894_0,C70_EColi2894_0,C50_EColi2894_0,C40_EColi2894_0,C30_EColi2894_0
EColi2895_0,C95_EColi2895_0,C90_EColi2895_0,C70_EColi2895_0,C50_EColi2895_0,C40_EColi2895_0,C30_EColi4536_0
EColi2896_2,C95_EColi2896_2,C90_EColi2896_2,C70_EColi2896_2,C50_EColi2305_2,C40_EColi2305_2,C30_EColi2305_2
EColi2897_0,C95_EColi2897_0,C90_EColi2897_0,C70_EColi2897_0,C50_EColi2897_0,C40_EColi4194_1,C30_EColi1061_1
EColi2898_2,C95_EColi2898_2,C90_EColi2898_2,C70_EColi2898_2,C50_EColi2898_2,C40_EColi2898_2,C30_EColi2898_2
EColi2899_2,C95_EColi2899_2,C90_EColi2899_2,C70_EColi2899_2,C50_EColi2899_2,C40_EColi2899_2,C30_EColi2899_2
EColi4500_0,C95_EColi4500_0,C90_EColi4500_0,C70_EColi4500_0,C50_EColi4500_0,C40_EColi4500_0,C30_EColi4500_0
EColi4501_2,C95_EColi4501_2,C90_EColi4501_2,C70_EColi4501_2,C50_EColi4501_2,C40_EColi4501_2,C30_EColi4501_2
EColi4502_0,C95_EColi4502_0,C90_EColi4502_0,C70_EColi4502_0,C50_EColi4502_0,C40_EColi4502_0,C30_EColi4860_0
EColi4503_0,C95_EColi4503_0,C90_EColi4503_0,C70_EColi4503_0,C50_EColi4503_0,C40_EColi4503_0,C30_EColi4503_0
EColi4504_0,C95_EColi4504_0,C90_EColi4504_0,C70_EColi4504_0,C50_EColi4518_0,C40_EColi4518_0,C30_EColi4518_0
EColi4505_2,C95_EColi4505_2,C90_EColi4505_2,C70_EColi4505_2,C50_EColi4505_2,C40_EColi4505_2,C30_EColi4505_2
EColi4506_0,C95_EColi4506_0,C90_EColi4506_0,C70_EColi4506_0,C50_EColi198_1,C40_EColi198_1,C30_EColi198_1
EColi4507_2,C95_EColi4507_2,C90_EColi4507_2,C70_EColi4507_2,C50_EColi4507_2,C40_EColi4507_2,C30_EColi5730_2
EColi4508_2,C95_EColi4508_2,C90_EColi4508_2,C70_EColi4508_2,C50_EColi4508_2,C40_EColi4508_2,C30_EColi4508_2
EColi4509_0,C95_EColi4509_0,C90_EColi4509_0,C70_EColi4509_0,C50_EColi2371_0,C40_EColi2371_0,C30_EColi2371_0
EColi4510_0,C95_EColi4510_0,C90_EColi4510_0,C70_EColi4510_0,C50_EColi2371_0,C40_EColi2371_0,C30_EColi2371_0
EColi4511_2,C95_EColi4511_2,C90_EColi4511_2,C70_EColi4511_2,C50_EColi4511_2,C40_EColi4511_2,C30_EColi4511_2
EColi4512_0,C95_EColi4512_0,C90_EColi4512_0,C70_EColi4512_0,C50_EColi4512_0,C40_EColi4512_0,C30_EColi4512_0
EColi4513_0,C95_EColi4513_0,C90_EColi4513_0,C70_EColi4513_0,C50_EColi4513_0,C40_EColi4513_0,C30_EColi136_1
EColi4514_0,C95_EColi4514_0,C90_EColi4514_0,C70_EColi4514_0,C50_EColi4514_0,C40_EColi4514_0,C30_EColi4514_0
EColi4515_0,C95_EColi4515_0,C90_EColi4515_0,C70_EColi4515_0,C50_EColi4515_0,C40_EColi4515_0,C30_EColi4868_2
EColi4516_2,C95_EColi4516_2,C90_EColi4516_2,C70_EColi4516_2,C50_EColi4516_2,C40_EColi4516_2,C30_EColi4516_2
EColi4517_2,C95_EColi4517_2,C90_EColi4517_2,C70_EColi4517_2,C50_EColi4517_2,C40_EColi4517_2,C30_EColi4517_2
EColi4518_0,C95_EColi4518_0,C90_EColi4518_0,C70_EColi4518_0,C50_EColi4518_0,C40_EColi4518_0,C30_EColi4518_0
EColi4519_0,C95_EColi4519_0,C90_EColi4519_0,C70_EColi4519_0,C50_EColi4519_0,C40_EColi81_1,C30_EColi81_1
EColi4520_2,C95_EColi4520_2,C90_EColi4520_2,C70_EColi4520_2,C50_EColi4520_2,C40_EColi4520_2,C30_EColi4520_2
EColi4521_2,C95_EColi4521_2,C90_EColi4521_2,C70_EColi4521_2,C50_EColi4521_2,C40_EColi4521_2,C30_EColi4521_2
EColi4522_0,C95_EColi4522_0,C90_EColi4522_0,C70_EColi4522_0,C50_EColi4522_0,C40_EColi4522_0,C30_EColi4522_0
EColi4523_2,C95_EColi4523_2,C90_EColi4523_2,C70_EColi4523_2,C50_EColi4523_2,C40_EColi4523_2,C30_EColi4523_2
EColi4524_2,C95_EColi4524_2,C90_EColi4524_2,C70_EColi4524_2,C50_EColi4524_2,C40_EColi4524_2,C30_EColi4524_2
EColi4525_2,C95_EColi4525_2,C90_EColi4525_2,C70_EColi4525_2,C50_EColi4525_2,C40_EColi4525_2,C30_EColi5526_2
EColi4526_2,C95_EColi4526_2,C90_EColi4526_2,C70_EColi4526_2,C50_EColi4526_2,C40_EColi4526_2,C30_EColi4526_2
EColi4527_2,C95_EColi4527_2,C90_EColi4527_2,C70_EColi4527_2,C50_EColi4527_2,C40_EColi4527_2,C30_EColi4527_2
EColi4528_0,C95_EColi4528_0,C90_EColi4528_0,C70_EColi4528_0,C50_EColi4528_0,C40_EColi4528_0,C30_EColi4528_0
EColi4529_2,C95_EColi4529_2,C90_EColi4529_2,C70_EColi4529_2,C50_EColi4529_2,C40_EColi4529_2,C30_EColi1215_2
EColi4530_2,C95_EColi4530_2,C90_EColi4530_2,C70_EColi4530_2,C50_EColi4530_2,C40_EColi4530_2,C30_EColi6159_1
EColi4531_0,C95_EColi4531_0,C90_EColi4531_0,C70_EColi4531_0,C50_EColi4531_0,C40_EColi4531_0,C30_EColi5223_1
EColi4532_0,C95_EColi4532_0,C90_EColi4532_0,C70_EColi4532_0,C50_EColi4532_0,C40_EColi4532_0,C30_EColi4532_0
EColi4533_0,C95_EColi4533_0,C90_EColi4533_0,C70_EColi4533_0,C50_EColi4533_0,C40_EColi4533_0,C30_EColi4533_0
EColi4534_0,C95_EColi4534_0,C90_EColi4534_0,C70_EColi4534_0,C50_EColi4534_0,C40_EColi4534_0,C30_EColi4534_0
EColi4535_0,C95_EColi4535_0,C90_EColi4535_0,C70_EColi4535_0,C50_EColi4535_0,C40_EColi3185_0,C30_EColi3185_0
EColi4536_0,C95_EColi4536_0,C90_EColi4536_0,C70_EColi4536_0,C50_EColi4536_0,C40_EColi4536_0,C30_EColi4536_0
EColi4537_0,C95_EColi4537_0,C90_EColi4537_0,C70_EColi4537_0,C50_EColi4537_0,C40_EColi4537_0,C30_EColi5572_0
EColi4538_0,C95_EColi4538_0,C90_EColi4538_0,C70_EColi4538_0,C50_EColi4538_0,C40_EColi4538_0,C30_EColi4635_0
EColi4539_0,C95_EColi4539_0,C90_EColi4539_0,C70_EColi4539_0,C50_EColi4539_0,C40_EColi675_0,C30_EColi4558_0
EColi4540_2,C95_EColi4540_2,C90_EColi4540_2,C70_EColi4540_2,C50_EColi4540_2,C40_EColi4540_2,C30_EColi4540_2
EColi4541_0,C95_EColi4541_0,C90_EColi4541_0,C70_EColi4541_0,C50_EColi4541_0,C40_EColi4541_0,C30_EColi4541_0
EColi4542_1,C95_EColi4542_1,C90_EColi4542_1,C70_EColi4542_1,C50_EColi4542_1,C40_EColi4542_1,C30_EColi4542_1
EColi4543_2,C95_EColi4543_2,C90_EColi4543_2,C70_EColi4543_2,C50_EColi4543_2,C40_EColi1315_1,C30_EColi5482_2
EColi4544_0,C95_EColi4544_0,C90_EColi4544_0,C70_EColi4544_0,C50_EColi4544_0,C40_EColi4544_0,C30_EColi4544_0
EColi4545_1,C95_EColi4545_1,C90_EColi4545_1,C70_EColi4545_1,C50_EColi6314_1,C40_EColi6314_1,C30_EColi6314_1
EColi4546_0,C95_EColi4546_0,C90_EColi4546_0,C70_EColi4546_0,C50_EColi4546_0,C40_EColi4546_0,C30_EColi4546_0
EColi4547_2,C95_EColi4547_2,C90_EColi4547_2,C70_EColi4547_2,C50_EColi3044_0,C40_EColi3044_0,C30_EColi5393_0
EColi4548_2,C95_EColi4548_2,C90_EColi4548_2,C70_EColi4548_2,C50_EColi3758_0,C40_EColi3758_0,C30_EColi3758_0
EColi4549_0,C95_EColi4549_0,C90_EColi4549_0,C70_EColi4549_0,C50_EColi4549_0,C40_EColi2533_2,C30_EColi2533_2
EColi4550_1,C95_EColi4550_1,C90_EColi4550_1,C70_EColi4550_1,C50_EColi4550_1,C40_EColi4550_1,C30_EColi4550_1
EColi4551_2,C95_EColi4551_2,C90_EColi4551_2,C70_EColi4551_2,C50_EColi4551_2,C40_EColi4551_2,C30_EColi4551_2
EColi4552_2,C95_EColi4552_2,C90_EColi4552_2,C70_EColi4552_2,C50_EColi4552_2,C40_EColi3120_0,C30_EColi3120_0
EColi4553_0,C95_EColi4553_0,C90_EColi4553_0,C70_EColi4553_0,C50_EColi4553_0,C40_EColi4553_0,C30_EColi4553_0
EColi4554_2,C95_EColi4554_2,C90_EColi4554_2,C70_EColi4554_2,C50_EColi4554_2,C40_EColi4554_2,C30_EColi4554_2
EColi4555_0,C95_EColi4555_0,C90_EColi4555_0,C70_EColi4555_0,C50_EColi4555_0,C40_EColi4555_0,C30_EColi4555_0
EColi4556_0,C95_EColi4556_0,C90_EColi4556_0,C70_EColi4556_0,C50_EColi4556_0,C40_EColi2875_2,C30_EColi2875_2
EColi4557_0,C95_EColi4557_0,C90_EColi4557_0,C70_EColi4557_0,C50_EColi4557_0,C40_EColi4557_0,C30_EColi4557_0
EColi4558_0,C95_EColi4558_0,C90_EColi4558_0,C70_EColi4558_0,C50_EColi4558_0,C40_EColi4558_0,C30_EColi4558_0
EColi4559_0,C95_EColi4559_0,C90_EColi4559_0,C70_EColi4559_0,C50_EColi4559_0,C40_EColi1390_2,C30_EColi1390_2
EColi4560_0,C95_EColi4560_0,C90_EColi4560_0,C70_EColi4560_0,C50_EColi4560_0,C40_EColi4558_0,C30_EColi4558_0
EColi4561_0,C95_EColi4561_0,C90_EColi4561_0,C70_EColi4561_0,C50_EColi4561_0,C40_EColi4561_0,C30_EColi3384_2
EColi4562_0,C95_EColi4562_0,C90_EColi4562_0,C70_EColi4562_0,C50_EColi4562_0,C40_EColi5506_0,C30_EColi5506_0
EColi4563_0,C95_EColi4563_0,C90_EColi4563_0,C70_EColi4563_0,C50_EColi4563_0,C40_EColi4563_0,C30_EColi4563_0
EColi4564_0,C95_EColi4564_0,C90_EColi4564_0,C70_EColi4564_0,C50_EColi4564_0,C40_EColi4564_0,C30_EColi4564_0
EColi4565_0,C95_EColi4565_0,C90_EColi4565_0,C70_EColi4565_0,C50_EColi4565_0,C40_EColi4565_0,C30_EColi4565_0
EColi4566_1,C95_EColi4566_1,C90_EColi4566_1,C70_EColi4566_1,C50_EColi4566_1,C40_EColi4566_1,C30_EColi6307_1
EColi4567_0,C95_EColi4567_0,C90_EColi4567_0,C70_EColi4567_0,C50_EColi4567_0,C40_EColi4567_0,C30_EColi4567_0
EColi4568_1,C95_EColi4568_1,C90_EColi4568_1,C70_EColi4568_1,C50_EColi181_1,C40_EColi3004_0,C30_EColi3004_0
EColi4569_0,C95_EColi4569_0,C90_EColi4569_0,C70_EColi4569_0,C50_EColi4569_0,C40_EColi4569_0,C30_EColi4569_0
EColi4570_2,C95_EColi4570_2,C90_EColi4570_2,C70_EColi4570_2,C50_EColi4570_2,C40_EColi4570_2,C30_EColi4570_2
EColi4571_2,C95_EColi4571_2,C90_EColi4571_2,C70_EColi4571_2,C50_EColi4571_2,C40_EColi6335_1,C30_EColi6335_1
EColi4572_0,C95_EColi4572_0,C90_EColi4572_0,C70_EColi4572_0,C50_EColi4202_0,C40_EColi5567_0,C30_EColi5567_0
EColi4573_2,C95_EColi4573_2,C90_EColi4573_2,C70_EColi4573_2,C50_EColi4573_2,C40_EColi4573_2,C30_EColi6340_1
EColi4574_0,C95_EColi4574_0,C90_EColi4574_0,C70_EColi4574_0,C50_EColi4574_0,C40_EColi4574_0,C30_EColi4574_0
EColi4575_0,C95_EColi4575_0,C90_EColi4575_0,C70_EColi4575_0,C50_EColi4575_0,C40_EColi4575_0,C30_EColi4242_0
EColi4576_0,C95_EColi4576_0,C90_EColi4576_0,C70_EColi4576_0,C50_EColi4576_0,C40_EColi4576_0,C30_EColi4576_0
EColi4577_0,C95_EColi4577_0,C90_EColi4577_0,C70_EColi4577_0,C50_EColi4577_0,C40_EColi4577_0,C30_EColi4577_0
EColi4578_1,C95_EColi4578_1,C90_EColi4578_1,C70_EColi4578_1,C50_EColi4578_1,C40_EColi2394_0,C30_EColi4578_1
EColi4579_2,C95_EColi4579_2,C90_EColi4579_2,C70_EColi4579_2,C50_EColi4558_0,C40_EColi4558_0,C30_EColi4558_0
EColi4580_0,C95_EColi4580_0,C90_EColi4580_0,C70_EColi4580_0,C50_EColi4580_0,C40_EColi4580_0,C30_EColi4242_0
EColi4581_2,C95_EColi4581_2,C90_EColi4581_2,C70_EColi4581_2,C50_EColi4581_2,C40_EColi5638_2,C30_EColi5638_2
EColi4582_0,C95_EColi4582_0,C90_EColi4582_0,C70_EColi4582_0,C50_EColi4582_0,C40_EColi4582_0,C30_EColi4582_0
EColi4583_1,C95_EColi4583_1,C90_EColi4583_1,C70_EColi4583_1,C50_EColi4583_1,C40_EColi4583_1,C30_EColi2267_0
EColi4584_2,C95_EColi4584_2,C90_EColi4584_2,C70_EColi4584_2,C50_EColi4584_2,C40_EColi2883_2,C30_EColi2883_2
EColi4585_1,C95_EColi4585_1,C90_EColi4585_1,C70_EColi4585_1,C50_EColi4585_1,C40_EColi4585_1,C30_EColi4534_0
EColi4586_0,C95_EColi4586_0,C90_EColi4586_0,C70_EColi4586_0,C50_EColi4586_0,C40_EColi4586_0,C30_EColi4586_0
EColi4587_2,C95_EColi4587_2,C90_EColi4587_2,C70_EColi4587_2,C50_EColi4587_2,C40_EColi3464_1,C30_EColi2111_0
EColi4588_0,C95_EColi4588_0,C90_EColi4588_0,C70_EColi4588_0,C50_EColi4588_0,C40_EColi4588_0,C30_EColi4588_0
EColi4589_0,C95_EColi4589_0,C90_EColi4589_0,C70_EColi4589_0,C50_EColi5886_0,C40_EColi3142_0,C30_EColi5908_0
EColi4590_0,C95_EColi4590_0,C90_EColi4590_0,C70_EColi4590_0,C50_EColi4590_0,C40_EColi4725_0,C30_EColi4725_0
EColi4591_2,C95_EColi4591_2,C90_EColi4591_2,C70_EColi4591_2,C50_EColi5317_1,C40_EColi5317_1,C30_EColi5317_1
EColi4592_0,C95_EColi4592_0,C90_EColi4592_0,C70_EColi4592_0,C50_EColi4592_0,C40_EColi4592_0,C30_EColi4592_0
EColi4593_0,C95_EColi4593_0,C90_EColi4593_0,C70_EColi4593_0,C50_EColi4593_0,C40_EColi4593_0,C30_EColi4593_0
EColi4594_1,C95_EColi4594_1,C90_EColi4594_1,C70_EColi4594_1,C50_EColi1510_1,C40_EColi1510_1,C30_EColi1510_1
EColi4595_0,C95_EColi4595_0,C90_EColi4595_0,C70_EColi4595_0,C50_EColi4595_0,C40_EColi4595_0,C30_EColi4595_0
EColi4596_1,C95_EColi4596_1,C90_EColi4596_1,C70_EColi4596_1,C50_EColi798_1,C40_EColi379_1,C30_EColi1246_0
EColi4597_0,C95_EColi4597_0,C90_EColi4597_0,C70_EColi4597_0,C50_EColi4597_0,C40_EColi44_0,C30_EColi44_0
EColi4598_0,C95_EColi4598_0,C90_EColi4598_0,C70_EColi4598_0,C50_EColi4598_0,C40_EColi4495_0,C30_EColi111_2
EColi4599_0,C95_EColi4599_0,C90_EColi4599_0,C70_EColi4599_0,C50_EColi4599_0,C40_EColi4189_0,C30_EColi4189_0
EColi4700_0,C95_EColi4700_0,C90_EColi4700_0,C70_EColi4700_0,C50_EColi4700_0,C40_EColi4700_0,C30_EColi4700_0
EColi4701_2,C95_EColi4701_2,C90_EColi4701_2,C70_EColi4701_2,C50_EColi4701_2,C40_EColi5510_2,C30_EColi5510_2
EColi4702_0,C95_EColi4702_0,C90_EColi4702_0,C70_EColi4702_0,C50_EColi4702_0,C40_EColi4702_0,C30_EColi4702_0
EColi4703_2,C95_EColi4703_2,C90_EColi4703_2,C70_EColi4703_2,C50_EColi4703_2,C40_EColi4703_2,C30_EColi4703_2
EColi4704_1,C95_EColi4704_1,C90_EColi4704_1,C70_EColi4704_1,C50_EColi4704_1,C40_EColi4704_1,C30_EColi4704_1
EColi4705_0,C95_EColi4705_0,C90_EColi4705_0,C70_EColi4705_0,C50_EColi1545_2,C40_EColi1125_1,C30_EColi1125_1
EColi4706_1,C95_EColi4706_1,C90_EColi4706_1,C70_EColi4706_1,C50_EColi4706_1,C40_EColi5882_1,C30_EColi5863_0
EColi4707_0,C95_EColi4707_0,C90_EColi4707_0,C70_EColi4707_0,C50_EColi4707_0,C40_EColi4707_0,C30_EColi4707_0
EColi4708_0,C95_EColi4708_0,C90_EColi4708_0,C70_EColi4708_0,C50_EColi4708_0,C40_EColi4708_0,C30_EColi5706_1
EColi4709_1,C95_EColi4709_1,C90_EColi4709_1,C70_EColi4709_1,C50_EColi4709_1,C40_EColi3474_2,C30_EColi3474_2
EColi4710_1,C95_EColi4710_1,C90_EColi4710_1,C70_EColi4710_1,C50_EColi3531_2,C40_EColi3531_2,C30_EColi5989_0
EColi4711_2,C95_EColi4711_2,C90_EColi4711_2,C70_EColi4711_2,C50_EColi4711_2,C40_EColi5653_2,C30_EColi5653_2
EColi4712_1,C95_EColi4712_1,C90_EColi4712_1,C70_EColi4712_1,C50_EColi4712_1,C40_EColi4712_1,C30_EColi4712_1
EColi4713_2,C95_EColi4713_2,C90_EColi4713_2,C70_EColi4713_2,C50_EColi4713_2,C40_EColi4713_2,C30_EColi679_2
EColi4714_0,C95_EColi4714_0,C90_EColi4714_0,C70_EColi4714_0,C50_EColi4714_0,C40_EColi2339_1,C30_EColi5506_0
EColi4715_2,C95_EColi4715_2,C90_EColi4715_2,C70_EColi4715_2,C50_EColi4715_2,C40_EColi4508_2,C30_EColi4508_2
EColi4716_0,C95_EColi4716_0,C90_EColi4716_0,C70_EColi4716_0,C50_EColi4716_0,C40_EColi5520_0,C30_EColi5520_0
EColi4717_0,C95_EColi4717_0,C90_EColi4717_0,C70_EColi4717_0,C50_EColi4717_0,C40_EColi4717_0,C30_EColi5654_1
EColi4718_1,C95_EColi4718_1,C90_EColi4718_1,C70_EColi4718_1,C50_EColi4718_1,C40_EColi4718_1,C30_EColi5720_1
EColi4719_1,C95_EColi4719_1,C90_EColi4719_1,C70_EColi4719_1,C50_EColi4719_1,C40_EColi2216_2,C30_EColi2216_2
EColi4720_0,C95_EColi4720_0,C90_EColi4720_0,C70_EColi4720_0,C50_EColi4720_0,C40_EColi4720_0,C30_EColi1349_2
EColi4721_1,C95_EColi4721_1,C90_EColi4721_1,C70_EColi4721_1,C50_EColi4721_1,C40_EColi4721_1,C30_EColi4721_1
EColi4722_0,C95_EColi4722_0,C90_EColi4722_0,C70_EColi4722_0,C50_EColi4722_0,C40_EColi4722_0,C30_EColi4722_0
EColi4723_0,C95_EColi4723_0,C90_EColi4723_0,C70_EColi4723_0,C50_EColi4723_0,C40_EColi4723_0,C30_EColi4723_0
EColi4724_0,C95_EColi4724_0,C90_EColi4724_0,C70_EColi4724_0,C50_EColi4724_0,C40_EColi46_2,C30_EColi46_2
EColi4725_0,C95_EColi4725_0,C90_EColi4725_0,C70_EColi4725_0,C50_EColi4725_0,C40_EColi4725_0,C30_EColi4725_0
EColi4726_0,C95_EColi4726_0,C90_EColi4726_0,C70_EColi4726_0,C50_EColi518_0,C40_EColi518_0,C30_EColi5863_0
EColi4727_1,C95_EColi4727_1,C90_EColi4727_1,C70_EColi4727_1,C50_EColi4727_1,C40_EColi5436_2,C30_EColi5436_2
EColi4728_2,C95_EColi4728_2,C90_EColi4728_2,C70_EColi4728_2,C50_EColi4728_2,C40_EColi4728_2,C30_EColi4728_2
EColi4729_0,C95_EColi4729_0,C90_EColi4729_0,C70_EColi4729_0,C50_EColi4729_0,C40_EColi5187_1,C30_EColi5187_1
EColi4730_2,C95_EColi4730_2,C90_EColi4730_2,C70_EColi4730_2,C50_EColi4730_2,C40_EColi5338_1,C30_EColi5338_1
EColi4731_2,C95_EColi4731_2,C90_EColi4731_2,C70_EColi4731_2,C50_EColi152_2,C40_EColi5504_0,C30_EColi5504_0
EColi4732_0,C95_EColi4732_0,C90_EColi4732_0,C70_EColi4732_0,C50_EColi4732_0,C40_EColi4393_0,C30_EColi4393_0
EColi4733_0,C95_EColi4733_0,C90_EColi4733_0,C70_EColi4733_0,C50_EColi4733_0,C40_EColi4733_0,C30_EColi3331_0
EColi4734_1,C95_EColi4734_1,C90_EColi4734_1,C70_EColi4734_1,C50_EColi4612_0,C40_EColi2610_0,C30_EColi1778_2
EColi4735_1,C95_EColi4735_1,C90_EColi4735_1,C70_EColi4735_1,C50_EColi4735_1,C40_EColi4735_1,C30_EColi4735_1
EColi4736_0,C95_EColi4736_0,C90_EColi4736_0,C70_EColi4736_0,C50_EColi4736_0,C40_EColi3619_0,C30_EColi5837_0
EColi4737_1,C95_EColi4737_1,C90_EColi4737_1,C70_EColi4737_1,C50_EColi4737_1,C40_EColi4737_1,C30_EColi4737_1
EColi4738_1,C95_EColi4738_1,C90_EColi4738_1,C70_EColi4738_1,C50_EColi4738_1,C40_EColi4738_1,C30_EColi1916_2
EColi4739_1,C95_EColi4739_1,C90_EColi4739_1,C70_EColi4739_1,C50_EColi5275_1,C40_EColi2610_0,C30_EColi4739_1
EColi4740_2,C95_EColi4740_2,C90_EColi4740_2,C70_EColi4740_2,C50_EColi3476_2,C40_EColi4440_2,C30_EColi5981_2
EColi4741_2,C95_EColi4741_2,C90_EColi4741_2,C70_EColi4741_2,C50_EColi4741_2,C40_EColi4741_2,C30_EColi4348_0
EColi4742_0,C95_EColi4742_0,C90_EColi4742_0,C70_EColi4742_0,C50_EColi4742_0,C40_EColi4742_0,C30_EColi4742_0
EColi4743_1,C95_EColi4743_1,C90_EColi4743_1,C70_EColi4743_1,C50_EColi4743_1,C40_EColi4743_1,C30_EColi4743_1
EColi4744_0,C95_EColi4744_0,C90_EColi4744_0,C70_EColi4744_0,C50_EColi4744_0,C40_EColi4744_0,C30_EColi4744_0
EColi4745_0,C95_EColi4745_0,C90_EColi4745_0,C70_EColi4745_0,C50_EColi4745_0,C40_EColi3578_1,C30_EColi3578_1
EColi4746_0,C95_EColi4746_0,C90_EColi4746_0,C70_EColi4746_0,C50_EColi4746_0,C40_EColi4746_0,C30_EColi1017_0
EColi4747_0,C95_EColi4747_0,C90_EColi4747_0,C70_EColi4747_0,C50_EColi4747_0,C40_EColi4747_0,C30_EColi4747_0
EColi4748_0,C95_EColi4748_0,C90_EColi4748_0,C70_EColi4748_0,C50_EColi4748_0,C40_EColi4748_0,C30_EColi5013_2
EColi4749_0,C95_EColi4749_0,C90_EColi4749_0,C70_EColi4749_0,C50_EColi4749_0,C40_EColi4749_0,C30_EColi1179_0
EColi4750_1,C95_EColi4750_1,C90_EColi4750_1,C70_EColi4750_1,C50_EColi4750_1,C40_EColi4750_1,C30_EColi5954_1
EColi4751_0,C95_EColi4751_0,C90_EColi4751_0,C70_EColi4751_0,C50_EColi4751_0,C40_EColi954_0,C30_EColi954_0
EColi4752_0,C95_EColi4752_0,C90_EColi4752_0,C70_EColi4752_0,C50_EColi3171_1,C40_EColi759_2,C30_EColi759_2
EColi4753_1,C95_EColi4753_1,C90_EColi4753_1,C70_EColi4753_1,C50_EColi4753_1,C40_EColi4753_1,C30_EColi4753_1
EColi4754_0,C95_EColi4754_0,C90_EColi4754_0,C70_EColi4754_0,C50_EColi4754_0,C40_EColi4754_0,C30_EColi4754_0
EColi4755_0,C95_EColi4755_0,C90_EColi4755_0,C70_EColi4755_0,C50_EColi4755_0,C40_EColi4755_0,C30_EColi4755_0
EColi4756_0,C95_EColi4756_0,C90_EColi4756_0,C70_EColi4756_0,C50_EColi4756_0,C40_EColi4756_0,C30_EColi2228_2
EColi4757_2,C95_EColi4757_2,C90_EColi4757_2,C70_EColi4757_2,C50_EColi4757_2,C40_EColi4757_2,C30_EColi4757_2
EColi4758_2,C95_EColi4758_2,C90_EColi4758_2,C70_EColi4758_2,C50_EColi4758_2,C40_EColi4758_2,C30_EColi4758_2
EColi4759_2,C95_EColi4759_2,C90_EColi4759_2,C70_EColi4759_2,C50_EColi4759_2,C40_EColi4759_2,C30_EColi2836_2
EColi4760_0,C95_EColi4760_0,C90_EColi4760_0,C70_EColi4760_0,C50_EColi4760_0,C40_EColi4760_0,C30_EColi2393_0
EColi4761_0,C95_EColi4761_0,C90_EColi4761_0,C70_EColi4761_0,C50_EColi4761_0,C40_EColi4761_0,C30_EColi1017_0
EColi4762_0,C95_EColi4762_0,C90_EColi4762_0,C70_EColi4762_0,C50_EColi4762_0,C40_EColi4762_0,C30_EColi4762_0
EColi4763_2,C95_EColi4763_2,C90_EColi4763_2,C70_EColi4763_2,C50_EColi4763_2,C40_EColi4763_2,C30_EColi3207_0
EColi4764_0,C95_EColi4764_0,C90_EColi4764_0,C70_EColi4764_0,C50_EColi4764_0,C40_EColi4764_0,C30_EColi4764_0
EColi4765_2,C95_EColi4765_2,C90_EColi4765_2,C70_EColi4765_2,C50_EColi5603_0,C40_EColi5603_0,C30_EColi4546_0
EColi4766_2,C95_EColi4766_2,C90_EColi4766_2,C70_EColi4766_2,C50_EColi4766_2,C40_EColi4766_2,C30_EColi4766_2
EColi4767_2,C95_EColi4767_2,C90_EColi4767_2,C70_EColi4767_2,C50_EColi4767_2,C40_EColi4767_2,C30_EColi4767_2
EColi4768_0,C95_EColi4768_0,C90_EColi4768_0,C70_EColi4768_0,C50_EColi4768_0,C40_EColi4768_0,C30_EColi4768_0
EColi4769_0,C95_EColi4769_0,C90_EColi4769_0,C70_EColi4769_0,C50_EColi4769_0,C40_EColi4769_0,C30_EColi4769_0
EColi4770_2,C95_EColi4770_2,C90_EColi4770_2,C70_EColi4770_2,C50_EColi4770_2,C40_EColi4770_2,C30_EColi4770_2
EColi4771_0,C95_EColi4771_0,C90_EColi4771_0,C70_EColi4771_0,C50_EColi4771_0,C40_EColi4771_0,C30_EColi4771_0
EColi4772_2,C95_EColi4772_2,C90_EColi4772_2,C70_EColi4772_2,C50_EColi4772_2,C40_EColi4772_2,C30_EColi4670_2
EColi4773_2,C95_EColi4773_2,C90_EColi4773_2,C70_EColi4773_2,C50_EColi4773_2,C40_EColi4773_2,C30_EColi4773_2
EColi4774_2,C95_EColi4774_2,C90_EColi4774_2,C70_EColi4774_2,C50_EColi4774_2,C40_EColi4774_2,C30_EColi4774_2
EColi4775_2,C95_EColi4775_2,C90_EColi4775_2,C70_EColi4775_2,C50_EColi4775_2,C40_EColi4349_0,C30_EColi4349_0
EColi4776_2,C95_EColi4776_2,C90_EColi4776_2,C70_EColi4776_2,C50_EColi2703_1,C40_EColi2703_1,C30_EColi2703_1
EColi4777_0,C95_EColi4777_0,C90_EColi4777_0,C70_EColi4777_0,C50_EColi4777_0,C40_EColi4777_0,C30_EColi761_1
EColi4778_1,C95_EColi4778_1,C90_EColi4778_1,C70_EColi4778_1,C50_EColi3475_1,C40_EColi1469_2,C30_EColi1469_2
EColi4779_1,C95_EColi4779_1,C90_EColi4779_1,C70_EColi4779_1,C50_EColi4779_1,C40_EColi6048_1,C30_EColi6236_1
EColi4780_1,C95_EColi4780_1,C90_EColi4780_1,C70_EColi4780_1,C50_EColi4780_1,C40_EColi3583_1,C30_EColi1650_1
EColi4781_2,C95_EColi4781_2,C90_EColi4781_2,C70_EColi4781_2,C50_EColi4781_2,C40_EColi4781_2,C30_EColi4781_2
EColi4782_0,C95_EColi4782_0,C90_EColi4782_0,C70_EColi4782_0,C50_EColi3219_1,C40_EColi3219_1,C30_EColi3219_1
EColi4783_2,C95_EColi4783_2,C90_EColi4783_2,C70_EColi4783_2,C50_EColi4783_2,C40_EColi1323_1,C30_EColi6102_0
EColi4784_2,C95_EColi4784_2,C90_EColi4784_2,C70_EColi4784_2,C50_EColi4784_2,C40_EColi4784_2,C30_EColi4784_2
EColi4785_1,C95_EColi4785_1,C90_EColi4785_1,C70_EColi4785_1,C50_EColi4785_1,C40_EColi4785_1,C30_EColi4785_1
EColi4786_1,C95_EColi4786_1,C90_EColi4786_1,C70_EColi4786_1,C50_EColi4786_1,C40_EColi4786_1,C30_EColi4786_1
EColi4787_2,C95_EColi4787_2,C90_EColi4787_2,C70_EColi4787_2,C50_EColi4787_2,C40_EColi4787_2,C30_EColi1828_2
EColi4788_2,C95_EColi4788_2,C90_EColi4788_2,C70_EColi4788_2,C50_EColi4788_2,C40_EColi4788_2,C30_EColi4788_2
EColi4789_0,C95_EColi4789_0,C90_EColi4789_0,C70_EColi4789_0,C50_EColi4789_0,C40_EColi4789_0,C30_EColi4789_0
EColi4790_0,C95_EColi4790_0,C90_EColi4790_0,C70_EColi4790_0,C50_EColi3370_1,C40_EColi3370_1,C30_EColi3370_1
EColi4791_2,C95_EColi4791_2,C90_EColi4791_2,C70_EColi4791_2,C50_EColi4791_2,C40_EColi4791_2,C30_EColi4791_2
EColi4792_1,C95_EColi4792_1,C90_EColi4792_1,C70_EColi4792_1,C50_EColi5951_1,C40_EColi5951_1,C30_EColi1672_0
EColi4793_2,C95_EColi4793_2,C90_EColi4793_2,C70_EColi4793_2,C50_EColi4793_2,C40_EColi4793_2,C30_EColi4793_2
EColi4794_2,C95_EColi4794_2,C90_EColi4794_2,C70_EColi4794_2,C50_EColi4794_2,C40_EColi4794_2,C30_EColi4794_2
EColi4795_2,C95_EColi4795_2,C90_EColi4795_2,C70_EColi4795_2,C50_EColi4795_2,C40_EColi4795_2,C30_EColi4795_2
EColi4796_2,C95_EColi4796_2,C90_EColi4796_2,C70_EColi4796_2,C50_EColi4796_2,C40_EColi4796_2,C30_EColi851_2
EColi4797_2,C95_EColi4797_2,C90_EColi4797_2,C70_EColi4797_2,C50_EColi4797_2,C40_EColi4797_2,C30_EColi4797_2
EColi4798_1,C95_EColi4798_1,C90_EColi4798_1,C70_EColi4798_1,C50_EColi4798_1,C40_EColi4798_1,C30_EColi4798_1
EColi4799_2,C95_EColi4799_2,C90_EColi4799_2,C70_EColi4799_2,C50_EColi4799_2,C40_EColi4799_2,C30_EColi4799_2
EColi4900_1,C95_EColi4900_1,C90_EColi4900_1,C70_EColi4900_1,C50_EColi4900_1,C40_EColi4900_1,C30_EColi1472_1
EColi4901_2,C95_EColi4901_2,C90_EColi4901_2,C70_EColi4901_2,C50_EColi4901_2,C40_EColi4434_2,C30_EColi4434_2
EColi4902_2,C95_EColi4902_2,C90_EColi4902_2,C70_EColi4902_2,C50_EColi4902_2,C40_EColi4902_2,C30_EColi6029_0
EColi4903_0,C95_EColi4903_0,C90_EColi4903_0,C70_EColi4903_0,C50_EColi4903_0,C40_EColi913_2,C30_EColi913_2
EColi4904_2,C95_EColi4904_2,C90_EColi4904_2,C70_EColi4904_2,C50_EColi4904_2,C40_EColi4675_2,C30_EColi5404_2
EColi4905_2,C95_EColi4905_2,C90_EColi4905_2,C70_EColi4905_2,C50_EColi2904_2,C40_EColi2904_2,C30_EColi2904_2
EColi4906_0,C95_EColi4906_0,C90_EColi4906_0,C70_EColi4906_0,C50_EColi4906_0,C40_EColi4906_0,C30_EColi3086_0
EColi4907_0,C95_EColi4907_0,C90_EColi4907_0,C70_EColi4907_0,C50_EColi4907_0,C40_EColi4907_0,C30_EColi1520_2
EColi4908_1,C95_EColi4908_1,C90_EColi4908_1,C70_EColi4908_1,C50_EColi4908_1,C40_EColi4908_1,C30_EColi4908_1
EColi4909_0,C95_EColi4909_0,C90_EColi4909_0,C70_EColi4909_0,C50_EColi4909_0,C40_EColi5916_0,C30_EColi5916_0
EColi4910_2,C95_EColi4910_2,C90_EColi4910_2,C70_EColi4910_2,C50_EColi4910_2,C40_EColi4910_2,C30_EColi4910_2
EColi4911_0,C95_EColi4911_0,C90_EColi4911_0,C70_EColi4911_0,C50_EColi4911_0,C40_EColi4695_0,C30_EColi4695_0
EColi4912_1,C95_EColi4912_1,C90_EColi4912_1,C70_EColi4912_1,C50_EColi4912_1,C40_EColi4912_1,C30_EColi4912_1
EColi4913_2,C95_EColi4913_2,C90_EColi4913_2,C70_EColi4913_2,C50_EColi6043_0,C40_EColi3438_0,C30_EColi3219_1
EColi4914_0,C95_EColi4914_0,C90_EColi4914_0,C70_EColi4914_0,C50_EColi4914_0,C40_EColi4914_0,C30_EColi4914_0
EColi4915_0,C95_EColi4915_0,C90_EColi4915_0,C70_EColi4915_0,C50_EColi4915_0,C40_EColi4915_0,C30_EColi4915_0
EColi4916_2,C95_EColi4916_2,C90_EColi4916_2,C70_EColi4916_2,C50_EColi4916_2,C40_EColi4916_2,C30_EColi4916_2
EColi4917_2,C95_EColi4917_2,C90_EColi4917_2,C70_EColi4917_2,C50_EColi4917_2,C40_EColi4917_2,C30_EColi4917_2
EColi4918_2,C95_EColi4918_2,C90_EColi4918_2,C70_EColi4918_2,C50_EColi4918_2,C40_EColi4918_2,C30_EColi4918_2
EColi4919_2,C95_EColi4919_2,C90_EColi4919_2,C70_EColi4919_2,C50_EColi4919_2,C40_EColi4919_2,C30_EColi4919_2
EColi4920_2,C95_EColi4920_2,C90_EColi4920_2,C70_EColi4920_2,C50_EColi4920_2,C40_EColi5921_2,C30_EColi5921_2
EColi4921_2,C95_EColi4921_2,C90_EColi4921_2,C70_EColi4921_2,C50_EColi4921_2,C40_EColi1587_1,C30_EColi1587_1
EColi4922_0,C95_EColi4922_0,C90_EColi4922_0,C70_EColi4922_0,C50_EColi4922_0,C40_EColi4922_0,C30_EColi4496_0
EColi4923_0,C95_EColi4923_0,C90_EColi4923_0,C70_EColi4923_0,C50_EColi4923_0,C40_EColi5186_1,C30_EColi5292_1
EColi4924_0,C95_EColi4924_0,C90_EColi4924_0,C70_EColi4924_0,C50_EColi4924_0,C40_EColi4924_0,C30_EColi4924_0
EColi4925_0,C95_EColi4925_0,C90_EColi4925_0,C70_EColi4925_0,C50_EColi4925_0,C40_EColi4925_0,C30_EColi4925_0
EColi4926_1,C95_EColi4926_1,C90_EColi4926_1,C70_EColi4926_1,C50_EColi4926_1,C40_EColi4224_1,C30_EColi5638_2
EColi4927_1,C95_EColi4927_1,C90_EColi4927_1,C70_EColi4927_1,C50_EColi4927_1,C40_EColi4927_1,C30_EColi4927_1
EColi4928_2,C95_EColi4928_2,C90_EColi4928_2,C70_EColi4928_2,C50_EColi4928_2,C40_EColi4928_2,C30_EColi4928_2
EColi4929_2,C95_EColi4929_2,C90_EColi4929_2,C70_EColi4929_2,C50_EColi4929_2,C40_EColi4929_2,C30_EColi4860_0
EColi4930_1,C95_EColi4930_1,C90_EColi4930_1,C70_EColi4930_1,C50_EColi4930_1,C40_EColi4930_1,C30_EColi4930_1
EColi4931_0,C95_EColi4931_0,C90_EColi4931_0,C70_EColi4931_0,C50_EColi4931_0,C40_EColi4931_0,C30_EColi4931_0
EColi4932_1,C95_EColi4932_1,C90_EColi4932_1,C70_EColi4932_1,C50_EColi4932_1,C40_EColi4932_1,C30_EColi1017_0
EColi4933_2,C95_EColi4933_2,C90_EColi4933_2,C70_EColi4933_2,C50_EColi4933_2,C40_EColi5987_2,C30_EColi5987_2
EColi4934_2,C95_EColi4934_2,C90_EColi4934_2,C70_EColi4934_2,C50_EColi4934_2,C40_EColi244_1,C30_EColi244_1
EColi4935_0,C95_EColi4935_0,C90_EColi4935_0,C70_EColi4935_0,C50_EColi4935_0,C40_EColi4935_0,C30_EColi4935_0
EColi4936_0,C95_EColi4936_0,C90_EColi4936_0,C70_EColi4936_0,C50_EColi4936_0,C40_EColi4936_0,C30_EColi4936_0
EColi4937_0,C95_EColi4937_0,C90_EColi4937_0,C70_EColi4937_0,C50_EColi4937_0,C40_EColi4937_0,C30_EColi4937_0
EColi4938_0,C95_EColi4938_0,C90_EColi4938_0,C70_EColi4938_0,C50_EColi4938_0,C40_EColi4938_0,C30_EColi4938_0
EColi4939_1,C95_EColi4939_1,C90_EColi4939_1,C70_EColi4939_1,C50_EColi4939_1,C40_EColi4939_1,C30_EColi4939_1
EColi4940_1,C95_EColi4940_1,C90_EColi4940_1,C70_EColi4940_1,C50_EColi4940_1,C40_EColi4940_1,C30_EColi4940_1
EColi4941_2,C95_EColi4941_2,C90_EColi4941_2,C70_EColi4941_2,C50_EColi4941_2,C40_EColi1542_1,C30_EColi1542_1
EColi4942_0,C95_EColi4942_0,C90_EColi4942_0,C70_EColi4942_0,C50_EColi4942_0,C40_EColi4942_0,C30_EColi4942_0
EColi4943_2,C95_EColi4943_2,C90_EColi4943_2,C70_EColi4943_2,C50_EColi1425_0,C40_EColi1425_0,C30_EColi1425_0
EColi4944_1,C95_EColi4944_1,C90_EColi4944_1,C70_EColi4944_1,C50_EColi3435_2,C40_EColi3435_2,C30_EColi3435_2
EColi4945_2,C95_EColi4945_2,C90_EColi4945_2,C70_EColi4945_2,C50_EColi4945_2,C40_EColi4945_2,C30_EColi4945_2
EColi4946_0,C95_EColi4946_0,C90_EColi4946_0,C70_EColi4946_0,C50_EColi4946_0,C40_EColi4946_0,C30_EColi4946_0
EColi4947_2,C95_EColi4947_2,C90_EColi4947_2,C70_EColi4947_2,C50_EColi4947_2,C40_EColi4947_2,C30_EColi4947_2
EColi4948_0,C95_EColi4948_0,C90_EColi4948_0,C70_EColi4948_0,C50_EColi4948_0,C40_EColi2602_0,C30_EColi2446_1
EColi4949_1,C95_EColi4949_1,C90_EColi4949_1,C70_EColi4949_1,C50_EColi4949_1,C40_EColi1582_0,C30_EColi1582_0
EColi4950_0,C95_EColi4950_0,C90_EColi4950_0,C70_EColi4950_0,C50_EColi4950_0,C40_EColi4950_0,C30_EColi4950_0
EColi4951_0,C95_EColi4951_0,C90_EColi4951_0,C70_EColi4951_0,C50_EColi4951_0,C40_EColi4951_0,C30_EColi4546_0
EColi4952_1,C95_EColi4952_1,C90_EColi4952_1,C70_EColi4952_1,C50_EColi4952_1,C40_EColi4952_1,C30_EColi4864_0
EColi4953_0,C95_EColi4953_0,C90_EColi4953_0,C70_EColi4953_0,C50_EColi4953_0,C40_EColi3121_0,C30_EColi3121_0
EColi4954_1,C95_EColi4954_1,C90_EColi4954_1,C70_EColi4954_1,C50_EColi1464_0,C40_EColi1464_0,C30_EColi6236_1
EColi4955_2,C95_EColi4955_2,C90_EColi4955_2,C70_EColi4955_2,C50_EColi980_2,C40_EColi980_2,C30_EColi980_2
EColi4956_0,C95_EColi4956_0,C90_EColi4956_0,C70_EColi4956_0,C50_EColi4956_0,C40_EColi4956_0,C30_EColi3606_2
EColi4957_0,C95_EColi4957_0,C90_EColi4957_0,C70_EColi4957_0,C50_EColi4957_0,C40_EColi3084_0,C30_EColi3084_0
EColi4958_0,C95_EColi4958_0,C90_EColi4958_0,C70_EColi4958_0,C50_EColi4958_0,C40_EColi4958_0,C30_EColi3525_2
EColi4959_0,C95_EColi4959_0,C90_EColi4959_0,C70_EColi4959_0,C50_EColi4959_0,C40_EColi3064_0,C30_EColi3064_0
EColi4960_2,C95_EColi4960_2,C90_EColi4960_2,C70_EColi4960_2,C50_EColi4960_2,C40_EColi2141_1,C30_EColi3595_2
EColi4961_2,C95_EColi4961_2,C90_EColi4961_2,C70_EColi4961_2,C50_EColi4961_2,C40_EColi279_2,C30_EColi279_2
EColi4962_1,C95_EColi4962_1,C90_EColi4962_1,C70_EColi4962_1,C50_EColi4962_1,C40_EColi4962_1,C30_EColi4962_1
EColi4963_0,C95_EColi4963_0,C90_EColi4963_0,C70_EColi4963_0,C50_EColi4963_0,C40_EColi4963_0,C30_EColi4963_0
EColi4964_2,C95_EColi4964_2,C90_EColi4964_2,C70_EColi4964_2,C50_EColi2023_2,C40_EColi2061_0,C30_EColi1463_0
EColi4965_1,C95_EColi4965_1,C90_EColi4965_1,C70_EColi4965_1,C50_EColi4965_1,C40_EColi4965_1,C30_EColi4965_1
EColi4966_2,C95_EColi4966_2,C90_EColi4966_2,C70_EColi4966_2,C50_EColi4966_2,C40_EColi4999_1,C30_EColi4999_1
EColi4967_2,C95_EColi4967_2,C90_EColi4967_2,C70_EColi4967_2,C50_EColi4967_2,C40_EColi2151_0,C30_EColi2151_0
EColi4968_2,C95_EColi4968_2,C90_EColi4968_2,C70_EColi4968_2,C50_EColi4968_2,C40_EColi4968_2,C30_EColi4968_2
EColi4969_0,C95_EColi4969_0,C90_EColi4969_0,C70_EColi4969_0,C50_EColi4969_0,C40_EColi4969_0,C30_EColi1067_1
EColi4970_1,C95_EColi4970_1,C90_EColi4970_1,C70_EColi4970_1,C50_EColi4970_1,C40_EColi4970_1,C30_EColi6029_0
EColi4971_2,C95_EColi4971_2,C90_EColi4971_2,C70_EColi4971_2,C50_EColi4971_2,C40_EColi4971_2,C30_EColi4971_2
EColi4972_2,C95_EColi4972_2,C90_EColi4972_2,C70_EColi4972_2,C50_EColi4972_2,C40_EColi1319_0,C30_EColi4434_2
EColi4973_2,C95_EColi4973_2,C90_EColi4973_2,C70_EColi4973_2,C50_EColi5321_1,C40_EColi3240_2,C30_EColi3240_2
EColi4974_2,C95_EColi4974_2,C90_EColi4974_2,C70_EColi4974_2,C50_EColi4974_2,C40_EColi5101_1,C30_EColi5101_1
EColi4975_2,C95_EColi4975_2,C90_EColi4975_2,C70_EColi4975_2,C50_EColi4975_2,C40_EColi4975_2,C30_EColi978_1
EColi4976_0,C95_EColi4976_0,C90_EColi4976_0,C70_EColi4976_0,C50_EColi4976_0,C40_EColi4976_0,C30_EColi4976_0
EColi4977_1,C95_EColi4977_1,C90_EColi4977_1,C70_EColi4977_1,C50_EColi4977_1,C40_EColi5979_1,C30_EColi5979_1
EColi4978_1,C95_EColi4978_1,C90_EColi4978_1,C70_EColi4978_1,C50_EColi4978_1,C40_EColi6319_1,C30_EColi6319_1
EColi4979_2,C95_EColi4979_2,C90_EColi4979_2,C70_EColi4979_2,C50_EColi4979_2,C40_EColi4979_2,C30_EColi4979_2
EColi4980_1,C95_EColi4980_1,C90_EColi4980_1,C70_EColi4980_1,C50_EColi4980_1,C40_EColi4432_2,C30_EColi2021_2
EColi4981_1,C95_EColi4981_1,C90_EColi4981_1,C70_EColi4981_1,C50_EColi4981_1,C40_EColi4981_1,C30_EColi4981_1
EColi4982_1,C95_EColi4982_1,C90_EColi4982_1,C70_EColi4982_1,C50_EColi4982_1,C40_EColi4982_1,C30_EColi3618_0
EColi4983_1,C95_EColi4983_1,C90_EColi4983_1,C70_EColi4983_1,C50_EColi4983_1,C40_EColi2403_1,C30_EColi342_2
EColi4984_0,C95_EColi4984_0,C90_EColi4984_0,C70_EColi4984_0,C50_EColi4984_0,C40_EColi4984_0,C30_EColi4984_0
EColi4985_1,C95_EColi4985_1,C90_EColi4985_1,C70_EColi4985_1,C50_EColi4985_1,C40_EColi4985_1,C30_EColi4985_1
EColi4986_1,C95_EColi4986_1,C90_EColi4986_1,C70_EColi4986_1,C50_EColi4986_1,C40_EColi4986_1,C30_EColi4986_1
EColi4987_2,C95_EColi4987_2,C90_EColi4987_2,C70_EColi4987_2,C50_EColi4987_2,C40_EColi3531_2,C30_EColi5989_0
EColi4988_2,C95_EColi4988_2,C90_EColi4988_2,C70_EColi4988_2,C50_EColi4988_2,C40_EColi2260_1,C30_EColi2260_1
EColi4989_0,C95_EColi4989_0,C90_EColi4989_0,C70_EColi4989_0,C50_EColi4989_0,C40_EColi4989_0,C30_EColi4989_0
EColi4990_0,C95_EColi4990_0,C90_EColi4990_0,C70_EColi4990_0,C50_EColi4602_1,C40_EColi105_1,C30_EColi105_1
EColi4991_2,C95_EColi4991_2,C90_EColi4991_2,C70_EColi4991_2,C50_EColi4991_2,C40_EColi1607_1,C30_EColi3083_2
EColi4992_1,C95_EColi4992_1,C90_EColi4992_1,C70_EColi4992_1,C50_EColi4992_1,C40_EColi4992_1,C30_EColi4992_1
EColi4993_1,C95_EColi4993_1,C90_EColi4993_1,C70_EColi4993_1,C50_EColi2457_2,C40_EColi2457_2,C30_EColi2457_2
EColi4994_0,C95_EColi4994_0,C90_EColi4994_0,C70_EColi4994_0,C50_EColi4994_0,C40_EColi4994_0,C30_EColi4994_0
EColi4995_1,C95_EColi4995_1,C90_EColi4995_1,C70_EColi4995_1,C50_EColi4995_1,C40_EColi4995_1,C30_EColi4995_1
EColi4996_1,C95_EColi4996_1,C90_EColi4996_1,C70_EColi4996_1,C50_EColi4996_1,C40_EColi4996_1,C30_EColi4996_1
EColi4997_0,C95_EColi4997_0,C90_EColi4997_0,C70_EColi4997_0,C50_EColi4997_0,C40_EColi4997_0,C30_EColi4997_0
EColi4998_2,C95_EColi4998_2,C90_EColi4998_2,C70_EColi4998_2,C50_EColi4998_2,C40_EColi4147_2,C30_EColi4147_2
EColi4999_1,C95_EColi4999_1,C90_EColi4999_1,C70_EColi4999_1,C50_EColi4999_1,C40_EColi4999_1,C30_EColi4999_1
EColi5100_1,C95_EColi5100_1,C90_EColi5100_1,C70_EColi5100_1,C50_EColi5100_1,C40_EColi5100_1,C30_EColi2016_2
EColi5101_1,C95_EColi5101_1,C90_EColi5101_1,C70_EColi5101_1,C50_EColi5101_1,C40_EColi5101_1,C30_EColi5101_1
EColi5102_0,C95_EColi5102_0,C90_EColi5102_0,C70_EColi5102_0,C50_EColi5102_0,C40_EColi5102_0,C30_EColi5102_0
EColi5103_1,C95_EColi5103_1,C90_EColi5103_1,C70_EColi5103_1,C50_EColi5103_1,C40_EColi5103_1,C30_EColi5103_1
EColi5104_1,C95_EColi5104_1,C90_EColi5104_1,C70_EColi5104_1,C50_EColi5104_1,C40_EColi5104_1,C30_EColi2952_1
EColi5105_1,C95_EColi5105_1,C90_EColi5105_1,C70_EColi5105_1,C50_EColi5105_1,C40_EColi1184_2,C30_EColi1184_2
EColi5106_0,C95_EColi5106_0,C90_EColi5106_0,C70_EColi5106_0,C50_EColi5106_0,C40_EColi5106_0,C30_EColi5106_0
EColi5107_1,C95_EColi5107_1,C90_EColi5107_1,C70_EColi5107_1,C50_EColi1696_1,C40_EColi1696_1,C30_EColi1696_1
EColi5108_1,C95_EColi5108_1,C90_EColi5108_1,C70_EColi5108_1,C50_EColi5108_1,C40_EColi5108_1,C30_EColi5108_1
EColi5109_0,C95_EColi5109_0,C90_EColi5109_0,C70_EColi5109_0,C50_EColi5109_0,C40_EColi5109_0,C30_EColi5109_0
EColi5110_0,C95_EColi5110_0,C90_EColi5110_0,C70_EColi5110_0,C50_EColi5110_0,C40_EColi2835_0,C30_EColi5110_0
EColi5111_0,C95_EColi5111_0,C90_EColi5111_0,C70_EColi5111_0,C50_EColi5111_0,C40_EColi5111_0,C30_EColi5111_0
EColi5112_0,C95_EColi5112_0,C90_EColi5112_0,C70_EColi5112_0,C50_EColi5112_0,C40_EColi98_2,C30_EColi2825_2
EColi5113_2,C95_EColi5113_2,C90_EColi5113_2,C70_EColi5113_2,C50_EColi146_2,C40_EColi568_1,C30_EColi568_1
EColi5114_2,C95_EColi5114_2,C90_EColi5114_2,C70_EColi5114_2,C50_EColi5114_2,C40_EColi2246_1,C30_EColi5272_2
EColi5115_2,C95_EColi5115_2,C90_EColi5115_2,C70_EColi5115_2,C50_EColi6282_1,C40_EColi6282_1,C30_EColi6282_1
EColi5116_0,C95_EColi5116_0,C90_EColi5116_0,C70_EColi5116_0,C50_EColi5116_0,C40_EColi5116_0,C30_EColi5116_0
EColi5117_1,C95_EColi5117_1,C90_EColi5117_1,C70_EColi5117_1,C50_EColi5117_1,C40_EColi5117_1,C30_EColi3602_1
EColi5118_0,C95_EColi5118_0,C90_EColi5118_0,C70_EColi5118_0,C50_EColi5118_0,C40_EColi5118_0,C30_EColi5118_0
EColi5119_2,C95_EColi5119_2,C90_EColi5119_2,C70_EColi5119_2,C50_EColi5119_2,C40_EColi5653_2,C30_EColi5653_2
EColi5120_1,C95_EColi5120_1,C90_EColi5120_1,C70_EColi5120_1,C50_EColi5120_1,C40_EColi2204_0,C30_EColi3659_1
EColi5121_1,C95_EColi5121_1,C90_EColi5121_1,C70_EColi5121_1,C50_EColi5121_1,C40_EColi5996_2,C30_EColi5740_1
EColi5122_2,C95_EColi5122_2,C90_EColi5122_2,C70_EColi5122_2,C50_EColi5122_2,C40_EColi5122_2,C30_EColi5122_2
EColi5123_1,C95_EColi5123_1,C90_EColi5123_1,C70_EColi5123_1,C50_EColi5123_1,C40_EColi5123_1,C30_EColi858_1
EColi5124_1,C95_EColi5124_1,C90_EColi5124_1,C70_EColi5124_1,C50_EColi5124_1,C40_EColi5124_1,C30_EColi5006_0
EColi5125_0,C95_EColi5125_0,C90_EColi5125_0,C70_EColi5125_0,C50_EColi5125_0,C40_EColi5125_0,C30_EColi5125_0
EColi5126_0,C95_EColi5126_0,C90_EColi5126_0,C70_EColi5126_0,C50_EColi5126_0,C40_EColi5126_0,C30_EColi5126_0
EColi5127_2,C95_EColi5127_2,C90_EColi5127_2,C70_EColi5127_2,C50_EColi5127_2,C40_EColi5127_2,C30_EColi3684_2
EColi5128_1,C95_EColi5128_1,C90_EColi5128_1,C70_EColi5128_1,C50_EColi5128_1,C40_EColi5128_1,C30_EColi5128_1
EColi5129_0,C95_EColi5129_0,C90_EColi5129_0,C70_EColi5129_0,C50_EColi5129_0,C40_EColi5129_0,C30_EColi5129_0
EColi5130_2,C95_EColi5130_2,C90_EColi5130_2,C70_EColi5130_2,C50_EColi5130_2,C40_EColi5130_2,C30_EColi5130_2
EColi5131_0,C95_EColi5131_0,C90_EColi5131_0,C70_EColi5131_0,C50_EColi5131_0,C40_EColi5131_0,C30_EColi4656_0
EColi5132_0,C95_EColi5132_0,C90_EColi5132_0,C70_EColi5132_0,C50_EColi5132_0,C40_EColi5132_0,C30_EColi5132_0
EColi5133_0,C95_EColi5133_0,C90_EColi5133_0,C70_EColi5133_0,C50_EColi5133_0,C40_EColi5133_0,C30_EColi5133_0
EColi5134_1,C95_EColi5134_1,C90_EColi5134_1,C70_EColi5134_1,C50_EColi5134_1,C40_EColi5134_1,C30_EColi5134_1
EColi5135_0,C95_EColi5135_0,C90_EColi5135_0,C70_EColi5135_0,C50_EColi5135_0,C40_EColi5135_0,C30_EColi4838_1
EColi5136_1,C95_EColi5136_1,C90_EColi5136_1,C70_EColi5136_1,C50_EColi5136_1,C40_EColi5136_1,C30_EColi5136_1
EColi5137_1,C95_EColi5137_1,C90_EColi5137_1,C70_EColi5137_1,C50_EColi5137_1,C40_EColi2305_2,C30_EColi2305_2
EColi5138_0,C95_EColi5138_0,C90_EColi5138_0,C70_EColi5138_0,C50_EColi5138_0,C40_EColi3262_1,C30_EColi3262_1
EColi5139_0,C95_EColi5139_0,C90_EColi5139_0,C70_EColi5139_0,C50_EColi5139_0,C40_EColi5139_0,C30_EColi5139_0
EColi5140_0,C95_EColi5140_0,C90_EColi5140_0,C70_EColi5140_0,C50_EColi5140_0,C40_EColi5140_0,C30_EColi4151_0
EColi5141_0,C95_EColi5141_0,C90_EColi5141_0,C70_EColi5141_0,C50_EColi5141_0,C40_EColi4830_0,C30_EColi4830_0
EColi5142_1,C95_EColi5142_1,C90_EColi5142_1,C70_EColi5142_1,C50_EColi5142_1,C40_EColi5142_1,C30_EColi5142_1
EColi5143_0,C95_EColi5143_0,C90_EColi5143_0,C70_EColi5143_0,C50_EColi5143_0,C40_EColi3578_1,C30_EColi3578_1
EColi5144_0,C95_EColi5144_0,C90_EColi5144_0,C70_EColi5144_0,C50_EColi5144_0,C40_EColi1559_0,C30_EColi880_0
EColi5145_0,C95_EColi5145_0,C90_EColi5145_0,C70_EColi5145_0,C50_EColi5145_0,C40_EColi5145_0,C30_EColi5145_0
EColi5146_0,C95_EColi5146_0,C90_EColi5146_0,C70_EColi5146_0,C50_EColi5146_0,C40_EColi1247_1,C30_EColi3536_1
EColi5147_1,C95_EColi5147_1,C90_EColi5147_1,C70_EColi5147_1,C50_EColi5147_1,C40_EColi5147_1,C30_EColi5147_1
EColi5148_0,C95_EColi5148_0,C90_EColi5148_0,C70_EColi5148_0,C50_EColi5148_0,C40_EColi5148_0,C30_EColi5148_0
EColi5149_0,C95_EColi5149_0,C90_EColi5149_0,C70_EColi5149_0,C50_EColi5149_0,C40_EColi5149_0,C30_EColi5149_0
EColi5150_1,C95_EColi5150_1,C90_EColi5150_1,C70_EColi5150_1,C50_EColi5150_1,C40_EColi5150_1,C30_EColi5150_1
EColi5151_2,C95_EColi5151_2,C90_EColi5151_2,C70_EColi5151_2,C50_EColi5151_2,C40_EColi5151_2,C30_EColi5151_2
EColi5152_0,C95_EColi5152_0,C90_EColi5152_0,C70_EColi5152_0,C50_EColi5152_0,C40_EColi5152_0,C30_EColi5152_0
EColi5153_0,C95_EColi5153_0,C90_EColi5153_0,C70_EColi5153_0,C50_EColi5153_0,C40_EColi5153_0,C30_EColi5153_0
EColi5154_0,C95_EColi5154_0,C90_EColi5154_0,C70_EColi5154_0,C50_EColi5154_0,C40_EColi5154_0,C30_EColi5154_0
EColi5155_2,C95_EColi5155_2,C90_EColi5155_2,C70_EColi5155_2,C50_EColi5155_2,C40_EColi5155_2,C30_EColi5155_2
EColi5156_2,C95_EColi5156_2,C90_EColi5156_2,C70_EColi5156_2,C50_EColi5156_2,C40_EColi5606_0,C30_EColi5606_0
EColi5157_0,C95_EColi5157_0,C90_EColi5157_0,C70_EColi5157_0,C50_EColi5157_0,C40_EColi5157_0,C30_EColi5157_0
EColi5158_1,C95_EColi5158_1,C90_EColi5158_1,C70_EColi5158_1,C50_EColi5158_1,C40_EColi5158_1,C30_EColi5158_1
EColi5159_0,C95_EColi5159_0,C90_EColi5159_0,C70_EColi5159_0,C50_EColi5159_0,C40_EColi5417_1,C30_EColi3629_2
EColi5160_0,C95_EColi5160_0,C90_EColi5160_0,C70_EColi5160_0,C50_EColi5160_0,C40_EColi5160_0,C30_EColi5160_0
EColi5161_2,C95_EColi5161_2,C90_EColi5161_2,C70_EColi5161_2,C50_EColi5161_2,C40_EColi5161_2,C30_EColi5161_2
EColi5162_2,C95_EColi5162_2,C90_EColi5162_2,C70_EColi5162_2,C50_EColi5162_2,C40_EColi3074_0,C30_EColi3074_0
EColi5163_0,C95_EColi5163_0,C90_EColi5163_0,C70_EColi5163_0,C50_EColi5163_0,C40_EColi5163_0,C30_EColi5163_0
EColi5164_2,C95_EColi5164_2,C90_EColi5164_2,C70_EColi5164_2,C50_EColi5164_2,C40_EColi5164_2,C30_EColi5164_2
EColi5165_1,C95_EColi5165_1,C90_EColi5165_1,C70_EColi5165_1,C50_EColi5165_1,C40_EColi5165_1,C30_EColi5165_1
EColi5166_0,C95_EColi5166_0,C90_EColi5166_0,C70_EColi5166_0,C50_EColi5166_0,C40_EColi5166_0,C30_EColi5166_0
EColi5167_1,C95_EColi5167_1,C90_EColi5167_1,C70_EColi5167_1,C50_EColi5167_1,C40_EColi5006_0,C30_EColi5006_0
EColi5168_1,C95_EColi5168_1,C90_EColi5168_1,C70_EColi5168_1,C50_EColi344_1,C40_EColi344_1,C30_EColi344_1
EColi5169_1,C95_EColi5169_1,C90_EColi5169_1,C70_EColi5169_1,C50_EColi5169_1,C40_EColi4538_0,C30_EColi4635_0
EColi5170_1,C95_EColi5170_1,C90_EColi5170_1,C70_EColi5170_1,C50_EColi5170_1,C40_EColi1206_2,C30_EColi1206_2
EColi5171_0,C95_EColi5171_0,C90_EColi5171_0,C70_EColi5171_0,C50_EColi5171_0,C40_EColi5171_0,C30_EColi5171_0
EColi5172_0,C95_EColi5172_0,C90_EColi5172_0,C70_EColi5172_0,C50_EColi5172_0,C40_EColi3898_0,C30_EColi3898_0
EColi5173_0,C95_EColi5173_0,C90_EColi5173_0,C70_EColi5173_0,C50_EColi5173_0,C40_EColi5173_0,C30_EColi5173_0
EColi5174_0,C95_EColi5174_0,C90_EColi5174_0,C70_EColi5174_0,C50_EColi5174_0,C40_EColi5174_0,C30_EColi5174_0
EColi5175_0,C95_EColi5175_0,C90_EColi5175_0,C70_EColi5175_0,C50_EColi5175_0,C40_EColi5175_0,C30_EColi5175_0
EColi5176_0,C95_EColi5176_0,C90_EColi5176_0,C70_EColi5176_0,C50_EColi5176_0,C40_EColi5176_0,C30_EColi5176_0
EColi5177_1,C95_EColi5177_1,C90_EColi5177_1,C70_EColi5177_1,C50_EColi5394_0,C40_EColi5394_0,C30_EColi5394_0
EColi5178_1,C95_EColi5178_1,C90_EColi5178_1,C70_EColi5178_1,C50_EColi5178_1,C40_EColi5178_1,C30_EColi5178_1
EColi5179_1,C95_EColi5179_1,C90_EColi5179_1,C70_EColi5179_1,C50_EColi5179_1,C40_EColi5179_1,C30_EColi5179_1
EColi5180_1,C95_EColi5180_1,C90_EColi5180_1,C70_EColi5180_1,C50_EColi5180_1,C40_EColi2899_2,C30_EColi2899_2
EColi5181_1,C95_EColi5181_1,C90_EColi5181_1,C70_EColi5181_1,C50_EColi5181_1,C40_EColi5181_1,C30_EColi5181_1
EColi5182_1,C95_EColi5182_1,C90_EColi5182_1,C70_EColi5182_1,C50_EColi5182_1,C40_EColi5182_1,C30_EColi5182_1
EColi5183_1,C95_EColi5183_1,C90_EColi5183_1,C70_EColi5183_1,C50_EColi5183_1,C40_EColi5183_1,C30_EColi5183_1
EColi5184_1,C95_EColi5184_1,C90_EColi5184_1,C70_EColi5184_1,C50_EColi5184_1,C40_EColi5184_1,C30_EColi2825_2
EColi5185_1,C95_EColi5185_1,C90_EColi5185_1,C70_EColi5185_1,C50_EColi2114_0,C40_EColi2114_0,C30_EColi5309_0
EColi5186_1,C95_EColi5186_1,C90_EColi5186_1,C70_EColi5186_1,C50_EColi5186_1,C40_EColi5186_1,C30_EColi5292_1
EColi5187_1,C95_EColi5187_1,C90_EColi5187_1,C70_EColi5187_1,C50_EColi5187_1,C40_EColi5187_1,C30_EColi5187_1
EColi5188_2,C95_EColi5188_2,C90_EColi5188_2,C70_EColi5188_2,C50_EColi5188_2,C40_EColi5188_2,C30_EColi4577_0
EColi5189_2,C95_EColi5189_2,C90_EColi5189_2,C70_EColi5189_2,C50_EColi2118_1,C40_EColi1425_0,C30_EColi1425_0
EColi5190_1,C95_EColi5190_1,C90_EColi5190_1,C70_EColi5190_1,C50_EColi5190_1,C40_EColi5190_1,C30_EColi5190_1
EColi5191_1,C95_EColi5191_1,C90_EColi5191_1,C70_EColi5191_1,C50_EColi5191_1,C40_EColi5191_1,C30_EColi5191_1
EColi5192_0,C95_EColi5192_0,C90_EColi5192_0,C70_EColi5192_0,C50_EColi5192_0,C40_EColi3256_1,C30_EColi3256_1
EColi5193_1,C95_EColi5193_1,C90_EColi5193_1,C70_EColi5193_1,C50_EColi5193_1,C40_EColi5193_1,C30_EColi6314_1
EColi5194_1,C95_EColi5194_1,C90_EColi5194_1,C70_EColi5194_1,C50_EColi5194_1,C40_EColi5194_1,C30_EColi5194_1
EColi5195_1,C95_EColi5195_1,C90_EColi5195_1,C70_EColi5195_1,C50_EColi5195_1,C40_EColi5195_1,C30_EColi5195_1
EColi5196_2,C95_EColi5196_2,C90_EColi5196_2,C70_EColi5196_2,C50_EColi3748_1,C40_EColi3748_1,C30_EColi3748_1
EColi5197_0,C95_EColi5197_0,C90_EColi5197_0,C70_EColi5197_0,C50_EColi5197_0,C40_EColi5197_0,C30_EColi5197_0
EColi5198_1,C95_EColi5198_1,C90_EColi5198_1,C70_EColi5198_1,C50_EColi5198_1,C40_EColi5198_1,C30_EColi5198_1
EColi5199_1,C95_EColi5199_1,C90_EColi5199_1,C70_EColi5199_1,C50_EColi5199_1,C40_EColi5199_1,C30_EColi4236_0
EColi5300_1,C95_EColi5300_1,C90_EColi5300_1,C70_EColi5300_1,C50_EColi5300_1,C40_EColi5300_1,C30_EColi1650_1
EColi5301_1,C95_EColi5301_1,C90_EColi5301_1,C70_EColi5301_1,C50_EColi5301_1,C40_EColi5301_1,C30_EColi93_1
EColi5302_1,C95_EColi5302_1,C90_EColi5302_1,C70_EColi5302_1,C50_EColi5302_1,C40_EColi5302_1,C30_EColi5302_1
EColi5303_1,C95_EColi5303_1,C90_EColi5303_1,C70_EColi5303_1,C50_EColi5303_1,C40_EColi5303_1,C30_EColi5303_1
EColi5304_1,C95_EColi5304_1,C90_EColi5304_1,C70_EColi5304_1,C50_EColi5304_1,C40_EColi5304_1,C30_EColi888_1
EColi5305_1,C95_EColi5305_1,C90_EColi5305_1,C70_EColi5305_1,C50_EColi5305_1,C40_EColi5845_1,C30_EColi5845_1
EColi5306_1,C95_EColi5306_1,C90_EColi5306_1,C70_EColi5306_1,C50_EColi5306_1,C40_EColi5306_1,C30_EColi1654_0
EColi5307_2,C95_EColi5307_2,C90_EColi5307_2,C70_EColi5307_2,C50_EColi2171_2,C40_EColi3263_1,C30_EColi3263_1
EColi5308_2,C95_EColi5308_2,C90_EColi5308_2,C70_EColi5308_2,C50_EColi5308_2,C40_EColi2136_0,C30_EColi2136_0
EColi5309_0,C95_EColi5309_0,C90_EColi5309_0,C70_EColi5309_0,C50_EColi5309_0,C40_EColi5309_0,C30_EColi5309_0
EColi5310_1,C95_EColi5310_1,C90_EColi5310_1,C70_EColi5310_1,C50_EColi5310_1,C40_EColi5310_1,C30_EColi4336_2
EColi5311_1,C95_EColi5311_1,C90_EColi5311_1,C70_EColi5311_1,C50_EColi5311_1,C40_EColi5311_1,C30_EColi5311_1
EColi5312_1,C95_EColi5312_1,C90_EColi5312_1,C70_EColi5312_1,C50_EColi5312_1,C40_EColi5312_1,C30_EColi5312_1
EColi5313_0,C95_EColi5313_0,C90_EColi5313_0,C70_EColi5313_0,C50_EColi5313_0,C40_EColi5313_0,C30_EColi1527_2
EColi5314_1,C95_EColi5314_1,C90_EColi5314_1,C70_EColi5314_1,C50_EColi5314_1,C40_EColi5314_1,C30_EColi6159_1
EColi5315_1,C95_EColi5315_1,C90_EColi5315_1,C70_EColi5315_1,C50_EColi5315_1,C40_EColi5315_1,C30_EColi5315_1
EColi5316_1,C95_EColi5316_1,C90_EColi5316_1,C70_EColi5316_1,C50_EColi5316_1,C40_EColi3748_1,C30_EColi3748_1
EColi5317_1,C95_EColi5317_1,C90_EColi5317_1,C70_EColi5317_1,C50_EColi5317_1,C40_EColi5317_1,C30_EColi5317_1
EColi5318_1,C95_EColi5318_1,C90_EColi5318_1,C70_EColi5318_1,C50_EColi5318_1,C40_EColi5491_0,C30_EColi5491_0
EColi5319_1,C95_EColi5319_1,C90_EColi5319_1,C70_EColi5319_1,C50_EColi5319_1,C40_EColi5319_1,C30_EColi3711_2
EColi5320_1,C95_EColi5320_1,C90_EColi5320_1,C70_EColi5320_1,C50_EColi5320_1,C40_EColi5320_1,C30_EColi5320_1
EColi5321_1,C95_EColi5321_1,C90_EColi5321_1,C70_EColi5321_1,C50_EColi5321_1,C40_EColi3240_2,C30_EColi3240_2
EColi5322_1,C95_EColi5322_1,C90_EColi5322_1,C70_EColi5322_1,C50_EColi5322_1,C40_EColi5322_1,C30_EColi5322_1
EColi5323_1,C95_EColi5323_1,C90_EColi5323_1,C70_EColi5323_1,C50_EColi5323_1,C40_EColi5323_1,C30_EColi4394_0
EColi5324_1,C95_EColi5324_1,C90_EColi5324_1,C70_EColi5324_1,C50_EColi3570_1,C40_EColi2915_0,C30_EColi2915_0
EColi5325_1,C95_EColi5325_1,C90_EColi5325_1,C70_EColi5325_1,C50_EColi5325_1,C40_EColi5379_0,C30_EColi2902_2
EColi5326_1,C95_EColi5326_1,C90_EColi5326_1,C70_EColi5326_1,C50_EColi5326_1,C40_EColi5326_1,C30_EColi5453_0
EColi5327_1,C95_EColi5327_1,C90_EColi5327_1,C70_EColi5327_1,C50_EColi1672_0,C40_EColi1672_0,C30_EColi1672_0
EColi5328_1,C95_EColi5328_1,C90_EColi5328_1,C70_EColi5328_1,C50_EColi5328_1,C40_EColi5328_1,C30_EColi5328_1
EColi5329_1,C95_EColi5329_1,C90_EColi5329_1,C70_EColi5329_1,C50_EColi5329_1,C40_EColi5329_1,C30_EColi848_1
EColi5330_1,C95_EColi5330_1,C90_EColi5330_1,C70_EColi5330_1,C50_EColi5330_1,C40_EColi5330_1,C30_EColi5330_1
EColi5331_1,C95_EColi5331_1,C90_EColi5331_1,C70_EColi5331_1,C50_EColi5331_1,C40_EColi5331_1,C30_EColi2133_2
EColi5332_1,C95_EColi5332_1,C90_EColi5332_1,C70_EColi5332_1,C50_EColi5332_1,C40_EColi5332_1,C30_EColi5332_1
EColi5333_1,C95_EColi5333_1,C90_EColi5333_1,C70_EColi5333_1,C50_EColi5333_1,C40_EColi3575_2,C30_EColi2199_1
EColi5334_0,C95_EColi5334_0,C90_EColi5334_0,C70_EColi5334_0,C50_EColi5334_0,C40_EColi5334_0,C30_EColi4908_1
EColi5335_1,C95_EColi5335_1,C90_EColi5335_1,C70_EColi5335_1,C50_EColi5335_1,C40_EColi5335_1,C30_EColi239_0
EColi5336_1,C95_EColi5336_1,C90_EColi5336_1,C70_EColi5336_1,C50_EColi4775_2,C40_EColi4349_0,C30_EColi4349_0
EColi5337_1,C95_EColi5337_1,C90_EColi5337_1,C70_EColi5337_1,C50_EColi5337_1,C40_EColi5337_1,C30_EColi5337_1
EColi5338_1,C95_EColi5338_1,C90_EColi5338_1,C70_EColi5338_1,C50_EColi5338_1,C40_EColi5338_1,C30_EColi5338_1
EColi5339_1,C95_EColi5339_1,C90_EColi5339_1,C70_EColi5339_1,C50_EColi5339_1,C40_EColi5339_1,C30_EColi5339_1
EColi5340_1,C95_EColi5340_1,C90_EColi5340_1,C70_EColi5340_1,C50_EColi5340_1,C40_EColi5340_1,C30_EColi5340_1
EColi5341_1,C95_EColi5341_1,C90_EColi5341_1,C70_EColi5341_1,C50_EColi5341_1,C40_EColi5341_1,C30_EColi5341_1
EColi5342_1,C95_EColi5342_1,C90_EColi5342_1,C70_EColi5342_1,C50_EColi5342_1,C40_EColi5342_1,C30_EColi5342_1
EColi5343_1,C95_EColi5343_1,C90_EColi5343_1,C70_EColi5343_1,C50_EColi5343_1,C40_EColi5343_1,C30_EColi5343_1
EColi5344_1,C95_EColi5344_1,C90_EColi5344_1,C70_EColi5344_1,C50_EColi5344_1,C40_EColi5344_1,C30_EColi5344_1
EColi5345_1,C95_EColi5345_1,C90_EColi5345_1,C70_EColi5345_1,C50_EColi5345_1,C40_EColi5345_1,C30_EColi498_2
EColi5346_1,C95_EColi5346_1,C90_EColi5346_1,C70_EColi5346_1,C50_EColi5346_1,C40_EColi5346_1,C30_EColi5346_1
EColi5347_1,C95_EColi5347_1,C90_EColi5347_1,C70_EColi5347_1,C50_EColi5347_1,C40_EColi194_0,C30_EColi194_0
EColi5348_2,C95_EColi5348_2,C90_EColi5348_2,C70_EColi5348_2,C50_EColi5348_2,C40_EColi5348_2,C30_EColi5348_2
EColi5349_0,C95_EColi5349_0,C90_EColi5349_0,C70_EColi5349_0,C50_EColi5349_0,C40_EColi5349_0,C30_EColi5349_0
EColi5350_0,C95_EColi5350_0,C90_EColi5350_0,C70_EColi5350_0,C50_EColi5350_0,C40_EColi4249_2,C30_EColi5530_2
EColi5351_0,C95_EColi5351_0,C90_EColi5351_0,C70_EColi5351_0,C50_EColi5351_0,C40_EColi5351_0,C30_EColi5351_0
EColi5352_0,C95_EColi5352_0,C90_EColi5352_0,C70_EColi5352_0,C50_EColi5352_0,C40_EColi5233_1,C30_EColi5351_0
EColi5353_0,C95_EColi5353_0,C90_EColi5353_0,C70_EColi5353_0,C50_EColi5353_0,C40_EColi5353_0,C30_EColi5353_0
EColi5354_0,C95_EColi5354_0,C90_EColi5354_0,C70_EColi5354_0,C50_EColi5354_0,C40_EColi5354_0,C30_EColi5354_0
EColi5355_0,C95_EColi5355_0,C90_EColi5355_0,C70_EColi5355_0,C50_EColi5355_0,C40_EColi5355_0,C30_EColi5355_0
EColi5356_0,C95_EColi5356_0,C90_EColi5356_0,C70_EColi5356_0,C50_EColi5356_0,C40_EColi5356_0,C30_EColi5356_0
EColi5357_0,C95_EColi5357_0,C90_EColi5357_0,C70_EColi5357_0,C50_EColi5357_0,C40_EColi5357_0,C30_EColi6314_1
EColi5358_0,C95_EColi5358_0,C90_EColi5358_0,C70_EColi5358_0,C50_EColi5358_0,C40_EColi5358_0,C30_EColi3551_0
EColi5359_0,C95_EColi5359_0,C90_EColi5359_0,C70_EColi5359_0,C50_EColi5359_0,C40_EColi1159_1,C30_EColi2305_2
EColi5360_0,C95_EColi5360_0,C90_EColi5360_0,C70_EColi5360_0,C50_EColi5360_0,C40_EColi5360_0,C30_EColi5360_0
EColi5361_2,C95_EColi5361_2,C90_EColi5361_2,C70_EColi5361_2,C50_EColi5015_2,C40_EColi5015_2,C30_EColi2048_2
EColi5362_0,C95_EColi5362_0,C90_EColi5362_0,C70_EColi5362_0,C50_EColi5362_0,C40_EColi5362_0,C30_EColi5362_0
EColi5363_2,C95_EColi5363_2,C90_EColi5363_2,C70_EColi5363_2,C50_EColi5363_2,C40_EColi5363_2,C30_EColi5363_2
EColi5364_0,C95_EColi5364_0,C90_EColi5364_0,C70_EColi5364_0,C50_EColi5364_0,C40_EColi5364_0,C30_EColi5364_0
EColi5365_2,C95_EColi5365_2,C90_EColi5365_2,C70_EColi5365_2,C50_EColi5365_2,C40_EColi679_2,C30_EColi679_2
EColi5366_0,C95_EColi5366_0,C90_EColi5366_0,C70_EColi5366_0,C50_EColi5366_0,C40_EColi5366_0,C30_EColi5366_0
EColi5367_1,C95_EColi5367_1,C90_EColi5367_1,C70_EColi5367_1,C50_EColi5367_1,C40_EColi5367_1,C30_EColi5367_1
EColi5368_2,C95_EColi5368_2,C90_EColi5368_2,C70_EColi5368_2,C50_EColi5368_2,C40_EColi5368_2,C30_EColi5368_2
EColi5369_0,C95_EColi5369_0,C90_EColi5369_0,C70_EColi5369_0,C50_EColi5369_0,C40_EColi5369_0,C30_EColi5369_0
EColi5370_0,C95_EColi5370_0,C90_EColi5370_0,C70_EColi5370_0,C50_EColi5370_0,C40_EColi3151_2,C30_EColi3926_0
EColi5371_0,C95_EColi5371_0,C90_EColi5371_0,C70_EColi5371_0,C50_EColi5371_0,C40_EColi5371_0,C30_EColi5371_0
EColi5372_0,C95_EColi5372_0,C90_EColi5372_0,C70_EColi5372_0,C50_EColi5372_0,C40_EColi5372_0,C30_EColi5258_1
EColi5373_0,C95_EColi5373_0,C90_EColi5373_0,C70_EColi5373_0,C50_EColi5373_0,C40_EColi3367_0,C30_EColi5373_0
EColi5374_0,C95_EColi5374_0,C90_EColi5374_0,C70_EColi5374_0,C50_EColi5374_0,C40_EColi1922_0,C30_EColi1922_0
EColi5375_0,C95_EColi5375_0,C90_EColi5375_0,C70_EColi5375_0,C50_EColi5375_0,C40_EColi5375_0,C30_EColi5375_0
EColi5376_0,C95_EColi5376_0,C90_EColi5376_0,C70_EColi5376_0,C50_EColi5376_0,C40_EColi160_2,C30_EColi160_2
EColi5377_0,C95_EColi5377_0,C90_EColi5377_0,C70_EColi5377_0,C50_EColi5377_0,C40_EColi5377_0,C30_EColi5377_0
EColi5378_0,C95_EColi5378_0,C90_EColi5378_0,C70_EColi5378_0,C50_EColi5378_0,C40_EColi68_0,C30_EColi68_0
EColi5379_0,C95_EColi5379_0,C90_EColi5379_0,C70_EColi5379_0,C50_EColi5379_0,C40_EColi5379_0,C30_EColi2902_2
EColi5380_0,C95_EColi5380_0,C90_EColi5380_0,C70_EColi5380_0,C50_EColi5380_0,C40_EColi5380_0,C30_EColi5380_0
EColi5381_0,C95_EColi5381_0,C90_EColi5381_0,C70_EColi5381_0,C50_EColi5381_0,C40_EColi3151_2,C30_EColi3926_0
EColi5382_0,C95_EColi5382_0,C90_EColi5382_0,C70_EColi5382_0,C50_EColi5382_0,C40_EColi5382_0,C30_EColi5382_0
EColi5383_0,C95_EColi5383_0,C90_EColi5383_0,C70_EColi5383_0,C50_EColi5383_0,C40_EColi5383_0,C30_EColi5383_0
EColi5384_0,C95_EColi5384_0,C90_EColi5384_0,C70_EColi5384_0,C50_EColi5384_0,C40_EColi5384_0,C30_EColi155_1
EColi5385_0,C95_EColi5385_0,C90_EColi5385_0,C70_EColi5385_0,C50_EColi5385_0,C40_EColi5385_0,C30_EColi5385_0
EColi5386_0,C95_EColi5386_0,C90_EColi5386_0,C70_EColi5386_0,C50_EColi5386_0,C40_EColi5386_0,C30_EColi5386_0
EColi5387_0,C95_EColi5387_0,C90_EColi5387_0,C70_EColi5387_0,C50_EColi5387_0,C40_EColi5387_0,C30_EColi5387_0
EColi5388_0,C95_EColi5388_0,C90_EColi5388_0,C70_EColi5388_0,C50_EColi5388_0,C40_EColi5388_0,C30_EColi3907_1
EColi5389_0,C95_EColi5389_0,C90_EColi5389_0,C70_EColi5389_0,C50_EColi168_1,C40_EColi168_1,C30_EColi172_0
EColi5390_2,C95_EColi5390_2,C90_EColi5390_2,C70_EColi5390_2,C50_EColi5390_2,C40_EColi5390_2,C30_EColi5390_2
EColi5391_0,C95_EColi5391_0,C90_EColi5391_0,C70_EColi5391_0,C50_EColi5391_0,C40_EColi5391_0,C30_EColi1425_0
EColi5392_0,C95_EColi5392_0,C90_EColi5392_0,C70_EColi5392_0,C50_EColi5392_0,C40_EColi5392_0,C30_EColi5857_0
EColi5393_0,C95_EColi5393_0,C90_EColi5393_0,C70_EColi5393_0,C50_EColi5393_0,C40_EColi5393_0,C30_EColi5393_0
EColi5394_0,C95_EColi5394_0,C90_EColi5394_0,C70_EColi5394_0,C50_EColi5394_0,C40_EColi5394_0,C30_EColi5394_0
EColi5395_0,C95_EColi5395_0,C90_EColi5395_0,C70_EColi5395_0,C50_EColi5395_0,C40_EColi5395_0,C30_EColi5395_0
EColi5396_2,C95_EColi5396_2,C90_EColi5396_2,C70_EColi5396_2,C50_EColi5396_2,C40_EColi5396_2,C30_EColi5396_2
EColi5397_1,C95_EColi5397_1,C90_EColi5397_1,C70_EColi5397_1,C50_EColi5397_1,C40_EColi5397_1,C30_EColi5397_1
EColi5398_0,C95_EColi5398_0,C90_EColi5398_0,C70_EColi5398_0,C50_EColi5398_0,C40_EColi5398_0,C30_EColi5398_0
EColi5399_2,C95_EColi5399_2,C90_EColi5399_2,C70_EColi5399_2,C50_EColi5399_2,C40_EColi4434_2,C30_EColi4434_2
EColi3752_0,C95_EColi3752_0,C90_EColi3752_0,C70_EColi3752_0,C50_EColi3752_0,C40_EColi3752_0,C30_EColi3752_0
EColi3753_1,C95_EColi3753_1,C90_EColi3753_1,C70_EColi3753_1,C50_EColi3753_1,C40_EColi3753_1,C30_EColi3753_1
EColi3754_0,C95_EColi3754_0,C90_EColi3754_0,C70_EColi3754_0,C50_EColi3754_0,C40_EColi3754_0,C30_EColi3754_0
EColi3755_2,C95_EColi3755_2,C90_EColi3755_2,C70_EColi3755_2,C50_EColi3758_0,C40_EColi3758_0,C30_EColi3758_0
EColi3756_0,C95_EColi3756_0,C90_EColi3756_0,C70_EColi3756_0,C50_EColi3756_0,C40_EColi3756_0,C30_EColi6340_1
EColi3757_0,C95_EColi3757_0,C90_EColi3757_0,C70_EColi3757_0,C50_EColi3757_0,C40_EColi3757_0,C30_EColi3757_0
EColi3758_0,C95_EColi3758_0,C90_EColi3758_0,C70_EColi3758_0,C50_EColi3758_0,C40_EColi3758_0,C30_EColi3758_0
EColi3759_2,C95_EColi3759_2,C90_EColi3759_2,C70_EColi3759_2,C50_EColi3759_2,C40_EColi3759_2,C30_EColi3759_2
EColi3760_0,C95_EColi3760_0,C90_EColi3760_0,C70_EColi3760_0,C50_EColi2535_2,C40_EColi2535_2,C30_EColi2535_2
EColi3761_2,C95_EColi3761_2,C90_EColi3761_2,C70_EColi3761_2,C50_EColi3761_2,C40_EColi3761_2,C30_EColi3761_2
EColi3762_0,C95_EColi3762_0,C90_EColi3762_0,C70_EColi3762_0,C50_EColi3762_0,C40_EColi3762_0,C30_EColi3762_0
EColi3763_0,C95_EColi3763_0,C90_EColi3763_0,C70_EColi3763_0,C50_EColi3763_0,C40_EColi3763_0,C30_EColi3763_0
EColi3764_1,C95_EColi3764_1,C90_EColi3764_1,C70_EColi3764_1,C50_EColi3764_1,C40_EColi3764_1,C30_EColi3764_1
EColi3765_1,C95_EColi3765_1,C90_EColi3765_1,C70_EColi3765_1,C50_EColi3765_1,C40_EColi3765_1,C30_EColi3765_1
EColi3766_2,C95_EColi3766_2,C90_EColi3766_2,C70_EColi3766_2,C50_EColi3766_2,C40_EColi3766_2,C30_EColi3766_2
EColi3767_2,C95_EColi3767_2,C90_EColi3767_2,C70_EColi3767_2,C50_EColi3767_2,C40_EColi3767_2,C30_EColi5067_0
EColi3768_2,C95_EColi3768_2,C90_EColi3768_2,C70_EColi3768_2,C50_EColi3768_2,C40_EColi3768_2,C30_EColi3768_2
EColi3769_1,C95_EColi3769_1,C90_EColi3769_1,C70_EColi3769_1,C50_EColi3769_1,C40_EColi3769_1,C30_EColi3769_1
EColi3770_1,C95_EColi3770_1,C90_EColi3770_1,C70_EColi3770_1,C50_EColi3770_1,C40_EColi3770_1,C30_EColi3770_1
EColi3771_1,C95_EColi3771_1,C90_EColi3771_1,C70_EColi3771_1,C50_EColi3771_1,C40_EColi3771_1,C30_EColi3771_1
EColi3772_1,C95_EColi3772_1,C90_EColi3772_1,C70_EColi3772_1,C50_EColi3772_1,C40_EColi3772_1,C30_EColi3772_1
EColi3773_0,C95_EColi3773_0,C90_EColi3773_0,C70_EColi3773_0,C50_EColi3773_0,C40_EColi3773_0,C30_EColi3333_1
EColi3774_0,C95_EColi3774_0,C90_EColi3774_0,C70_EColi3774_0,C50_EColi3774_0,C40_EColi3918_0,C30_EColi2620_0
EColi3775_2,C95_EColi3775_2,C90_EColi3775_2,C70_EColi3775_2,C50_EColi5026_0,C40_EColi5026_0,C30_EColi1945_1
EColi3776_2,C95_EColi3776_2,C90_EColi3776_2,C70_EColi3776_2,C50_EColi3776_2,C40_EColi3907_1,C30_EColi3907_1
EColi3777_2,C95_EColi3777_2,C90_EColi3777_2,C70_EColi3777_2,C50_EColi3662_1,C40_EColi3777_2,C30_EColi3783_1
EColi3778_1,C95_EColi3778_1,C90_EColi3778_1,C70_EColi3778_1,C50_EColi3778_1,C40_EColi3778_1,C30_EColi3778_1
EColi3779_1,C95_EColi3779_1,C90_EColi3779_1,C70_EColi3779_1,C50_EColi3779_1,C40_EColi5823_0,C30_EColi3312_1
EColi3780_0,C95_EColi3780_0,C90_EColi3780_0,C70_EColi3780_0,C50_EColi3780_0,C40_EColi3780_0,C30_EColi5506_0
EColi3781_1,C95_EColi3781_1,C90_EColi3781_1,C70_EColi3781_1,C50_EColi3781_1,C40_EColi3781_1,C30_EColi5740_1
EColi3782_1,C95_EColi3782_1,C90_EColi3782_1,C70_EColi3782_1,C50_EColi3782_1,C40_EColi3782_1,C30_EColi3782_1
EColi3783_1,C95_EColi3783_1,C90_EColi3783_1,C70_EColi3783_1,C50_EColi3783_1,C40_EColi3783_1,C30_EColi3783_1
EColi3784_0,C95_EColi3784_0,C90_EColi3784_0,C70_EColi3784_0,C50_EColi3784_0,C40_EColi3784_0,C30_EColi5000_1
EColi3785_1,C95_EColi3785_1,C90_EColi3785_1,C70_EColi3785_1,C50_EColi3785_1,C40_EColi3785_1,C30_EColi3785_1
EColi3786_2,C95_EColi3786_2,C90_EColi3786_2,C70_EColi3786_2,C50_EColi3786_2,C40_EColi3786_2,C30_EColi3320_0
EColi3787_0,C95_EColi3787_0,C90_EColi3787_0,C70_EColi3787_0,C50_EColi3787_0,C40_EColi6237_1,C30_EColi88_0
EColi3788_0,C95_EColi3788_0,C90_EColi3788_0,C70_EColi3788_0,C50_EColi3788_0,C40_EColi3788_0,C30_EColi3788_0
EColi3789_0,C95_EColi3789_0,C90_EColi3789_0,C70_EColi3789_0,C50_EColi3789_0,C40_EColi3789_0,C30_EColi3331_0
EColi3790_1,C95_EColi3790_1,C90_EColi3790_1,C70_EColi3790_1,C50_EColi3790_1,C40_EColi3790_1,C30_EColi3790_1
EColi3791_1,C95_EColi3791_1,C90_EColi3791_1,C70_EColi3791_1,C50_EColi3791_1,C40_EColi3791_1,C30_EColi2414_2
EColi3792_0,C95_EColi3792_0,C90_EColi3792_0,C70_EColi3792_0,C50_EColi3792_0,C40_EColi116_2,C30_EColi1215_2
EColi3793_0,C95_EColi3793_0,C90_EColi3793_0,C70_EColi3793_0,C50_EColi3793_0,C40_EColi3793_0,C30_EColi3793_0
EColi3794_1,C95_EColi3794_1,C90_EColi3794_1,C70_EColi3794_1,C50_EColi3794_1,C40_EColi3283_1,C30_EColi3283_1
EColi3795_0,C95_EColi3795_0,C90_EColi3795_0,C70_EColi3795_0,C50_EColi3795_0,C40_EColi3795_0,C30_EColi1709_2
EColi3796_0,C95_EColi3796_0,C90_EColi3796_0,C70_EColi3796_0,C50_EColi5036_1,C40_EColi4136_1,C30_EColi4136_1
EColi3797_1,C95_EColi3797_1,C90_EColi3797_1,C70_EColi3797_1,C50_EColi3797_1,C40_EColi3797_1,C30_EColi3797_1
EColi3798_0,C95_EColi3798_0,C90_EColi3798_0,C70_EColi3798_0,C50_EColi3798_0,C40_EColi2218_1,C30_EColi5650_2
EColi3799_0,C95_EColi3799_0,C90_EColi3799_0,C70_EColi3799_0,C50_EColi3799_0,C40_EColi3799_0,C30_EColi5650_2
EColi4000_0,C95_EColi4000_0,C90_EColi4000_0,C70_EColi4000_0,C50_EColi3957_0,C40_EColi3345_0,C30_EColi3345_0
EColi4001_2,C95_EColi4001_2,C90_EColi4001_2,C70_EColi4001_2,C50_EColi4001_2,C40_EColi4001_2,C30_EColi2902_2
EColi4002_1,C95_EColi4002_1,C90_EColi4002_1,C70_EColi4002_1,C50_EColi4002_1,C40_EColi4002_1,C30_EColi5926_1
EColi4003_0,C95_EColi4003_0,C90_EColi4003_0,C70_EColi4003_0,C50_EColi4003_0,C40_EColi1387_0,C30_EColi1387_0
EColi4004_0,C95_EColi4004_0,C90_EColi4004_0,C70_EColi4004_0,C50_EColi3345_0,C40_EColi3345_0,C30_EColi3345_0
EColi4005_0,C95_EColi4005_0,C90_EColi4005_0,C70_EColi4005_0,C50_EColi4005_0,C40_EColi4005_0,C30_EColi4005_0
EColi4006_0,C95_EColi4006_0,C90_EColi4006_0,C70_EColi4006_0,C50_EColi4006_0,C40_EColi1446_0,C30_EColi1446_0
EColi4007_2,C95_EColi4007_2,C90_EColi4007_2,C70_EColi4007_2,C50_EColi4007_2,C40_EColi4007_2,C30_EColi4007_2
EColi4008_0,C95_EColi4008_0,C90_EColi4008_0,C70_EColi4008_0,C50_EColi4008_0,C40_EColi4008_0,C30_EColi4008_0
EColi4009_2,C95_EColi4009_2,C90_EColi4009_2,C70_EColi4009_2,C50_EColi4009_2,C40_EColi687_0,C30_EColi689_1
EColi4010_1,C95_EColi4010_1,C90_EColi4010_1,C70_EColi4010_1,C50_EColi4010_1,C40_EColi4010_1,C30_EColi4010_1
EColi4011_0,C95_EColi4011_0,C90_EColi4011_0,C70_EColi4011_0,C50_EColi4011_0,C40_EColi1576_0,C30_EColi3864_2
EColi4012_1,C95_EColi4012_1,C90_EColi4012_1,C70_EColi4012_1,C50_EColi4012_1,C40_EColi1572_1,C30_EColi1572_1
EColi4013_2,C95_EColi4013_2,C90_EColi4013_2,C70_EColi4013_2,C50_EColi3958_1,C40_EColi3958_1,C30_EColi5471_1
EColi4014_2,C95_EColi4014_2,C90_EColi4014_2,C70_EColi4014_2,C50_EColi3265_2,C40_EColi3083_2,C30_EColi3083_2
EColi4015_0,C95_EColi4015_0,C90_EColi4015_0,C70_EColi4015_0,C50_EColi4015_0,C40_EColi4015_0,C30_EColi4015_0
EColi4016_1,C95_EColi4016_1,C90_EColi4016_1,C70_EColi4016_1,C50_EColi4016_1,C40_EColi2503_1,C30_EColi50_2
EColi4017_1,C95_EColi4017_1,C90_EColi4017_1,C70_EColi4017_1,C50_EColi4092_2,C40_EColi1381_1,C30_EColi2817_2
EColi4018_2,C95_EColi4018_2,C90_EColi4018_2,C70_EColi4018_2,C50_EColi4018_2,C40_EColi4018_2,C30_EColi4018_2
EColi4019_1,C95_EColi4019_1,C90_EColi4019_1,C70_EColi4019_1,C50_EColi4019_1,C40_EColi4694_0,C30_EColi4694_0
EColi4020_2,C95_EColi4020_2,C90_EColi4020_2,C70_EColi4020_2,C50_EColi4020_2,C40_EColi4020_2,C30_EColi4020_2
EColi4021_2,C95_EColi4021_2,C90_EColi4021_2,C70_EColi4021_2,C50_EColi4021_2,C40_EColi4021_2,C30_EColi4021_2
EColi4022_1,C95_EColi4022_1,C90_EColi4022_1,C70_EColi4022_1,C50_EColi4022_1,C40_EColi4022_1,C30_EColi4022_1
EColi4023_2,C95_EColi4023_2,C90_EColi4023_2,C70_EColi4023_2,C50_EColi4023_2,C40_EColi4023_2,C30_EColi4023_2
EColi4024_2,C95_EColi4024_2,C90_EColi4024_2,C70_EColi4024_2,C50_EColi4010_1,C40_EColi4010_1,C30_EColi4010_1
EColi4025_2,C95_EColi4025_2,C90_EColi4025_2,C70_EColi4025_2,C50_EColi4025_2,C40_EColi4025_2,C30_EColi4025_2
EColi4026_0,C95_EColi4026_0,C90_EColi4026_0,C70_EColi4026_0,C50_EColi4026_0,C40_EColi4725_0,C30_EColi4725_0
EColi4027_1,C95_EColi4027_1,C90_EColi4027_1,C70_EColi4027_1,C50_EColi4027_1,C40_EColi3933_2,C30_EColi3933_2
EColi4028_2,C95_EColi4028_2,C90_EColi4028_2,C70_EColi4028_2,C50_EColi5159_0,C40_EColi5417_1,C30_EColi3629_2
EColi4029_1,C95_EColi4029_1,C90_EColi4029_1,C70_EColi4029_1,C50_EColi4741_2,C40_EColi4741_2,C30_EColi4348_0
EColi4030_2,C95_EColi4030_2,C90_EColi4030_2,C70_EColi4030_2,C50_EColi2699_2,C40_EColi1981_1,C30_EColi1981_1
EColi4031_0,C95_EColi4031_0,C90_EColi4031_0,C70_EColi4031_0,C50_EColi4031_0,C40_EColi4031_0,C30_EColi2110_1
EColi4032_0,C95_EColi4032_0,C90_EColi4032_0,C70_EColi4032_0,C50_EColi4032_0,C40_EColi1593_1,C30_EColi2825_2
EColi4033_1,C95_EColi4033_1,C90_EColi4033_1,C70_EColi4033_1,C50_EColi3162_1,C40_EColi3935_1,C30_EColi3935_1
EColi4034_2,C95_EColi4034_2,C90_EColi4034_2,C70_EColi4034_2,C50_EColi4034_2,C40_EColi447_1,C30_EColi447_1
EColi4035_0,C95_EColi4035_0,C90_EColi4035_0,C70_EColi4035_0,C50_EColi25_0,C40_EColi25_0,C30_EColi25_0
EColi4036_1,C95_EColi4036_1,C90_EColi4036_1,C70_EColi4036_1,C50_EColi3934_1,C40_EColi3934_1,C30_EColi4161_1
EColi4037_2,C95_EColi4037_2,C90_EColi4037_2,C70_EColi4037_2,C50_EColi4037_2,C40_EColi3083_2,C30_EColi3083_2
EColi4038_0,C95_EColi4038_0,C90_EColi4038_0,C70_EColi4038_0,C50_EColi4038_0,C40_EColi4038_0,C30_EColi2110_1
EColi4039_2,C95_EColi4039_2,C90_EColi4039_2,C70_EColi4039_2,C50_EColi4039_2,C40_EColi4210_0,C30_EColi327_1
EColi4040_1,C95_EColi4040_1,C90_EColi4040_1,C70_EColi4040_1,C50_EColi4040_1,C40_EColi3404_1,C30_EColi4413_0
EColi4041_2,C95_EColi4041_2,C90_EColi4041_2,C70_EColi4041_2,C50_EColi4041_2,C40_EColi1353_0,C30_EColi4349_0
EColi4042_2,C95_EColi4042_2,C90_EColi4042_2,C70_EColi4042_2,C50_EColi4042_2,C40_EColi4042_2,C30_EColi4042_2
EColi4043_1,C95_EColi4043_1,C90_EColi4043_1,C70_EColi4043_1,C50_EColi4043_1,C40_EColi4043_1,C30_EColi4043_1
EColi4044_1,C95_EColi4044_1,C90_EColi4044_1,C70_EColi4044_1,C50_EColi117_2,C40_EColi117_2,C30_EColi1654_0
EColi4045_2,C95_EColi4045_2,C90_EColi4045_2,C70_EColi4045_2,C50_EColi4045_2,C40_EColi3412_0,C30_EColi6099_1
EColi4046_1,C95_EColi4046_1,C90_EColi4046_1,C70_EColi4046_1,C50_EColi4046_1,C40_EColi4046_1,C30_EColi54_0
EColi4047_1,C95_EColi4047_1,C90_EColi4047_1,C70_EColi4047_1,C50_EColi4047_1,C40_EColi4047_1,C30_EColi4047_1
EColi4048_2,C95_EColi4048_2,C90_EColi4048_2,C70_EColi4048_2,C50_EColi4930_1,C40_EColi4930_1,C30_EColi6097_2
EColi4049_2,C95_EColi4049_2,C90_EColi4049_2,C70_EColi4049_2,C50_EColi4049_2,C40_EColi1359_2,C30_EColi1657_2
EColi4050_0,C95_EColi4050_0,C90_EColi4050_0,C70_EColi4050_0,C50_EColi4050_0,C40_EColi4050_0,C30_EColi4050_0
EColi4051_1,C95_EColi4051_1,C90_EColi4051_1,C70_EColi4051_1,C50_EColi4051_1,C40_EColi4051_1,C30_EColi6340_1
EColi4052_1,C95_EColi4052_1,C90_EColi4052_1,C70_EColi4052_1,C50_EColi4052_1,C40_EColi4052_1,C30_EColi4052_1
EColi4053_1,C95_EColi4053_1,C90_EColi4053_1,C70_EColi4053_1,C50_EColi2890_0,C40_EColi2890_0,C30_EColi4180_1
EColi4054_2,C95_EColi4054_2,C90_EColi4054_2,C70_EColi4054_2,C50_EColi4054_2,C40_EColi4054_2,C30_EColi4054_2
EColi4055_0,C95_EColi4055_0,C90_EColi4055_0,C70_EColi4055_0,C50_EColi4055_0,C40_EColi1363_1,C30_EColi1363_1
EColi4056_2,C95_EColi4056_2,C90_EColi4056_2,C70_EColi4056_2,C50_EColi4056_2,C40_EColi4056_2,C30_EColi4056_2
EColi4057_2,C95_EColi4057_2,C90_EColi4057_2,C70_EColi4057_2,C50_EColi4057_2,C40_EColi4057_2,C30_EColi4057_2
EColi4058_1,C95_EColi4058_1,C90_EColi4058_1,C70_EColi4058_1,C50_EColi4058_1,C40_EColi2143_1,C30_EColi3606_2
EColi4059_2,C95_EColi4059_2,C90_EColi4059_2,C70_EColi4059_2,C50_EColi4059_2,C40_EColi5873_2,C30_EColi5873_2
EColi4060_2,C95_EColi4060_2,C90_EColi4060_2,C70_EColi4060_2,C50_EColi4060_2,C40_EColi2228_2,C30_EColi2228_2
EColi4061_2,C95_EColi4061_2,C90_EColi4061_2,C70_EColi4061_2,C50_EColi4061_2,C40_EColi4061_2,C30_EColi4061_2
EColi4062_2,C95_EColi4062_2,C90_EColi4062_2,C70_EColi4062_2,C50_EColi4062_2,C40_EColi4062_2,C30_EColi4062_2
EColi4063_1,C95_EColi4063_1,C90_EColi4063_1,C70_EColi4063_1,C50_EColi4063_1,C40_EColi4063_1,C30_EColi4063_1
EColi4064_1,C95_EColi4064_1,C90_EColi4064_1,C70_EColi4064_1,C50_EColi4064_1,C40_EColi4064_1,C30_EColi4064_1
EColi4065_1,C95_EColi4065_1,C90_EColi4065_1,C70_EColi4065_1,C50_EColi4065_1,C40_EColi4065_1,C30_EColi4065_1
EColi4066_0,C95_EColi4066_0,C90_EColi4066_0,C70_EColi4066_0,C50_EColi4066_0,C40_EColi4066_0,C30_EColi4419_2
EColi4067_1,C95_EColi4067_1,C90_EColi4067_1,C70_EColi4067_1,C50_EColi4067_1,C40_EColi4067_1,C30_EColi4067_1
EColi4068_2,C95_EColi4068_2,C90_EColi4068_2,C70_EColi4068_2,C50_EColi4068_2,C40_EColi4068_2,C30_EColi4068_2
EColi4069_1,C95_EColi4069_1,C90_EColi4069_1,C70_EColi4069_1,C50_EColi4069_1,C40_EColi4069_1,C30_EColi4069_1
EColi4070_1,C95_EColi4070_1,C90_EColi4070_1,C70_EColi4070_1,C50_EColi4070_1,C40_EColi1371_0,C30_EColi3725_0
EColi4071_0,C95_EColi4071_0,C90_EColi4071_0,C70_EColi4071_0,C50_EColi4071_0,C40_EColi4071_0,C30_EColi426_2
EColi4072_2,C95_EColi4072_2,C90_EColi4072_2,C70_EColi3991_2,C50_EColi3991_2,C40_EColi3991_2,C30_EColi3991_2
EColi4073_2,C95_EColi4073_2,C90_EColi4073_2,C70_EColi4073_2,C50_EColi4073_2,C40_EColi4073_2,C30_EColi4073_2
EColi4074_1,C95_EColi4074_1,C90_EColi4074_1,C70_EColi4074_1,C50_EColi4074_1,C40_EColi4074_1,C30_EColi4074_1
EColi4075_1,C95_EColi4075_1,C90_EColi4075_1,C70_EColi4075_1,C50_EColi3215_1,C40_EColi2717_0,C30_EColi2717_0
EColi4076_1,C95_EColi4076_1,C90_EColi4076_1,C70_EColi4076_1,C50_EColi3345_0,C40_EColi3345_0,C30_EColi3345_0
EColi4077_2,C95_EColi4077_2,C90_EColi4077_2,C70_EColi4077_2,C50_EColi4077_2,C40_EColi4077_2,C30_EColi3433_1
EColi4078_2,C95_EColi4078_2,C90_EColi4078_2,C70_EColi4078_2,C50_EColi4078_2,C40_EColi3959_1,C30_EColi3959_1
EColi4079_2,C95_EColi4079_2,C90_EColi4079_2,C70_EColi4079_2,C50_EColi4079_2,C40_EColi4079_2,C30_EColi4079_2
EColi4080_0,C95_EColi4080_0,C90_EColi4080_0,C70_EColi4080_0,C50_EColi4080_0,C40_EColi3003_1,C30_EColi3003_1
EColi4081_1,C95_EColi4081_1,C90_EColi4081_1,C70_EColi4081_1,C50_EColi4081_1,C40_EColi4081_1,C30_EColi4081_1
EColi4082_1,C95_EColi4082_1,C90_EColi4082_1,C70_EColi4082_1,C50_EColi4082_1,C40_EColi4082_1,C30_EColi4082_1
EColi4083_0,C95_EColi4083_0,C90_EColi4083_0,C70_EColi4083_0,C50_EColi4083_0,C40_EColi6168_1,C30_EColi6168_1
EColi4084_2,C95_EColi4084_2,C90_EColi4084_2,C70_EColi4084_2,C50_EColi4084_2,C40_EColi4084_2,C30_EColi4084_2
EColi4085_2,C95_EColi4085_2,C90_EColi4085_2,C70_EColi4085_2,C50_EColi3008_0,C40_EColi3008_0,C30_EColi3008_0
EColi4086_2,C95_EColi4086_2,C90_EColi4086_2,C70_EColi4086_2,C50_EColi4086_2,C40_EColi3232_1,C30_EColi3232_1
EColi4087_0,C95_EColi4087_0,C90_EColi4087_0,C70_EColi4087_0,C50_EColi4087_0,C40_EColi4087_0,C30_EColi4087_0
EColi4088_0,C95_EColi4088_0,C90_EColi4088_0,C70_EColi4088_0,C50_EColi4088_0,C40_EColi4088_0,C30_EColi4088_0
EColi4089_2,C95_EColi4089_2,C90_EColi4089_2,C70_EColi4089_2,C50_EColi3967_2,C40_EColi3997_1,C30_EColi5253_1
EColi4090_2,C95_EColi4090_2,C90_EColi4090_2,C70_EColi4090_2,C50_EColi5314_1,C40_EColi5314_1,C30_EColi6159_1
EColi4091_2,C95_EColi4091_2,C90_EColi4091_2,C70_EColi4091_2,C50_EColi3968_2,C40_EColi3968_2,C30_EColi3968_2
EColi4092_2,C95_EColi4092_2,C90_EColi4092_2,C70_EColi4092_2,C50_EColi4092_2,C40_EColi1381_1,C30_EColi2817_2
EColi4093_1,C95_EColi4093_1,C90_EColi4093_1,C70_EColi4093_1,C50_EColi4093_1,C40_EColi4093_1,C30_EColi2630_0
EColi4094_0,C95_EColi4094_0,C90_EColi4094_0,C70_EColi4094_0,C50_EColi4094_0,C40_EColi3371_0,C30_EColi5373_0
EColi4095_0,C95_EColi4095_0,C90_EColi4095_0,C70_EColi4095_0,C50_EColi4095_0,C40_EColi2101_1,C30_EColi2101_1
EColi4096_0,C95_EColi4096_0,C90_EColi4096_0,C70_EColi4096_0,C50_EColi4096_0,C40_EColi4096_0,C30_EColi4096_0
EColi4097_2,C95_EColi4097_2,C90_EColi4097_2,C70_EColi4097_2,C50_EColi4097_2,C40_EColi4097_2,C30_EColi4097_2
EColi4098_0,C95_EColi4098_0,C90_EColi4098_0,C70_EColi4098_0,C50_EColi4098_0,C40_EColi3142_0,C30_EColi5908_0
EColi4099_1,C95_EColi4099_1,C90_EColi4099_1,C70_EColi4099_1,C50_EColi3141_1,C40_EColi3141_1,C30_EColi3141_1
EColi4100_2,C95_EColi4100_2,C90_EColi4100_2,C70_EColi4100_2,C50_EColi4100_2,C40_EColi4100_2,C30_EColi4100_2
EColi4101_1,C95_EColi4101_1,C90_EColi4101_1,C70_EColi4101_1,C50_EColi4101_1,C40_EColi4101_1,C30_EColi4101_1
EColi4102_1,C95_EColi4102_1,C90_EColi4102_1,C70_EColi4102_1,C50_EColi4102_1,C40_EColi4102_1,C30_EColi4102_1
EColi4103_0,C95_EColi4103_0,C90_EColi4103_0,C70_EColi4103_0,C50_EColi4103_0,C40_EColi208_1,C30_EColi1068_0
EColi4104_1,C95_EColi4104_1,C90_EColi4104_1,C70_EColi4104_1,C50_EColi4104_1,C40_EColi4104_1,C30_EColi4104_1
EColi4105_0,C95_EColi4105_0,C90_EColi4105_0,C70_EColi4105_0,C50_EColi4105_0,C40_EColi4105_0,C30_EColi340_0
EColi4106_0,C95_EColi4106_0,C90_EColi4106_0,C70_EColi4106_0,C50_EColi4106_0,C40_EColi1510_1,C30_EColi1510_1
EColi4107_1,C95_EColi4107_1,C90_EColi4107_1,C70_EColi4107_1,C50_EColi4107_1,C40_EColi1728_1,C30_EColi4107_1
EColi4108_2,C95_EColi4108_2,C90_EColi4108_2,C70_EColi4108_2,C50_EColi4108_2,C40_EColi4108_2,C30_EColi4108_2
EColi4109_0,C95_EColi4109_0,C90_EColi4109_0,C70_EColi4109_0,C50_EColi4109_0,C40_EColi1425_0,C30_EColi1425_0
EColi4110_0,C95_EColi4110_0,C90_EColi4110_0,C70_EColi4110_0,C50_EColi4110_0,C40_EColi4110_0,C30_EColi4110_0
EColi4111_0,C95_EColi4111_0,C90_EColi4111_0,C70_EColi4111_0,C50_EColi4111_0,C40_EColi4111_0,C30_EColi4111_0
EColi4112_0,C95_EColi4112_0,C90_EColi4112_0,C70_EColi4112_0,C50_EColi4112_0,C40_EColi4112_0,C30_EColi4112_0
EColi4113_0,C95_EColi4113_0,C90_EColi4113_0,C70_EColi4113_0,C50_EColi4113_0,C40_EColi4113_0,C30_EColi4113_0
EColi4114_0,C95_EColi4114_0,C90_EColi4114_0,C70_EColi4114_0,C50_EColi4114_0,C40_EColi4114_0,C30_EColi4114_0
EColi4115_0,C95_EColi4115_0,C90_EColi4115_0,C70_EColi4115_0,C50_EColi4115_0,C40_EColi4115_0,C30_EColi4115_0
EColi4116_2,C95_EColi4116_2,C90_EColi4116_2,C70_EColi4116_2,C50_EColi4116_2,C40_EColi4116_2,C30_EColi4855_0
EColi4117_1,C95_EColi4117_1,C90_EColi4117_1,C70_EColi4117_1,C50_EColi4117_1,C40_EColi4117_1,C30_EColi4117_1
EColi4118_1,C95_EColi4118_1,C90_EColi4118_1,C70_EColi4118_1,C50_EColi4118_1,C40_EColi4118_1,C30_EColi4118_1
EColi4119_2,C95_EColi4119_2,C90_EColi4119_2,C70_EColi4119_2,C50_EColi4119_2,C40_EColi4119_2,C30_EColi4119_2
EColi4120_1,C95_EColi4120_1,C90_EColi4120_1,C70_EColi4120_1,C50_EColi4120_1,C40_EColi4120_1,C30_EColi4120_1
EColi4121_0,C95_EColi4121_0,C90_EColi4121_0,C70_EColi4121_0,C50_EColi4121_0,C40_EColi4122_2,C30_EColi4122_2
EColi4122_2,C95_EColi4122_2,C90_EColi4122_2,C70_EColi4122_2,C50_EColi4122_2,C40_EColi4122_2,C30_EColi4122_2
EColi4123_0,C95_EColi4123_0,C90_EColi4123_0,C70_EColi4123_0,C50_EColi4123_0,C40_EColi4123_0,C30_EColi4123_0
EColi4124_2,C95_EColi4124_2,C90_EColi4124_2,C70_EColi4124_2,C50_EColi4124_2,C40_EColi4124_2,C30_EColi342_2
EColi4125_1,C95_EColi4125_1,C90_EColi4125_1,C70_EColi4125_1,C50_EColi4125_1,C40_EColi4125_1,C30_EColi4125_1
EColi4126_1,C95_EColi4126_1,C90_EColi4126_1,C70_EColi4126_1,C50_EColi4126_1,C40_EColi3329_0,C30_EColi3329_0
EColi4127_1,C95_EColi4127_1,C90_EColi4127_1,C70_EColi4127_1,C50_EColi4127_1,C40_EColi4127_1,C30_EColi4127_1
EColi4128_0,C95_EColi4128_0,C90_EColi4128_0,C70_EColi4128_0,C50_EColi4128_0,C40_EColi4128_0,C30_EColi2202_2
EColi4129_1,C95_EColi4129_1,C90_EColi4129_1,C70_EColi4129_1,C50_EColi4129_1,C40_EColi4129_1,C30_EColi4129_1
EColi4130_0,C95_EColi4130_0,C90_EColi4130_0,C70_EColi4130_0,C50_EColi4130_0,C40_EColi2358_0,C30_EColi2358_0
EColi4131_2,C95_EColi4131_2,C90_EColi4131_2,C70_EColi4131_2,C50_EColi4131_2,C40_EColi4131_2,C30_EColi4131_2
EColi4132_0,C95_EColi4132_0,C90_EColi4132_0,C70_EColi4132_0,C50_EColi4132_0,C40_EColi4132_0,C30_EColi5530_2
EColi4133_1,C95_EColi4133_1,C90_EColi4133_1,C70_EColi4133_1,C50_EColi4133_1,C40_EColi4133_1,C30_EColi2414_2
EColi4134_1,C95_EColi4134_1,C90_EColi4134_1,C70_EColi4134_1,C50_EColi3283_1,C40_EColi3283_1,C30_EColi3283_1
EColi4135_1,C95_EColi4135_1,C90_EColi4135_1,C70_EColi4135_1,C50_EColi4135_1,C40_EColi4135_1,C30_EColi4135_1
EColi4136_1,C95_EColi4136_1,C90_EColi4136_1,C70_EColi4136_1,C50_EColi3282_1,C40_EColi4136_1,C30_EColi4136_1
EColi4137_0,C95_EColi4137_0,C90_EColi4137_0,C70_EColi4137_0,C50_EColi4137_0,C40_EColi4137_0,C30_EColi4137_0
EColi4138_2,C95_EColi4138_2,C90_EColi4138_2,C70_EColi4138_2,C50_EColi4138_2,C40_EColi48_0,C30_EColi48_0
EColi4139_0,C95_EColi4139_0,C90_EColi4139_0,C70_EColi4139_0,C50_EColi4139_0,C40_EColi4139_0,C30_EColi4139_0
EColi4140_1,C95_EColi4140_1,C90_EColi4140_1,C70_EColi4140_1,C50_EColi4140_1,C40_EColi4140_1,C30_EColi4140_1
EColi4141_2,C95_EColi4141_2,C90_EColi4141_2,C70_EColi4141_2,C50_EColi121_2,C40_EColi121_2,C30_EColi121_2
EColi4142_0,C95_EColi4142_0,C90_EColi4142_0,C70_EColi4142_0,C50_EColi4142_0,C40_EColi4142_0,C30_EColi4142_0
EColi4143_2,C95_EColi4143_2,C90_EColi4143_2,C70_EColi4143_2,C50_EColi5004_2,C40_EColi5004_2,C30_EColi5004_2
EColi4144_2,C95_EColi4144_2,C90_EColi4144_2,C70_EColi4144_2,C50_EColi4144_2,C40_EColi4144_2,C30_EColi4144_2
EColi4145_1,C95_EColi4145_1,C90_EColi4145_1,C70_EColi4145_1,C50_EColi4145_1,C40_EColi4145_1,C30_EColi2881_2
EColi4146_2,C95_EColi4146_2,C90_EColi4146_2,C70_EColi4146_2,C50_EColi2880_2,C40_EColi1914_0,C30_EColi1914_0
EColi4147_2,C95_EColi4147_2,C90_EColi4147_2,C70_EColi4147_2,C50_EColi4147_2,C40_EColi4147_2,C30_EColi4147_2
EColi4148_1,C95_EColi4148_1,C90_EColi4148_1,C70_EColi4148_1,C50_EColi4148_1,C40_EColi4148_1,C30_EColi5502_2
EColi4149_0,C95_EColi4149_0,C90_EColi4149_0,C70_EColi4149_0,C50_EColi4189_0,C40_EColi4189_0,C30_EColi4189_0
EColi4150_0,C95_EColi4150_0,C90_EColi4150_0,C70_EColi4150_0,C50_EColi4150_0,C40_EColi4150_0,C30_EColi4150_0
EColi4151_0,C95_EColi4151_0,C90_EColi4151_0,C70_EColi4151_0,C50_EColi4151_0,C40_EColi4151_0,C30_EColi4151_0
EColi4152_1,C95_EColi4152_1,C90_EColi4152_1,C70_EColi4152_1,C50_EColi4152_1,C40_EColi4152_1,C30_EColi5504_0
EColi4153_0,C95_EColi4153_0,C90_EColi4153_0,C70_EColi4153_0,C50_EColi4153_0,C40_EColi4153_0,C30_EColi4153_0
EColi4154_1,C95_EColi4154_1,C90_EColi4154_1,C70_EColi4154_1,C50_EColi4154_1,C40_EColi4154_1,C30_EColi4154_1
EColi4155_0,C95_EColi4155_0,C90_EColi4155_0,C70_EColi4155_0,C50_EColi4156_0,C40_EColi4156_0,C30_EColi4156_0
EColi4156_0,C95_EColi4156_0,C90_EColi4156_0,C70_EColi4156_0,C50_EColi4156_0,C40_EColi4156_0,C30_EColi4156_0
EColi4157_2,C95_EColi4157_2,C90_EColi4157_2,C70_EColi4157_2,C50_EColi4157_2,C40_EColi1070_1,C30_EColi2192_2
EColi4158_2,C95_EColi4158_2,C90_EColi4158_2,C70_EColi4158_2,C50_EColi4158_2,C40_EColi3375_2,C30_EColi3375_2
EColi4159_0,C95_EColi4159_0,C90_EColi4159_0,C70_EColi4159_0,C50_EColi4159_0,C40_EColi4159_0,C30_EColi4159_0
EColi4160_0,C95_EColi4160_0,C90_EColi4160_0,C70_EColi4160_0,C50_EColi4160_0,C40_EColi4160_0,C30_EColi4160_0
EColi4161_1,C95_EColi4161_1,C90_EColi4161_1,C70_EColi4161_1,C50_EColi4161_1,C40_EColi4161_1,C30_EColi4161_1
EColi4162_1,C95_EColi4162_1,C90_EColi4162_1,C70_EColi4162_1,C50_EColi5633_0,C40_EColi5633_0,C30_EColi5633_0
EColi4163_2,C95_EColi4163_2,C90_EColi4163_2,C70_EColi4163_2,C50_EColi4163_2,C40_EColi4163_2,C30_EColi4163_2
EColi4164_0,C95_EColi4164_0,C90_EColi4164_0,C70_EColi4164_0,C50_EColi4164_0,C40_EColi4164_0,C30_EColi4164_0
EColi4165_1,C95_EColi4165_1,C90_EColi4165_1,C70_EColi4165_1,C50_EColi4165_1,C40_EColi4165_1,C30_EColi5535_0
EColi4166_2,C95_EColi4166_2,C90_EColi4166_2,C70_EColi4166_2,C50_EColi1023_0,C40_EColi2823_2,C30_EColi2823_2
EColi4167_2,C95_EColi4167_2,C90_EColi4167_2,C70_EColi4167_2,C50_EColi4167_2,C40_EColi3934_1,C30_EColi4161_1
EColi4168_0,C95_EColi4168_0,C90_EColi4168_0,C70_EColi4168_0,C50_EColi4168_0,C40_EColi4168_0,C30_EColi4168_0
EColi4169_2,C95_EColi4169_2,C90_EColi4169_2,C70_EColi4169_2,C50_EColi4169_2,C40_EColi4169_2,C30_EColi4169_2
EColi4170_1,C95_EColi4170_1,C90_EColi4170_1,C70_EColi4170_1,C50_EColi4170_1,C40_EColi4170_1,C30_EColi472_0
EColi4171_0,C95_EColi4171_0,C90_EColi4171_0,C70_EColi4171_0,C50_EColi4171_0,C40_EColi4171_0,C30_EColi4171_0
EColi4172_0,C95_EColi4172_0,C90_EColi4172_0,C70_EColi4172_0,C50_EColi4172_0,C40_EColi4172_0,C30_EColi4172_0
EColi4173_1,C95_EColi4173_1,C90_EColi4173_1,C70_EColi4173_1,C50_EColi4173_1,C40_EColi2503_1,C30_EColi50_2
EColi4174_1,C95_EColi4174_1,C90_EColi4174_1,C70_EColi4174_1,C50_EColi2312_1,C40_EColi2312_1,C30_EColi2312_1
EColi4175_1,C95_EColi4175_1,C90_EColi4175_1,C70_EColi4175_1,C50_EColi4175_1,C40_EColi2675_1,C30_EColi2675_1
EColi4176_2,C95_EColi4176_2,C90_EColi4176_2,C70_EColi4176_2,C50_EColi4176_2,C40_EColi4176_2,C30_EColi4176_2
EColi4177_1,C95_EColi4177_1,C90_EColi4177_1,C70_EColi4177_1,C50_EColi4602_1,C40_EColi105_1,C30_EColi105_1
EColi4178_0,C95_EColi4178_0,C90_EColi4178_0,C70_EColi4178_0,C50_EColi4178_0,C40_EColi4178_0,C30_EColi4178_0
EColi4179_0,C95_EColi4179_0,C90_EColi4179_0,C70_EColi4179_0,C50_EColi4179_0,C40_EColi4179_0,C30_EColi4179_0
EColi4180_1,C95_EColi4180_1,C90_EColi4180_1,C70_EColi4180_1,C50_EColi4180_1,C40_EColi4180_1,C30_EColi4180_1
EColi4181_2,C95_EColi4181_2,C90_EColi4181_2,C70_EColi4181_2,C50_EColi4181_2,C40_EColi4181_2,C30_EColi123_2
EColi4182_2,C95_EColi4182_2,C90_EColi4182_2,C70_EColi4182_2,C50_EColi2805_0,C40_EColi2805_0,C30_EColi139_1
EColi4183_2,C95_EColi4183_2,C90_EColi4183_2,C70_EColi4183_2,C50_EColi4183_2,C40_EColi4183_2,C30_EColi1915_0
EColi4184_2,C95_EColi4184_2,C90_EColi4184_2,C70_EColi4184_2,C50_EColi4184_2,C40_EColi4184_2,C30_EColi4184_2
EColi4185_2,C95_EColi4185_2,C90_EColi4185_2,C70_EColi4185_2,C50_EColi4185_2,C40_EColi4185_2,C30_EColi568_1
EColi4186_0,C95_EColi4186_0,C90_EColi4186_0,C70_EColi4186_0,C50_EColi4186_0,C40_EColi641_2,C30_EColi641_2
EColi4187_1,C95_EColi4187_1,C90_EColi4187_1,C70_EColi4187_1,C50_EColi4147_2,C40_EColi4147_2,C30_EColi4147_2
EColi4188_0,C95_EColi4188_0,C90_EColi4188_0,C70_EColi4188_0,C50_EColi4188_0,C40_EColi4188_0,C30_EColi1741_1
EColi4189_0,C95_EColi4189_0,C90_EColi4189_0,C70_EColi4189_0,C50_EColi4189_0,C40_EColi4189_0,C30_EColi4189_0
EColi4190_2,C95_EColi4190_2,C90_EColi4190_2,C70_EColi4190_2,C50_EColi4190_2,C40_EColi4190_2,C30_EColi4190_2
EColi4191_2,C95_EColi4191_2,C90_EColi4191_2,C70_EColi4191_2,C50_EColi2897_0,C40_EColi4194_1,C30_EColi1061_1
EColi4192_0,C95_EColi4192_0,C90_EColi4192_0,C70_EColi4192_0,C50_EColi4192_0,C40_EColi4192_0,C30_EColi4192_0
EColi4193_2,C95_EColi4193_2,C90_EColi4193_2,C70_EColi4193_2,C50_EColi4194_1,C40_EColi4194_1,C30_EColi1061_1
EColi4194_1,C95_EColi4194_1,C90_EColi4194_1,C70_EColi4194_1,C50_EColi4194_1,C40_EColi4194_1,C30_EColi1061_1
EColi4195_1,C95_EColi4195_1,C90_EColi4195_1,C70_EColi4195_1,C50_EColi4195_1,C40_EColi3004_0,C30_EColi3004_0
EColi4196_0,C95_EColi4196_0,C90_EColi4196_0,C70_EColi4196_0,C50_EColi4196_0,C40_EColi4196_0,C30_EColi4196_0
EColi4197_0,C95_EColi4197_0,C90_EColi4197_0,C70_EColi4197_0,C50_EColi4197_0,C40_EColi4197_0,C30_EColi4197_0
EColi4198_2,C95_EColi4198_2,C90_EColi4198_2,C70_EColi4198_2,C50_EColi4198_2,C40_EColi4637_2,C30_EColi4637_2
EColi4199_1,C95_EColi4199_1,C90_EColi4199_1,C70_EColi4199_1,C50_EColi4199_1,C40_EColi4229_0,C30_EColi4229_0
EColi4300_1,C95_EColi4300_1,C90_EColi4300_1,C70_EColi4300_1,C50_EColi4300_1,C40_EColi4300_1,C30_EColi4300_1
EColi4301_0,C95_EColi4301_0,C90_EColi4301_0,C70_EColi4301_0,C50_EColi4301_0,C40_EColi4301_0,C30_EColi4301_0
EColi4302_0,C95_EColi4302_0,C90_EColi4302_0,C70_EColi4302_0,C50_EColi4302_0,C40_EColi4302_0,C30_EColi4302_0
EColi4303_0,C95_EColi4303_0,C90_EColi4303_0,C70_EColi4303_0,C50_EColi4303_0,C40_EColi4303_0,C30_EColi4303_0
EColi4304_0,C95_EColi4304_0,C90_EColi4304_0,C70_EColi4304_0,C50_EColi4304_0,C40_EColi4304_0,C30_EColi4304_0
EColi4305_0,C95_EColi4305_0,C90_EColi4305_0,C70_EColi4305_0,C50_EColi4305_0,C40_EColi4305_0,C30_EColi3578_1
EColi4306_0,C95_EColi4306_0,C90_EColi4306_0,C70_EColi4306_0,C50_EColi4306_0,C40_EColi4306_0,C30_EColi4306_0
EColi4307_0,C95_EColi4307_0,C90_EColi4307_0,C70_EColi4307_0,C50_EColi4307_0,C40_EColi1573_0,C30_EColi1573_0
EColi4308_1,C95_EColi4308_1,C90_EColi4308_1,C70_EColi4308_1,C50_EColi4308_1,C40_EColi4308_1,C30_EColi4308_1
EColi4309_0,C95_EColi4309_0,C90_EColi4309_0,C70_EColi4309_0,C50_EColi4309_0,C40_EColi4309_0,C30_EColi4309_0
EColi4310_0,C95_EColi4310_0,C90_EColi4310_0,C70_EColi4310_0,C50_EColi4310_0,C40_EColi4310_0,C30_EColi1579_0
EColi4311_2,C95_EColi4311_2,C90_EColi4311_2,C70_EColi4311_2,C50_EColi4311_2,C40_EColi279_2,C30_EColi279_2
EColi4312_2,C95_EColi4312_2,C90_EColi4312_2,C70_EColi4312_2,C50_EColi4312_2,C40_EColi4999_1,C30_EColi4999_1
EColi4313_1,C95_EColi4313_1,C90_EColi4313_1,C70_EColi4313_1,C50_EColi4313_1,C40_EColi4313_1,C30_EColi4313_1
EColi4314_2,C95_EColi4314_2,C90_EColi4314_2,C70_EColi4314_2,C50_EColi4314_2,C40_EColi2312_1,C30_EColi2312_1
EColi4315_1,C95_EColi4315_1,C90_EColi4315_1,C70_EColi4315_1,C50_EColi4315_1,C40_EColi4315_1,C30_EColi2032_0
EColi4316_0,C95_EColi4316_0,C90_EColi4316_0,C70_EColi4316_0,C50_EColi4316_0,C40_EColi4316_0,C30_EColi4316_0
EColi4317_1,C95_EColi4317_1,C90_EColi4317_1,C70_EColi4317_1,C50_EColi4317_1,C40_EColi4317_1,C30_EColi905_0
EColi4318_1,C95_EColi4318_1,C90_EColi4318_1,C70_EColi4318_1,C50_EColi4318_1,C40_EColi4318_1,C30_EColi4318_1
EColi4319_2,C95_EColi4319_2,C90_EColi4319_2,C70_EColi4319_2,C50_EColi4319_2,C40_EColi4687_2,C30_EColi231_2
EColi4320_2,C95_EColi4320_2,C90_EColi4320_2,C70_EColi4320_2,C50_EColi4320_2,C40_EColi1615_1,C30_EColi1615_1
EColi4321_2,C95_EColi4321_2,C90_EColi4321_2,C70_EColi4321_2,C50_EColi4321_2,C40_EColi4321_2,C30_EColi1100_1
EColi4322_1,C95_EColi4322_1,C90_EColi4322_1,C70_EColi4322_1,C50_EColi4322_1,C40_EColi4322_1,C30_EColi4322_1
EColi4323_2,C95_EColi4323_2,C90_EColi4323_2,C70_EColi4323_2,C50_EColi3593_2,C40_EColi3593_2,C30_EColi3593_2
EColi4324_2,C95_EColi4324_2,C90_EColi4324_2,C70_EColi4324_2,C50_EColi4324_2,C40_EColi4324_2,C30_EColi4324_2
EColi4325_2,C95_EColi4325_2,C90_EColi4325_2,C70_EColi4325_2,C50_EColi2143_1,C40_EColi2143_1,C30_EColi2143_1
EColi4326_2,C95_EColi4326_2,C90_EColi4326_2,C70_EColi4326_2,C50_EColi4326_2,C40_EColi2151_0,C30_EColi2151_0
EColi4327_2,C95_EColi4327_2,C90_EColi4327_2,C70_EColi4327_2,C50_EColi4327_2,C40_EColi4327_2,C30_EColi4327_2
EColi4328_2,C95_EColi4328_2,C90_EColi4328_2,C70_EColi4328_2,C50_EColi1828_2,C40_EColi1828_2,C30_EColi1828_2
EColi4329_1,C95_EColi4329_1,C90_EColi4329_1,C70_EColi4329_1,C50_EColi4329_1,C40_EColi4329_1,C30_EColi1167_2
EColi4330_2,C95_EColi4330_2,C90_EColi4330_2,C70_EColi4330_2,C50_EColi4330_2,C40_EColi4330_2,C30_EColi4330_2
EColi4331_1,C95_EColi4331_1,C90_EColi4331_1,C70_EColi4331_1,C50_EColi4331_1,C40_EColi4331_1,C30_EColi5926_1
EColi4332_1,C95_EColi4332_1,C90_EColi4332_1,C70_EColi4332_1,C50_EColi4332_1,C40_EColi4332_1,C30_EColi4332_1
EColi4333_1,C95_EColi4333_1,C90_EColi4333_1,C70_EColi4333_1,C50_EColi4333_1,C40_EColi4333_1,C30_EColi4333_1
EColi4334_1,C95_EColi4334_1,C90_EColi4334_1,C70_EColi4334_1,C50_EColi4334_1,C40_EColi4334_1,C30_EColi4334_1
EColi4335_0,C95_EColi4335_0,C90_EColi4335_0,C70_EColi4335_0,C50_EColi4335_0,C40_EColi4335_0,C30_EColi4335_0
EColi4336_2,C95_EColi4336_2,C90_EColi4336_2,C70_EColi4336_2,C50_EColi4336_2,C40_EColi4336_2,C30_EColi4336_2
EColi4337_1,C95_EColi4337_1,C90_EColi4337_1,C70_EColi4337_1,C50_EColi4337_1,C40_EColi4540_2,C30_EColi4540_2
EColi4338_1,C95_EColi4338_1,C90_EColi4338_1,C70_EColi4338_1,C50_EColi4338_1,C40_EColi4338_1,C30_EColi4338_1
EColi4339_1,C95_EColi4339_1,C90_EColi4339_1,C70_EColi4339_1,C50_EColi4339_1,C40_EColi4339_1,C30_EColi4339_1
EColi4340_0,C95_EColi4340_0,C90_EColi4340_0,C70_EColi4340_0,C50_EColi4340_0,C40_EColi4340_0,C30_EColi4340_0
EColi4341_1,C95_EColi4341_1,C90_EColi4341_1,C70_EColi4341_1,C50_EColi4341_1,C40_EColi4341_1,C30_EColi4341_1
EColi4342_1,C95_EColi4342_1,C90_EColi4342_1,C70_EColi4342_1,C50_EColi4342_1,C40_EColi4342_1,C30_EColi4342_1
EColi4343_1,C95_EColi4343_1,C90_EColi4343_1,C70_EColi4343_1,C50_EColi4343_1,C40_EColi4343_1,C30_EColi4343_1
EColi4344_2,C95_EColi4344_2,C90_EColi4344_2,C70_EColi4344_2,C50_EColi4344_2,C40_EColi4344_2,C30_EColi4344_2
EColi4345_0,C95_EColi4345_0,C90_EColi4345_0,C70_EColi4345_0,C50_EColi4345_0,C40_EColi4345_0,C30_EColi4345_0
EColi4346_1,C95_EColi4346_1,C90_EColi4346_1,C70_EColi4346_1,C50_EColi4346_1,C40_EColi4346_1,C30_EColi4346_1
EColi4347_1,C95_EColi4347_1,C90_EColi4347_1,C70_EColi4347_1,C50_EColi4347_1,C40_EColi4347_1,C30_EColi4347_1
EColi4348_0,C95_EColi4348_0,C90_EColi4348_0,C70_EColi4348_0,C50_EColi4348_0,C40_EColi4348_0,C30_EColi4348_0
EColi4349_0,C95_EColi4349_0,C90_EColi4349_0,C70_EColi4349_0,C50_EColi4349_0,C40_EColi4349_0,C30_EColi4349_0
EColi4350_0,C95_EColi4350_0,C90_EColi4350_0,C70_EColi4350_0,C50_EColi4350_0,C40_EColi4350_0,C30_EColi4350_0
EColi4351_0,C95_EColi4351_0,C90_EColi4351_0,C70_EColi4351_0,C50_EColi4351_0,C40_EColi4351_0,C30_EColi4351_0
EColi4352_0,C95_EColi4352_0,C90_EColi4352_0,C70_EColi4352_0,C50_EColi4352_0,C40_EColi4352_0,C30_EColi4512_0
EColi4353_0,C95_EColi4353_0,C90_EColi4353_0,C70_EColi4353_0,C50_EColi3522_2,C40_EColi3522_2,C30_EColi3650_0
EColi4354_0,C95_EColi4354_0,C90_EColi4354_0,C70_EColi4354_0,C50_EColi4354_0,C40_EColi4354_0,C30_EColi4354_0
EColi4355_0,C95_EColi4355_0,C90_EColi4355_0,C70_EColi4355_0,C50_EColi4355_0,C40_EColi4355_0,C30_EColi4355_0
EColi4356_0,C95_EColi4356_0,C90_EColi4356_0,C70_EColi4356_0,C50_EColi4356_0,C40_EColi4356_0,C30_EColi4356_0
EColi4357_0,C95_EColi4357_0,C90_EColi4357_0,C70_EColi4357_0,C50_EColi4357_0,C40_EColi4357_0,C30_EColi4357_0
EColi4358_0,C95_EColi4358_0,C90_EColi4358_0,C70_EColi4358_0,C50_EColi3266_0,C40_EColi5535_0,C30_EColi5535_0
EColi4359_0,C95_EColi4359_0,C90_EColi4359_0,C70_EColi4359_0,C50_EColi4359_0,C40_EColi4359_0,C30_EColi2825_2
EColi4360_2,C95_EColi4360_2,C90_EColi4360_2,C70_EColi4360_2,C50_EColi4360_2,C40_EColi4360_2,C30_EColi4360_2
EColi4361_0,C95_EColi4361_0,C90_EColi4361_0,C70_EColi4361_0,C50_EColi4361_0,C40_EColi4361_0,C30_EColi4361_0
EColi4362_0,C95_EColi4362_0,C90_EColi4362_0,C70_EColi4362_0,C50_EColi4362_0,C40_EColi4362_0,C30_EColi4362_0
EColi4363_0,C95_EColi4363_0,C90_EColi4363_0,C70_EColi4363_0,C50_EColi4363_0,C40_EColi2734_2,C30_EColi2734_2
EColi4364_2,C95_EColi4364_2,C90_EColi4364_2,C70_EColi4364_2,C50_EColi4364_2,C40_EColi4364_2,C30_EColi3681_1
EColi4365_2,C95_EColi4365_2,C90_EColi4365_2,C70_EColi4365_2,C50_EColi3861_1,C40_EColi3861_1,C30_EColi3861_1
EColi4366_0,C95_EColi4366_0,C90_EColi4366_0,C70_EColi4366_0,C50_EColi4366_0,C40_EColi4366_0,C30_EColi4366_0
EColi4367_0,C95_EColi4367_0,C90_EColi4367_0,C70_EColi4367_0,C50_EColi4367_0,C40_EColi4367_0,C30_EColi3493_0
EColi4368_0,C95_EColi4368_0,C90_EColi4368_0,C70_EColi4368_0,C50_EColi4368_0,C40_EColi4368_0,C30_EColi4368_0
EColi4369_0,C95_EColi4369_0,C90_EColi4369_0,C70_EColi4369_0,C50_EColi4369_0,C40_EColi4369_0,C30_EColi4369_0
EColi4370_0,C95_EColi4370_0,C90_EColi4370_0,C70_EColi4370_0,C50_EColi4370_0,C40_EColi6254_1,C30_EColi6254_1
EColi4371_2,C95_EColi4371_2,C90_EColi4371_2,C70_EColi4371_2,C50_EColi4371_2,C40_EColi5396_2,C30_EColi2027_1
EColi4372_0,C95_EColi4372_0,C90_EColi4372_0,C70_EColi4372_0,C50_EColi4372_0,C40_EColi4372_0,C30_EColi4372_0
EColi4373_0,C95_EColi4373_0,C90_EColi4373_0,C70_EColi4373_0,C50_EColi4373_0,C40_EColi4373_0,C30_EColi5505_0
EColi4374_0,C95_EColi4374_0,C90_EColi4374_0,C70_EColi4374_0,C50_EColi4374_0,C40_EColi4374_0,C30_EColi4374_0
EColi4375_0,C95_EColi4375_0,C90_EColi4375_0,C70_EColi4375_0,C50_EColi4375_0,C40_EColi4375_0,C30_EColi4375_0
EColi4376_0,C95_EColi4376_0,C90_EColi4376_0,C70_EColi4376_0,C50_EColi4376_0,C40_EColi4376_0,C30_EColi4376_0
EColi4377_2,C95_EColi4377_2,C90_EColi4377_2,C70_EColi4377_2,C50_EColi4377_2,C40_EColi69_1,C30_EColi69_1
EColi4378_0,C95_EColi4378_0,C90_EColi4378_0,C70_EColi4378_0,C50_EColi4378_0,C40_EColi5506_0,C30_EColi5506_0
EColi4379_0,C95_EColi4379_0,C90_EColi4379_0,C70_EColi4379_0,C50_EColi4379_0,C40_EColi4379_0,C30_EColi4379_0
EColi4380_0,C95_EColi4380_0,C90_EColi4380_0,C70_EColi4380_0,C50_EColi4380_0,C40_EColi4380_0,C30_EColi4380_0
EColi4381_0,C95_EColi4381_0,C90_EColi4381_0,C70_EColi4381_0,C50_EColi80_1,C40_EColi80_1,C30_EColi5043_0
EColi4382_0,C95_EColi4382_0,C90_EColi4382_0,C70_EColi4382_0,C50_EColi4382_0,C40_EColi100_0,C30_EColi1596_1
EColi4383_0,C95_EColi4383_0,C90_EColi4383_0,C70_EColi4383_0,C50_EColi6326_1,C40_EColi5504_0,C30_EColi5504_0
EColi4384_0,C95_EColi4384_0,C90_EColi4384_0,C70_EColi4384_0,C50_EColi4384_0,C40_EColi4384_0,C30_EColi4384_0
EColi4385_0,C95_EColi4385_0,C90_EColi4385_0,C70_EColi4385_0,C50_EColi4385_0,C40_EColi4385_0,C30_EColi5387_0
EColi4386_0,C95_EColi4386_0,C90_EColi4386_0,C70_EColi4386_0,C50_EColi4386_0,C40_EColi4386_0,C30_EColi2818_2
EColi4387_0,C95_EColi4387_0,C90_EColi4387_0,C70_EColi4387_0,C50_EColi4387_0,C40_EColi4387_0,C30_EColi4387_0
EColi4388_0,C95_EColi4388_0,C90_EColi4388_0,C70_EColi4388_0,C50_EColi4729_0,C40_EColi5187_1,C30_EColi5187_1
EColi4389_0,C95_EColi4389_0,C90_EColi4389_0,C70_EColi4389_0,C50_EColi4389_0,C40_EColi4389_0,C30_EColi5567_0
EColi4390_2,C95_EColi4390_2,C90_EColi4390_2,C70_EColi4390_2,C50_EColi4390_2,C40_EColi4390_2,C30_EColi4390_2
EColi4391_0,C95_EColi4391_0,C90_EColi4391_0,C70_EColi4391_0,C50_EColi200_0,C40_EColi200_0,C30_EColi2901_2
EColi4392_0,C95_EColi4392_0,C90_EColi4392_0,C70_EColi4392_0,C50_EColi4392_0,C40_EColi4392_0,C30_EColi2764_2
EColi4393_0,C95_EColi4393_0,C90_EColi4393_0,C70_EColi4393_0,C50_EColi4393_0,C40_EColi4393_0,C30_EColi4393_0
EColi4394_0,C95_EColi4394_0,C90_EColi4394_0,C70_EColi4394_0,C50_EColi4394_0,C40_EColi4394_0,C30_EColi4394_0
EColi4395_0,C95_EColi4395_0,C90_EColi4395_0,C70_EColi4395_0,C50_EColi4395_0,C40_EColi4395_0,C30_EColi4395_0
EColi4396_1,C95_EColi4396_1,C90_EColi4396_1,C70_EColi4396_1,C50_EColi4396_1,C40_EColi4396_1,C30_EColi2267_0
EColi4397_1,C95_EColi4397_1,C90_EColi4397_1,C70_EColi4397_1,C50_EColi4397_1,C40_EColi4397_1,C30_EColi4397_1
EColi4398_1,C95_EColi4398_1,C90_EColi4398_1,C70_EColi4398_1,C50_EColi4255_2,C40_EColi4255_2,C30_EColi1349_2
EColi4399_2,C95_EColi4399_2,C90_EColi4399_2,C70_EColi4399_2,C50_EColi3477_2,C40_EColi3477_2,C30_EColi3477_2
EColi800_1,C95_EColi800_1,C90_EColi800_1,C70_EColi800_1,C50_EColi800_1,C40_EColi800_1,C30_EColi800_1
EColi801_0,C95_EColi801_0,C90_EColi801_0,C70_EColi801_0,C50_EColi801_0,C40_EColi801_0,C30_EColi801_0
EColi802_0,C95_EColi802_0,C90_EColi802_0,C70_EColi802_0,C50_EColi385_2,C40_EColi385_2,C30_EColi385_2
EColi803_2,C95_EColi803_2,C90_EColi803_2,C70_EColi803_2,C50_EColi803_2,C40_EColi803_2,C30_EColi803_2
EColi804_2,C95_EColi804_2,C90_EColi804_2,C70_EColi804_2,C50_EColi804_2,C40_EColi804_2,C30_EColi1406_2
EColi805_0,C95_EColi805_0,C90_EColi805_0,C70_EColi805_0,C50_EColi805_0,C40_EColi805_0,C30_EColi805_0
EColi806_0,C95_EColi806_0,C90_EColi806_0,C70_EColi806_0,C50_EColi806_0,C40_EColi806_0,C30_EColi806_0
EColi807_2,C95_EColi807_2,C90_EColi807_2,C70_EColi807_2,C50_EColi807_2,C40_EColi807_2,C30_EColi807_2
EColi808_1,C95_EColi808_1,C90_EColi808_1,C70_EColi808_1,C50_EColi937_2,C40_EColi937_2,C30_EColi937_2
EColi809_2,C95_EColi809_2,C90_EColi809_2,C70_EColi809_2,C50_EColi809_2,C40_EColi809_2,C30_EColi809_2
EColi810_0,C95_EColi810_0,C90_EColi810_0,C70_EColi810_0,C50_EColi810_0,C40_EColi810_0,C30_EColi810_0
EColi811_2,C95_EColi811_2,C90_EColi811_2,C70_EColi811_2,C50_EColi4756_0,C40_EColi4756_0,C30_EColi2228_2
EColi812_1,C95_EColi812_1,C90_EColi812_1,C70_EColi812_1,C50_EColi812_1,C40_EColi812_1,C30_EColi812_1
EColi813_0,C95_EColi813_0,C90_EColi813_0,C70_EColi813_0,C50_EColi813_0,C40_EColi813_0,C30_EColi813_0
EColi814_2,C95_EColi814_2,C90_EColi814_2,C70_EColi814_2,C50_EColi814_2,C40_EColi814_2,C30_EColi814_2
EColi815_2,C95_EColi815_2,C90_EColi815_2,C70_EColi815_2,C50_EColi815_2,C40_EColi5873_2,C30_EColi5873_2
EColi816_0,C95_EColi816_0,C90_EColi816_0,C70_EColi816_0,C50_EColi816_0,C40_EColi816_0,C30_EColi816_0
EColi817_2,C95_EColi817_2,C90_EColi817_2,C70_EColi817_2,C50_EColi817_2,C40_EColi817_2,C30_EColi817_2
EColi818_1,C95_EColi818_1,C90_EColi818_1,C70_EColi818_1,C50_EColi818_1,C40_EColi2143_1,C30_EColi2143_1
EColi819_2,C95_EColi819_2,C90_EColi819_2,C70_EColi819_2,C50_EColi819_2,C40_EColi819_2,C30_EColi819_2
EColi820_0,C95_EColi820_0,C90_EColi820_0,C70_EColi820_0,C50_EColi820_0,C40_EColi4434_2,C30_EColi4434_2
EColi821_2,C95_EColi821_2,C90_EColi821_2,C70_EColi821_2,C50_EColi821_2,C40_EColi821_2,C30_EColi821_2
EColi822_1,C95_EColi822_1,C90_EColi822_1,C70_EColi822_1,C50_EColi822_1,C40_EColi822_1,C30_EColi822_1
EColi823_1,C95_EColi823_1,C90_EColi823_1,C70_EColi823_1,C50_EColi823_1,C40_EColi823_1,C30_EColi823_1
EColi824_2,C95_EColi824_2,C90_EColi824_2,C70_EColi824_2,C50_EColi824_2,C40_EColi824_2,C30_EColi824_2
EColi825_1,C95_EColi825_1,C90_EColi825_1,C70_EColi825_1,C50_EColi825_1,C40_EColi825_1,C30_EColi825_1
EColi826_2,C95_EColi826_2,C90_EColi826_2,C70_EColi826_2,C50_EColi826_2,C40_EColi826_2,C30_EColi826_2
EColi827_2,C95_EColi827_2,C90_EColi827_2,C70_EColi827_2,C50_EColi827_2,C40_EColi827_2,C30_EColi827_2
EColi828_2,C95_EColi828_2,C90_EColi828_2,C70_EColi828_2,C50_EColi828_2,C40_EColi828_2,C30_EColi828_2
EColi829_0,C95_EColi829_0,C90_EColi829_0,C70_EColi829_0,C50_EColi829_0,C40_EColi829_0,C30_EColi829_0
EColi830_1,C95_EColi830_1,C90_EColi830_1,C70_EColi830_1,C50_EColi830_1,C40_EColi830_1,C30_EColi830_1
EColi831_2,C95_EColi831_2,C90_EColi831_2,C70_EColi831_2,C50_EColi831_2,C40_EColi831_2,C30_EColi831_2
EColi832_2,C95_EColi832_2,C90_EColi832_2,C70_EColi832_2,C50_EColi832_2,C40_EColi832_2,C30_EColi832_2
EColi833_1,C95_EColi833_1,C90_EColi833_1,C70_EColi833_1,C50_EColi833_1,C40_EColi833_1,C30_EColi833_1
EColi834_0,C95_EColi834_0,C90_EColi834_0,C70_EColi834_0,C50_EColi834_0,C40_EColi834_0,C30_EColi834_0
EColi835_0,C95_EColi835_0,C90_EColi835_0,C70_EColi835_0,C50_EColi835_0,C40_EColi835_0,C30_EColi835_0
EColi836_0,C95_EColi836_0,C90_EColi836_0,C70_EColi836_0,C50_EColi836_0,C40_EColi836_0,C30_EColi836_0
EColi837_1,C95_EColi837_1,C90_EColi837_1,C70_EColi837_1,C50_EColi837_1,C40_EColi260_2,C30_EColi260_2
EColi838_2,C95_EColi838_2,C90_EColi838_2,C70_EColi838_2,C50_EColi838_2,C40_EColi838_2,C30_EColi838_2
EColi839_0,C95_EColi839_0,C90_EColi839_0,C70_EColi839_0,C50_EColi839_0,C40_EColi839_0,C30_EColi839_0
EColi840_0,C95_EColi840_0,C90_EColi840_0,C70_EColi840_0,C50_EColi840_0,C40_EColi840_0,C30_EColi840_0
EColi841_1,C95_EColi841_1,C90_EColi841_1,C70_EColi841_1,C50_EColi841_1,C40_EColi423_1,C30_EColi841_1
EColi842_2,C95_EColi842_2,C90_EColi842_2,C70_EColi842_2,C50_EColi842_2,C40_EColi855_2,C30_EColi849_1
EColi843_0,C95_EColi843_0,C90_EColi843_0,C70_EColi843_0,C50_EColi843_0,C40_EColi6263_0,C30_EColi6263_0
EColi844_0,C95_EColi844_0,C90_EColi844_0,C70_EColi844_0,C50_EColi844_0,C40_EColi3367_0,C30_EColi5373_0
EColi845_0,C95_EColi845_0,C90_EColi845_0,C70_EColi845_0,C50_EColi845_0,C40_EColi845_0,C30_EColi849_1
EColi846_1,C95_EColi846_1,C90_EColi846_1,C70_EColi846_1,C50_EColi846_1,C40_EColi846_1,C30_EColi846_1
EColi847_0,C95_EColi847_0,C90_EColi847_0,C70_EColi847_0,C50_EColi847_0,C40_EColi847_0,C30_EColi847_0
EColi848_1,C95_EColi848_1,C90_EColi848_1,C70_EColi848_1,C50_EColi848_1,C40_EColi848_1,C30_EColi848_1
EColi849_1,C95_EColi849_1,C90_EColi849_1,C70_EColi849_1,C50_EColi849_1,C40_EColi849_1,C30_EColi849_1
EColi850_1,C95_EColi850_1,C90_EColi850_1,C70_EColi850_1,C50_EColi850_1,C40_EColi850_1,C30_EColi854_0
EColi851_2,C95_EColi851_2,C90_EColi851_2,C70_EColi851_2,C50_EColi851_2,C40_EColi851_2,C30_EColi851_2
EColi852_1,C95_EColi852_1,C90_EColi852_1,C70_EColi852_1,C50_EColi852_1,C40_EColi849_1,C30_EColi849_1
EColi853_0,C95_EColi853_0,C90_EColi853_0,C70_EColi853_0,C50_EColi422_1,C40_EColi422_1,C30_EColi422_1
EColi854_0,C95_EColi854_0,C90_EColi854_0,C70_EColi854_0,C50_EColi854_0,C40_EColi854_0,C30_EColi854_0
EColi855_2,C95_EColi855_2,C90_EColi855_2,C70_EColi855_2,C50_EColi852_1,C40_EColi855_2,C30_EColi849_1
EColi856_0,C95_EColi856_0,C90_EColi856_0,C70_EColi856_0,C50_EColi856_0,C40_EColi422_1,C30_EColi422_1
EColi857_0,C95_EColi857_0,C90_EColi857_0,C70_EColi857_0,C50_EColi857_0,C40_EColi857_0,C30_EColi857_0
EColi858_1,C95_EColi858_1,C90_EColi858_1,C70_EColi858_1,C50_EColi858_1,C40_EColi858_1,C30_EColi858_1
EColi859_2,C95_EColi859_2,C90_EColi859_2,C70_EColi859_2,C50_EColi859_2,C40_EColi859_2,C30_EColi859_2
EColi860_0,C95_EColi860_0,C90_EColi860_0,C70_EColi860_0,C50_EColi860_0,C40_EColi2499_1,C30_EColi2499_1
EColi861_1,C95_EColi861_1,C90_EColi861_1,C70_EColi861_1,C50_EColi861_1,C40_EColi861_1,C30_EColi861_1
EColi862_1,C95_EColi862_1,C90_EColi862_1,C70_EColi862_1,C50_EColi862_1,C40_EColi862_1,C30_EColi862_1
EColi863_0,C95_EColi863_0,C90_EColi863_0,C70_EColi863_0,C50_EColi863_0,C40_EColi863_0,C30_EColi863_0
EColi864_0,C95_EColi864_0,C90_EColi864_0,C70_EColi864_0,C50_EColi864_0,C40_EColi864_0,C30_EColi864_0
EColi865_0,C95_EColi865_0,C90_EColi865_0,C70_EColi865_0,C50_EColi403_0,C40_EColi866_0,C30_EColi866_0
EColi866_0,C95_EColi866_0,C90_EColi866_0,C70_EColi866_0,C50_EColi866_0,C40_EColi866_0,C30_EColi866_0
EColi867_0,C95_EColi867_0,C90_EColi867_0,C70_EColi867_0,C50_EColi867_0,C40_EColi867_0,C30_EColi867_0
EColi868_0,C95_EColi868_0,C90_EColi868_0,C70_EColi868_0,C50_EColi868_0,C40_EColi868_0,C30_EColi868_0
EColi869_1,C95_EColi869_1,C90_EColi869_1,C70_EColi869_1,C50_EColi869_1,C40_EColi869_1,C30_EColi869_1
EColi870_2,C95_EColi870_2,C90_EColi870_2,C70_EColi870_2,C50_EColi870_2,C40_EColi1775_1,C30_EColi5043_0
EColi871_2,C95_EColi871_2,C90_EColi871_2,C70_EColi871_2,C50_EColi871_2,C40_EColi871_2,C30_EColi3578_1
EColi872_1,C95_EColi872_1,C90_EColi872_1,C70_EColi872_1,C50_EColi872_1,C40_EColi872_1,C30_EColi1778_2
EColi873_1,C95_EColi873_1,C90_EColi873_1,C70_EColi873_1,C50_EColi873_1,C40_EColi873_1,C30_EColi873_1
EColi874_1,C95_EColi874_1,C90_EColi874_1,C70_EColi874_1,C50_EColi874_1,C40_EColi874_1,C30_EColi874_1
EColi875_0,C95_EColi875_0,C90_EColi875_0,C70_EColi875_0,C50_EColi875_0,C40_EColi875_0,C30_EColi875_0
EColi876_1,C95_EColi876_1,C90_EColi876_1,C70_EColi876_1,C50_EColi876_1,C40_EColi876_1,C30_EColi876_1
EColi877_2,C95_EColi877_2,C90_EColi877_2,C70_EColi877_2,C50_EColi877_2,C40_EColi877_2,C30_EColi877_2
EColi878_1,C95_EColi878_1,C90_EColi878_1,C70_EColi878_1,C50_EColi878_1,C40_EColi878_1,C30_EColi878_1
EColi879_0,C95_EColi879_0,C90_EColi879_0,C70_EColi879_0,C50_EColi879_0,C40_EColi879_0,C30_EColi879_0
EColi880_0,C95_EColi880_0,C90_EColi880_0,C70_EColi880_0,C50_EColi880_0,C40_EColi880_0,C30_EColi880_0
EColi881_0,C95_EColi881_0,C90_EColi881_0,C70_EColi881_0,C50_EColi881_0,C40_EColi881_0,C30_EColi881_0
EColi882_0,C95_EColi882_0,C90_EColi882_0,C70_EColi882_0,C50_EColi882_0,C40_EColi882_0,C30_EColi882_0
EColi883_0,C95_EColi883_0,C90_EColi883_0,C70_EColi883_0,C50_EColi883_0,C40_EColi883_0,C30_EColi734_2
EColi884_0,C95_EColi884_0,C90_EColi884_0,C70_EColi884_0,C50_EColi457_2,C40_EColi3583_1,C30_EColi1650_1
EColi885_0,C95_EColi885_0,C90_EColi885_0,C70_EColi885_0,C50_EColi885_0,C40_EColi455_2,C30_EColi44_0
EColi886_2,C95_EColi886_2,C90_EColi886_2,C70_EColi886_2,C50_EColi886_2,C40_EColi886_2,C30_EColi886_2
EColi887_0,C95_EColi887_0,C90_EColi887_0,C70_EColi887_0,C50_EColi887_0,C40_EColi887_0,C30_EColi889_1
EColi888_1,C95_EColi888_1,C90_EColi888_1,C70_EColi888_1,C50_EColi888_1,C40_EColi888_1,C30_EColi888_1
EColi889_1,C95_EColi889_1,C90_EColi889_1,C70_EColi889_1,C50_EColi889_1,C40_EColi889_1,C30_EColi889_1
EColi890_2,C95_EColi890_2,C90_EColi890_2,C70_EColi890_2,C50_EColi1607_1,C40_EColi1607_1,C30_EColi3083_2
EColi891_2,C95_EColi891_2,C90_EColi891_2,C70_EColi891_2,C50_EColi891_2,C40_EColi5309_0,C30_EColi5309_0
EColi892_1,C95_EColi892_1,C90_EColi892_1,C70_EColi892_1,C50_EColi892_1,C40_EColi892_1,C30_EColi1349_2
EColi893_0,C95_EColi893_0,C90_EColi893_0,C70_EColi893_0,C50_EColi893_0,C40_EColi893_0,C30_EColi893_0
EColi894_1,C95_EColi894_1,C90_EColi894_1,C70_EColi894_1,C50_EColi894_1,C40_EColi894_1,C30_EColi894_1
EColi895_0,C95_EColi895_0,C90_EColi895_0,C70_EColi895_0,C50_EColi895_0,C40_EColi895_0,C30_EColi895_0
EColi896_2,C95_EColi896_2,C90_EColi896_2,C70_EColi896_2,C50_EColi896_2,C40_EColi896_2,C30_EColi896_2
EColi897_1,C95_EColi897_1,C90_EColi897_1,C70_EColi897_1,C50_EColi897_1,C40_EColi897_1,C30_EColi897_1
EColi898_1,C95_EColi898_1,C90_EColi898_1,C70_EColi898_1,C50_EColi898_1,C40_EColi4687_2,C30_EColi231_2
EColi899_0,C95_EColi899_0,C90_EColi899_0,C70_EColi899_0,C50_EColi899_0,C40_EColi899_0,C30_EColi899_0
EColi1000_1,C95_EColi1000_1,C90_EColi1000_1,C70_EColi1000_1,C50_EColi1000_1,C40_EColi1000_1,C30_EColi1000_1
EColi1001_0,C95_EColi1001_0,C90_EColi1001_0,C70_EColi1001_0,C50_EColi1001_0,C40_EColi1001_0,C30_EColi1001_0
EColi1002_0,C95_EColi1002_0,C90_EColi1002_0,C70_EColi1002_0,C50_EColi6304_1,C40_EColi5893_2,C30_EColi5893_2
EColi1003_1,C95_EColi1003_1,C90_EColi1003_1,C70_EColi1003_1,C50_EColi1003_1,C40_EColi1003_1,C30_EColi1003_1
EColi1004_1,C95_EColi1004_1,C90_EColi1004_1,C70_EColi1004_1,C50_EColi1004_1,C40_EColi1004_1,C30_EColi1004_1
EColi1005_2,C95_EColi1005_2,C90_EColi1005_2,C70_EColi1005_2,C50_EColi1326_0,C40_EColi1326_0,C30_EColi4366_0
EColi1006_2,C95_EColi1006_2,C90_EColi1006_2,C70_EColi1006_2,C50_EColi1006_2,C40_EColi1006_2,C30_EColi1006_2
EColi1007_1,C95_EColi1007_1,C90_EColi1007_1,C70_EColi1007_1,C50_EColi1007_1,C40_EColi1007_1,C30_EColi1007_1
EColi1008_0,C95_EColi1008_0,C90_EColi1008_0,C70_EColi1008_0,C50_EColi1008_0,C40_EColi1008_0,C30_EColi1008_0
EColi1009_1,C95_EColi1009_1,C90_EColi1009_1,C70_EColi1009_1,C50_EColi1009_1,C40_EColi1009_1,C30_EColi1009_1
EColi1010_2,C95_EColi1010_2,C90_EColi1010_2,C70_EColi1010_2,C50_EColi3681_1,C40_EColi3681_1,C30_EColi3681_1
EColi1011_0,C95_EColi1011_0,C90_EColi1011_0,C70_EColi1011_0,C50_EColi1011_0,C40_EColi1011_0,C30_EColi1011_0
EColi1012_1,C95_EColi1012_1,C90_EColi1012_1,C70_EColi1012_1,C50_EColi1012_1,C40_EColi1327_2,C30_EColi3381_1
EColi1013_0,C95_EColi1013_0,C90_EColi1013_0,C70_EColi1013_0,C50_EColi1013_0,C40_EColi1013_0,C30_EColi1013_0
EColi1014_1,C95_EColi1014_1,C90_EColi1014_1,C70_EColi1014_1,C50_EColi1014_1,C40_EColi527_0,C30_EColi527_0
EColi1015_0,C95_EColi1015_0,C90_EColi1015_0,C70_EColi1015_0,C50_EColi1015_0,C40_EColi1015_0,C30_EColi2918_0
EColi1016_0,C95_EColi1016_0,C90_EColi1016_0,C70_EColi1016_0,C50_EColi1016_0,C40_EColi1016_0,C30_EColi1016_0
EColi1017_0,C95_EColi1017_0,C90_EColi1017_0,C70_EColi1017_0,C50_EColi1017_0,C40_EColi1017_0,C30_EColi1017_0
EColi1018_0,C95_EColi1018_0,C90_EColi1018_0,C70_EColi1018_0,C50_EColi1018_0,C40_EColi1018_0,C30_EColi1018_0
EColi1019_0,C95_EColi1019_0,C90_EColi1019_0,C70_EColi1019_0,C50_EColi1019_0,C40_EColi1019_0,C30_EColi1335_1
EColi1020_2,C95_EColi1020_2,C90_EColi1020_2,C70_EColi1020_2,C50_EColi1020_2,C40_EColi1020_2,C30_EColi2105_2
EColi1021_1,C95_EColi1021_1,C90_EColi1021_1,C70_EColi1021_1,C50_EColi1021_1,C40_EColi4305_0,C30_EColi3578_1
EColi1022_0,C95_EColi1022_0,C90_EColi1022_0,C70_EColi1022_0,C50_EColi1022_0,C40_EColi5338_1,C30_EColi5338_1
EColi1023_0,C95_EColi1023_0,C90_EColi1023_0,C70_EColi1023_0,C50_EColi1023_0,C40_EColi2823_2,C30_EColi2823_2
EColi1024_2,C95_EColi1024_2,C90_EColi1024_2,C70_EColi1024_2,C50_EColi1024_2,C40_EColi1024_2,C30_EColi1024_2
EColi1025_0,C95_EColi1025_0,C90_EColi1025_0,C70_EColi1025_0,C50_EColi4247_0,C40_EColi2642_1,C30_EColi2642_1
EColi1026_0,C95_EColi1026_0,C90_EColi1026_0,C70_EColi1026_0,C50_EColi1026_0,C40_EColi2703_1,C30_EColi1196_2
EColi1027_0,C95_EColi1027_0,C90_EColi1027_0,C70_EColi1027_0,C50_EColi1027_0,C40_EColi1027_0,C30_EColi327_1
EColi1028_2,C95_EColi1028_2,C90_EColi1028_2,C70_EColi1028_2,C50_EColi1028_2,C40_EColi1028_2,C30_EColi1028_2
EColi1029_1,C95_EColi1029_1,C90_EColi1029_1,C70_EColi1029_1,C50_EColi105_1,C40_EColi105_1,C30_EColi105_1
EColi1030_0,C95_EColi1030_0,C90_EColi1030_0,C70_EColi1030_0,C50_EColi1030_0,C40_EColi1030_0,C30_EColi743_1
EColi1031_0,C95_EColi1031_0,C90_EColi1031_0,C70_EColi1031_0,C50_EColi1031_0,C40_EColi1031_0,C30_EColi1031_0
EColi1032_1,C95_EColi1032_1,C90_EColi1032_1,C70_EColi1032_1,C50_EColi1032_1,C40_EColi1032_1,C30_EColi1032_1
EColi1033_1,C95_EColi1033_1,C90_EColi1033_1,C70_EColi1033_1,C50_EColi1033_1,C40_EColi1033_1,C30_EColi1033_1
EColi1034_2,C95_EColi1034_2,C90_EColi1034_2,C70_EColi1034_2,C50_EColi587_2,C40_EColi1342_2,C30_EColi1342_2
EColi1035_1,C95_EColi1035_1,C90_EColi1035_1,C70_EColi1035_1,C50_EColi1035_1,C40_EColi1035_1,C30_EColi1035_1
EColi1036_0,C95_EColi1036_0,C90_EColi1036_0,C70_EColi1036_0,C50_EColi1036_0,C40_EColi1036_0,C30_EColi4180_1
EColi1037_0,C95_EColi1037_0,C90_EColi1037_0,C70_EColi1037_0,C50_EColi1037_0,C40_EColi1037_0,C30_EColi1037_0
EColi1038_0,C95_EColi1038_0,C90_EColi1038_0,C70_EColi1038_0,C50_EColi1038_0,C40_EColi1038_0,C30_EColi635_0
EColi1039_2,C95_EColi1039_2,C90_EColi1039_2,C70_EColi1039_2,C50_EColi6339_1,C40_EColi6339_1,C30_EColi6339_1
EColi1040_0,C95_EColi1040_0,C90_EColi1040_0,C70_EColi1040_0,C50_EColi1040_0,C40_EColi1040_0,C30_EColi1040_0
EColi1041_2,C95_EColi1041_2,C90_EColi1041_2,C70_EColi1041_2,C50_EColi1041_2,C40_EColi2875_2,C30_EColi2875_2
EColi1042_0,C95_EColi1042_0,C90_EColi1042_0,C70_EColi1042_0,C50_EColi1042_0,C40_EColi1042_0,C30_EColi702_1
EColi1043_1,C95_EColi1043_1,C90_EColi1043_1,C70_EColi1043_1,C50_EColi1043_1,C40_EColi5081_0,C30_EColi1043_1
EColi1044_2,C95_EColi1044_2,C90_EColi1044_2,C70_EColi1044_2,C50_EColi1044_2,C40_EColi2859_2,C30_EColi2653_2
EColi1045_1,C95_EColi1045_1,C90_EColi1045_1,C70_EColi1045_1,C50_EColi1045_1,C40_EColi1045_1,C30_EColi4056_2
EColi1046_0,C95_EColi1046_0,C90_EColi1046_0,C70_EColi1046_0,C50_EColi1046_0,C40_EColi1046_0,C30_EColi4855_0
EColi1047_0,C95_EColi1047_0,C90_EColi1047_0,C70_EColi1047_0,C50_EColi570_0,C40_EColi570_0,C30_EColi570_0
EColi1048_1,C95_EColi1048_1,C90_EColi1048_1,C70_EColi1048_1,C50_EColi1048_1,C40_EColi1048_1,C30_EColi1049_0
EColi1049_0,C95_EColi1049_0,C90_EColi1049_0,C70_EColi1049_0,C50_EColi1049_0,C40_EColi1049_0,C30_EColi1049_0
EColi1050_0,C95_EColi1050_0,C90_EColi1050_0,C70_EColi1050_0,C50_EColi1050_0,C40_EColi1050_0,C30_EColi1745_2
EColi1051_2,C95_EColi1051_2,C90_EColi1051_2,C70_EColi1051_2,C50_EColi1051_2,C40_EColi723_0,C30_EColi5505_0
EColi1052_0,C95_EColi1052_0,C90_EColi1052_0,C70_EColi1052_0,C50_EColi1052_0,C40_EColi1052_0,C30_EColi5758_1
EColi1053_0,C95_EColi1053_0,C90_EColi1053_0,C70_EColi1053_0,C50_EColi1053_0,C40_EColi1050_0,C30_EColi1745_2
EColi1054_1,C95_EColi1054_1,C90_EColi1054_1,C70_EColi1054_1,C50_EColi1054_1,C40_EColi1054_1,C30_EColi1054_1
EColi1055_0,C95_EColi1055_0,C90_EColi1055_0,C70_EColi1055_0,C50_EColi1055_0,C40_EColi1055_0,C30_EColi1055_0
EColi1056_1,C95_EColi1056_1,C90_EColi1056_1,C70_EColi1056_1,C50_EColi1056_1,C40_EColi200_0,C30_EColi2901_2
EColi1057_0,C95_EColi1057_0,C90_EColi1057_0,C70_EColi1057_0,C50_EColi1057_0,C40_EColi2475_2,C30_EColi5295_1
EColi1058_0,C95_EColi1058_0,C90_EColi1058_0,C70_EColi1058_0,C50_EColi1058_0,C40_EColi1058_0,C30_EColi1058_0
EColi1059_2,C95_EColi1059_2,C90_EColi1059_2,C70_EColi1059_2,C50_EColi1059_2,C40_EColi1059_2,C30_EColi1059_2
EColi1060_2,C95_EColi1060_2,C90_EColi1060_2,C70_EColi1060_2,C50_EColi65_0,C40_EColi65_0,C30_EColi65_0
EColi1061_1,C95_EColi1061_1,C90_EColi1061_1,C70_EColi1061_1,C50_EColi1061_1,C40_EColi1061_1,C30_EColi1061_1
EColi1062_1,C95_EColi1062_1,C90_EColi1062_1,C70_EColi1062_1,C50_EColi1062_1,C40_EColi609_1,C30_EColi609_1
EColi1063_1,C95_EColi1063_1,C90_EColi1063_1,C70_EColi1063_1,C50_EColi1063_1,C40_EColi1064_0,C30_EColi1064_0
EColi1064_0,C95_EColi1064_0,C90_EColi1064_0,C70_EColi1064_0,C50_EColi1064_0,C40_EColi1064_0,C30_EColi1064_0
EColi1065_0,C95_EColi1065_0,C90_EColi1065_0,C70_EColi1065_0,C50_EColi1065_0,C40_EColi1065_0,C30_EColi1065_0
EColi1066_0,C95_EColi1066_0,C90_EColi1066_0,C70_EColi1066_0,C50_EColi1066_0,C40_EColi63_0,C30_EColi613_0
EColi1067_1,C95_EColi1067_1,C90_EColi1067_1,C70_EColi1067_1,C50_EColi1067_1,C40_EColi1067_1,C30_EColi1067_1
EColi1068_0,C95_EColi1068_0,C90_EColi1068_0,C70_EColi1068_0,C50_EColi1068_0,C40_EColi1068_0,C30_EColi1068_0
EColi1069_0,C95_EColi1069_0,C90_EColi1069_0,C70_EColi1069_0,C50_EColi1069_0,C40_EColi1069_0,C30_EColi674_0
EColi1070_1,C95_EColi1070_1,C90_EColi1070_1,C70_EColi1070_1,C50_EColi1070_1,C40_EColi1070_1,C30_EColi2192_2
EColi1071_1,C95_EColi1071_1,C90_EColi1071_1,C70_EColi1071_1,C50_EColi1071_1,C40_EColi1071_1,C30_EColi1071_1
EColi1072_0,C95_EColi1072_0,C90_EColi1072_0,C70_EColi1072_0,C50_EColi1072_0,C40_EColi1072_0,C30_EColi5908_0
EColi1073_0,C95_EColi1073_0,C90_EColi1073_0,C70_EColi1073_0,C50_EColi1073_0,C40_EColi2817_2,C30_EColi2817_2
EColi1074_0,C95_EColi1074_0,C90_EColi1074_0,C70_EColi1074_0,C50_EColi1074_0,C40_EColi1074_0,C30_EColi4518_0
EColi1075_2,C95_EColi1075_2,C90_EColi1075_2,C70_EColi1075_2,C50_EColi1075_2,C40_EColi1075_2,C30_EColi2321_0
EColi1076_0,C95_EColi1076_0,C90_EColi1076_0,C70_EColi1076_0,C50_EColi1076_0,C40_EColi1076_0,C30_EColi1076_0
EColi1077_2,C95_EColi1077_2,C90_EColi1077_2,C70_EColi1077_2,C50_EColi1077_2,C40_EColi1077_2,C30_EColi5674_2
EColi1078_2,C95_EColi1078_2,C90_EColi1078_2,C70_EColi1078_2,C50_EColi1078_2,C40_EColi1078_2,C30_EColi1178_1
EColi1079_1,C95_EColi1079_1,C90_EColi1079_1,C70_EColi1079_1,C50_EColi1079_1,C40_EColi1079_1,C30_EColi5526_2
EColi1080_2,C95_EColi1080_2,C90_EColi1080_2,C70_EColi1080_2,C50_EColi1080_2,C40_EColi1080_2,C30_EColi1080_2
EColi1081_0,C95_EColi1081_0,C90_EColi1081_0,C70_EColi1081_0,C50_EColi1081_0,C40_EColi1081_0,C30_EColi1081_0
EColi1082_2,C95_EColi1082_2,C90_EColi1082_2,C70_EColi1082_2,C50_EColi1082_2,C40_EColi1082_2,C30_EColi1082_2
EColi1083_1,C95_EColi1083_1,C90_EColi1083_1,C70_EColi1083_1,C50_EColi1083_1,C40_EColi3004_0,C30_EColi3004_0
EColi1084_1,C95_EColi1084_1,C90_EColi1084_1,C70_EColi1084_1,C50_EColi1084_1,C40_EColi1084_1,C30_EColi1084_1
EColi1085_1,C95_EColi1085_1,C90_EColi1085_1,C70_EColi1085_1,C50_EColi1088_1,C40_EColi1088_1,C30_EColi1088_1
EColi1086_0,C95_EColi1086_0,C90_EColi1086_0,C70_EColi1086_0,C50_EColi1086_0,C40_EColi1086_0,C30_EColi1086_0
EColi1087_0,C95_EColi1087_0,C90_EColi1087_0,C70_EColi1087_0,C50_EColi1087_0,C40_EColi1087_0,C30_EColi1087_0
EColi1088_1,C95_EColi1088_1,C90_EColi1088_1,C70_EColi1088_1,C50_EColi1088_1,C40_EColi1088_1,C30_EColi1088_1
EColi1089_1,C95_EColi1089_1,C90_EColi1089_1,C70_EColi1089_1,C50_EColi1088_1,C40_EColi1088_1,C30_EColi1088_1
EColi1090_0,C95_EColi1090_0,C90_EColi1090_0,C70_EColi1090_0,C50_EColi1090_0,C40_EColi1090_0,C30_EColi1090_0
EColi1091_0,C95_EColi1091_0,C90_EColi1091_0,C70_EColi1091_0,C50_EColi1091_0,C40_EColi1091_0,C30_EColi1091_0
EColi1092_0,C95_EColi1092_0,C90_EColi1092_0,C70_EColi1092_0,C50_EColi1092_0,C40_EColi1092_0,C30_EColi1092_0
EColi1093_2,C95_EColi1093_2,C90_EColi1093_2,C70_EColi1093_2,C50_EColi1093_2,C40_EColi1192_2,C30_EColi1192_2
EColi1094_0,C95_EColi1094_0,C90_EColi1094_0,C70_EColi1094_0,C50_EColi1094_0,C40_EColi1094_0,C30_EColi1094_0
EColi1095_2,C95_EColi1095_2,C90_EColi1095_2,C70_EColi1095_2,C50_EColi1095_2,C40_EColi1095_2,C30_EColi1095_2
EColi1096_2,C95_EColi1096_2,C90_EColi1096_2,C70_EColi1096_2,C50_EColi1096_2,C40_EColi1096_2,C30_EColi1096_2
EColi1097_2,C95_EColi1097_2,C90_EColi1097_2,C70_EColi1097_2,C50_EColi1196_2,C40_EColi1196_2,C30_EColi1196_2
EColi1098_0,C95_EColi1098_0,C90_EColi1098_0,C70_EColi1098_0,C50_EColi1098_0,C40_EColi1201_1,C30_EColi1201_1
EColi1099_0,C95_EColi1099_0,C90_EColi1099_0,C70_EColi1099_0,C50_EColi1099_0,C40_EColi1099_0,C30_EColi1099_0
EColi1400_1,C95_EColi1400_1,C90_EColi1400_1,C70_EColi1400_1,C50_EColi1400_1,C40_EColi1400_1,C30_EColi1400_1
EColi1401_1,C95_EColi1401_1,C90_EColi1401_1,C70_EColi1401_1,C50_EColi1401_1,C40_EColi1401_1,C30_EColi6314_1
EColi1402_2,C95_EColi1402_2,C90_EColi1402_2,C70_EColi1402_2,C50_EColi1402_2,C40_EColi1402_2,C30_EColi987_2
EColi1403_2,C95_EColi1403_2,C90_EColi1403_2,C70_EColi1403_2,C50_EColi1403_2,C40_EColi1403_2,C30_EColi901_0
EColi1404_1,C95_EColi1404_1,C90_EColi1404_1,C70_EColi1404_1,C50_EColi1404_1,C40_EColi1404_1,C30_EColi1404_1
EColi1405_0,C95_EColi1405_0,C90_EColi1405_0,C70_EColi1405_0,C50_EColi1405_0,C40_EColi1405_0,C30_EColi1405_0
EColi1406_2,C95_EColi1406_2,C90_EColi1406_2,C70_EColi1406_2,C50_EColi1406_2,C40_EColi1406_2,C30_EColi1406_2
EColi1407_1,C95_EColi1407_1,C90_EColi1407_1,C70_EColi1407_1,C50_EColi1407_1,C40_EColi1407_1,C30_EColi159_2
EColi1408_2,C95_EColi1408_2,C90_EColi1408_2,C70_EColi1408_2,C50_EColi1408_2,C40_EColi1408_2,C30_EColi3103_1
EColi1409_2,C95_EColi1409_2,C90_EColi1409_2,C70_EColi1409_2,C50_EColi1409_2,C40_EColi1409_2,C30_EColi1409_2
EColi1410_2,C95_EColi1410_2,C90_EColi1410_2,C70_EColi1410_2,C50_EColi1410_2,C40_EColi1410_2,C30_EColi1410_2
EColi1411_2,C95_EColi1411_2,C90_EColi1411_2,C70_EColi1411_2,C50_EColi1411_2,C40_EColi1411_2,C30_EColi5558_1
EColi1412_0,C95_EColi1412_0,C90_EColi1412_0,C70_EColi1412_0,C50_EColi1412_0,C40_EColi258_2,C30_EColi660_0
EColi1413_1,C95_EColi1413_1,C90_EColi1413_1,C70_EColi1413_1,C50_EColi1413_1,C40_EColi1413_1,C30_EColi1068_0
EColi1414_1,C95_EColi1414_1,C90_EColi1414_1,C70_EColi1414_1,C50_EColi1414_1,C40_EColi1414_1,C30_EColi3733_0
EColi1415_2,C95_EColi1415_2,C90_EColi1415_2,C70_EColi1415_2,C50_EColi1415_2,C40_EColi1415_2,C30_EColi1415_2
EColi1416_1,C95_EColi1416_1,C90_EColi1416_1,C70_EColi1416_1,C50_EColi1416_1,C40_EColi1416_1,C30_EColi1416_1
EColi1417_0,C95_EColi1417_0,C90_EColi1417_0,C70_EColi1417_0,C50_EColi1417_0,C40_EColi1417_0,C30_EColi6127_2
EColi1418_0,C95_EColi1418_0,C90_EColi1418_0,C70_EColi1418_0,C50_EColi1418_0,C40_EColi1418_0,C30_EColi1418_0
EColi1419_2,C95_EColi1419_2,C90_EColi1419_2,C70_EColi1419_2,C50_EColi1419_2,C40_EColi1419_2,C30_EColi44_0
EColi1420_0,C95_EColi1420_0,C90_EColi1420_0,C70_EColi1420_0,C50_EColi1420_0,C40_EColi3127_0,C30_EColi3127_0
EColi1421_2,C95_EColi1421_2,C90_EColi1421_2,C70_EColi1421_2,C50_EColi1421_2,C40_EColi1421_2,C30_EColi1421_2
EColi1422_0,C95_EColi1422_0,C90_EColi1422_0,C70_EColi1422_0,C50_EColi1422_0,C40_EColi359_2,C30_EColi231_2
EColi1423_2,C95_EColi1423_2,C90_EColi1423_2,C70_EColi1423_2,C50_EColi1423_2,C40_EColi1423_2,C30_EColi1423_2
EColi1424_0,C95_EColi1424_0,C90_EColi1424_0,C70_EColi1424_0,C50_EColi1424_0,C40_EColi1424_0,C30_EColi1424_0
EColi1425_0,C95_EColi1425_0,C90_EColi1425_0,C70_EColi1425_0,C50_EColi1425_0,C40_EColi1425_0,C30_EColi1425_0
EColi1426_0,C95_EColi1426_0,C90_EColi1426_0,C70_EColi1426_0,C50_EColi327_1,C40_EColi4210_0,C30_EColi327_1
EColi1427_2,C95_EColi1427_2,C90_EColi1427_2,C70_EColi1427_2,C50_EColi1427_2,C40_EColi4573_2,C30_EColi6340_1
EColi1428_2,C95_EColi1428_2,C90_EColi1428_2,C70_EColi1428_2,C50_EColi1428_2,C40_EColi703_0,C30_EColi6340_1
EColi1429_1,C95_EColi1429_1,C90_EColi1429_1,C70_EColi1429_1,C50_EColi1429_1,C40_EColi1429_1,C30_EColi3517_0
EColi1430_1,C95_EColi1430_1,C90_EColi1430_1,C70_EColi1430_1,C50_EColi1430_1,C40_EColi3944_2,C30_EColi6340_1
EColi1431_1,C95_EColi1431_1,C90_EColi1431_1,C70_EColi1431_1,C50_EColi1431_1,C40_EColi1431_1,C30_EColi5232_1
EColi1432_0,C95_EColi1432_0,C90_EColi1432_0,C70_EColi1432_0,C50_EColi1432_0,C40_EColi1432_0,C30_EColi706_0
EColi1433_0,C95_EColi1433_0,C90_EColi1433_0,C70_EColi1433_0,C50_EColi1433_0,C40_EColi1433_0,C30_EColi1433_0
EColi1434_1,C95_EColi1434_1,C90_EColi1434_1,C70_EColi1434_1,C50_EColi1434_1,C40_EColi1434_1,C30_EColi1434_1
EColi1435_2,C95_EColi1435_2,C90_EColi1435_2,C70_EColi1435_2,C50_EColi1435_2,C40_EColi3180_2,C30_EColi4505_2
EColi1436_2,C95_EColi1436_2,C90_EColi1436_2,C70_EColi1436_2,C50_EColi1436_2,C40_EColi1436_2,C30_EColi1436_2
EColi1437_1,C95_EColi1437_1,C90_EColi1437_1,C70_EColi1437_1,C50_EColi1437_1,C40_EColi1437_1,C30_EColi1437_1
EColi1438_0,C95_EColi1438_0,C90_EColi1438_0,C70_EColi1438_0,C50_EColi3980_2,C40_EColi579_1,C30_EColi1801_0
EColi1439_0,C95_EColi1439_0,C90_EColi1439_0,C70_EColi1439_0,C50_EColi1439_0,C40_EColi1439_0,C30_EColi1439_0
EColi1440_1,C95_EColi1440_1,C90_EColi1440_1,C70_EColi1440_1,C50_EColi1440_1,C40_EColi1440_1,C30_EColi1440_1
EColi1441_2,C95_EColi1441_2,C90_EColi1441_2,C70_EColi1441_2,C50_EColi1441_2,C40_EColi4756_0,C30_EColi2228_2
EColi1442_1,C95_EColi1442_1,C90_EColi1442_1,C70_EColi1442_1,C50_EColi1442_1,C40_EColi1442_1,C30_EColi1442_1
EColi1443_0,C95_EColi1443_0,C90_EColi1443_0,C70_EColi1443_0,C50_EColi1443_0,C40_EColi1443_0,C30_EColi4061_2
EColi1444_1,C95_EColi1444_1,C90_EColi1444_1,C70_EColi1444_1,C50_EColi1444_1,C40_EColi1444_1,C30_EColi1444_1
EColi1445_2,C95_EColi1445_2,C90_EColi1445_2,C70_EColi1445_2,C50_EColi1445_2,C40_EColi1445_2,C30_EColi3195_2
EColi1446_0,C95_EColi1446_0,C90_EColi1446_0,C70_EColi1446_0,C50_EColi1446_0,C40_EColi1446_0,C30_EColi1446_0
EColi1447_0,C95_EColi1447_0,C90_EColi1447_0,C70_EColi1447_0,C50_EColi1447_0,C40_EColi1447_0,C30_EColi1447_0
EColi1448_0,C95_EColi1448_0,C90_EColi1448_0,C70_EColi1448_0,C50_EColi3381_1,C40_EColi3381_1,C30_EColi3381_1
EColi1449_1,C95_EColi1449_1,C90_EColi1449_1,C70_EColi1449_1,C50_EColi1449_1,C40_EColi1449_1,C30_EColi1449_1
EColi1450_2,C95_EColi1450_2,C90_EColi1450_2,C70_EColi1450_2,C50_EColi1450_2,C40_EColi1450_2,C30_EColi1450_2
EColi1451_2,C95_EColi1451_2,C90_EColi1451_2,C70_EColi1451_2,C50_EColi1451_2,C40_EColi1451_2,C30_EColi1451_2
EColi1452_2,C95_EColi1452_2,C90_EColi1452_2,C70_EColi1452_2,C50_EColi5284_1,C40_EColi5284_1,C30_EColi5284_1
EColi1453_2,C95_EColi1453_2,C90_EColi1453_2,C70_EColi1453_2,C50_EColi1453_2,C40_EColi1453_2,C30_EColi1453_2
EColi1454_2,C95_EColi1454_2,C90_EColi1454_2,C70_EColi1454_2,C50_EColi2105_2,C40_EColi2105_2,C30_EColi2105_2
EColi1455_0,C95_EColi1455_0,C90_EColi1455_0,C70_EColi1455_0,C50_EColi1455_0,C40_EColi1455_0,C30_EColi1455_0
EColi1456_0,C95_EColi1456_0,C90_EColi1456_0,C70_EColi1456_0,C50_EColi1456_0,C40_EColi1456_0,C30_EColi1456_0
EColi1457_1,C95_EColi1457_1,C90_EColi1457_1,C70_EColi1457_1,C50_EColi1457_1,C40_EColi3240_2,C30_EColi3240_2
EColi1458_1,C95_EColi1458_1,C90_EColi1458_1,C70_EColi1458_1,C50_EColi1458_1,C40_EColi1458_1,C30_EColi4624_0
EColi1459_2,C95_EColi1459_2,C90_EColi1459_2,C70_EColi1459_2,C50_EColi1459_2,C40_EColi3453_0,C30_EColi3453_0
EColi1460_1,C95_EColi1460_1,C90_EColi1460_1,C70_EColi1460_1,C50_EColi1460_1,C40_EColi1460_1,C30_EColi1460_1
EColi1461_0,C95_EColi1461_0,C90_EColi1461_0,C70_EColi1461_0,C50_EColi3452_2,C40_EColi3452_2,C30_EColi3452_2
EColi1462_2,C95_EColi1462_2,C90_EColi1462_2,C70_EColi1462_2,C50_EColi1462_2,C40_EColi440_2,C30_EColi440_2
EColi1463_0,C95_EColi1463_0,C90_EColi1463_0,C70_EColi1463_0,C50_EColi1463_0,C40_EColi1463_0,C30_EColi1463_0
EColi1464_0,C95_EColi1464_0,C90_EColi1464_0,C70_EColi1464_0,C50_EColi1464_0,C40_EColi1464_0,C30_EColi4348_0
EColi1465_0,C95_EColi1465_0,C90_EColi1465_0,C70_EColi1465_0,C50_EColi3458_2,C40_EColi2047_1,C30_EColi2825_2
EColi1466_1,C95_EColi1466_1,C90_EColi1466_1,C70_EColi1466_1,C50_EColi1466_1,C40_EColi4741_2,C30_EColi1466_1
EColi1467_2,C95_EColi1467_2,C90_EColi1467_2,C70_EColi1467_2,C50_EColi1467_2,C40_EColi1467_2,C30_EColi468_2
EColi1468_0,C95_EColi1468_0,C90_EColi1468_0,C70_EColi1468_0,C50_EColi1468_0,C40_EColi1468_0,C30_EColi1468_0
EColi1469_2,C95_EColi1469_2,C90_EColi1469_2,C70_EColi1469_2,C50_EColi1469_2,C40_EColi1469_2,C30_EColi1469_2
EColi1470_1,C95_EColi1470_1,C90_EColi1470_1,C70_EColi1470_1,C50_EColi1470_1,C40_EColi1470_1,C30_EColi1470_1
EColi1471_2,C95_EColi1471_2,C90_EColi1471_2,C70_EColi1471_2,C50_EColi1307_2,C40_EColi901_0,C30_EColi901_0
EColi1472_1,C95_EColi1472_1,C90_EColi1472_1,C70_EColi1472_1,C50_EColi1472_1,C40_EColi1472_1,C30_EColi1472_1
EColi1473_0,C95_EColi1473_0,C90_EColi1473_0,C70_EColi1473_0,C50_EColi1473_0,C40_EColi1473_0,C30_EColi1473_0
EColi1474_2,C95_EColi1474_2,C90_EColi1474_2,C70_EColi1474_2,C50_EColi1474_2,C40_EColi1288_2,C30_EColi1288_2
EColi1475_0,C95_EColi1475_0,C90_EColi1475_0,C70_EColi1475_0,C50_EColi1125_1,C40_EColi1125_1,C30_EColi1125_1
EColi1476_0,C95_EColi1476_0,C90_EColi1476_0,C70_EColi1476_0,C50_EColi1476_0,C40_EColi1476_0,C30_EColi1476_0
EColi1477_1,C95_EColi1477_1,C90_EColi1477_1,C70_EColi1477_1,C50_EColi1477_1,C40_EColi1477_1,C30_EColi3867_2
EColi1478_2,C95_EColi1478_2,C90_EColi1478_2,C70_EColi1478_2,C50_EColi1478_2,C40_EColi1478_2,C30_EColi1478_2
EColi1479_1,C95_EColi1479_1,C90_EColi1479_1,C70_EColi1479_1,C50_EColi1479_1,C40_EColi1479_1,C30_EColi3867_2
EColi1480_0,C95_EColi1480_0,C90_EColi1480_0,C70_EColi1480_0,C50_EColi1480_0,C40_EColi2952_1,C30_EColi2952_1
EColi1481_0,C95_EColi1481_0,C90_EColi1481_0,C70_EColi1481_0,C50_EColi1481_0,C40_EColi1481_0,C30_EColi1481_0
EColi1482_0,C95_EColi1482_0,C90_EColi1482_0,C70_EColi1482_0,C50_EColi998_2,C40_EColi998_2,C30_EColi998_2
EColi1483_0,C95_EColi1483_0,C90_EColi1483_0,C70_EColi1483_0,C50_EColi1483_0,C40_EColi1483_0,C30_EColi1483_0
EColi1484_1,C95_EColi1484_1,C90_EColi1484_1,C70_EColi1484_1,C50_EColi1484_1,C40_EColi1826_1,C30_EColi1826_1
EColi1485_0,C95_EColi1485_0,C90_EColi1485_0,C70_EColi1485_0,C50_EColi5692_1,C40_EColi2127_2,C30_EColi5769_1
EColi1486_0,C95_EColi1486_0,C90_EColi1486_0,C70_EColi1486_0,C50_EColi1486_0,C40_EColi1486_0,C30_EColi1486_0
EColi1487_2,C95_EColi1487_2,C90_EColi1487_2,C70_EColi1487_2,C50_EColi1487_2,C40_EColi1487_2,C30_EColi1487_2
EColi1488_0,C95_EColi1488_0,C90_EColi1488_0,C70_EColi1488_0,C50_EColi1488_0,C40_EColi1488_0,C30_EColi1488_0
EColi1489_0,C95_EColi1489_0,C90_EColi1489_0,C70_EColi1489_0,C50_EColi1489_0,C40_EColi1489_0,C30_EColi175_0
EColi1490_0,C95_EColi1490_0,C90_EColi1490_0,C70_EColi1490_0,C50_EColi1490_0,C40_EColi1490_0,C30_EColi1490_0
EColi1491_0,C95_EColi1491_0,C90_EColi1491_0,C70_EColi1491_0,C50_EColi1491_0,C40_EColi5893_2,C30_EColi5893_2
EColi1492_0,C95_EColi1492_0,C90_EColi1492_0,C70_EColi1492_0,C50_EColi1492_0,C40_EColi1492_0,C30_EColi5937_1
EColi1493_0,C95_EColi1493_0,C90_EColi1493_0,C70_EColi1493_0,C50_EColi1493_0,C40_EColi1308_0,C30_EColi1308_0
EColi1494_1,C95_EColi1494_1,C90_EColi1494_1,C70_EColi1494_1,C50_EColi1494_1,C40_EColi1494_1,C30_EColi1494_1
EColi1495_0,C95_EColi1495_0,C90_EColi1495_0,C70_EColi1495_0,C50_EColi1495_0,C40_EColi1495_0,C30_EColi2329_0
EColi1496_0,C95_EColi1496_0,C90_EColi1496_0,C70_EColi1496_0,C50_EColi1496_0,C40_EColi1496_0,C30_EColi1496_0
EColi1497_2,C95_EColi1497_2,C90_EColi1497_2,C70_EColi1497_2,C50_EColi1497_2,C40_EColi1215_2,C30_EColi1215_2
EColi1498_0,C95_EColi1498_0,C90_EColi1498_0,C70_EColi1498_0,C50_EColi1498_0,C40_EColi4435_1,C30_EColi356_1
EColi1499_1,C95_EColi1499_1,C90_EColi1499_1,C70_EColi1499_1,C50_EColi1499_1,C40_EColi1499_1,C30_EColi1499_1
EColi1500_2,C95_EColi1500_2,C90_EColi1500_2,C70_EColi1500_2,C50_EColi1500_2,C40_EColi1500_2,C30_EColi1500_2
EColi1501_2,C95_EColi1501_2,C90_EColi1501_2,C70_EColi1501_2,C50_EColi1501_2,C40_EColi1501_2,C30_EColi558_0
EColi1502_2,C95_EColi1502_2,C90_EColi1502_2,C70_EColi1502_2,C50_EColi5323_1,C40_EColi5323_1,C30_EColi4394_0
EColi1503_2,C95_EColi1503_2,C90_EColi1503_2,C70_EColi1503_2,C50_EColi1503_2,C40_EColi1504_0,C30_EColi1504_0
EColi1504_0,C95_EColi1504_0,C90_EColi1504_0,C70_EColi1504_0,C50_EColi1504_0,C40_EColi1504_0,C30_EColi1504_0
EColi1505_1,C95_EColi1505_1,C90_EColi1505_1,C70_EColi1505_1,C50_EColi1505_1,C40_EColi1505_1,C30_EColi2510_1
EColi1506_2,C95_EColi1506_2,C90_EColi1506_2,C70_EColi1506_2,C50_EColi1506_2,C40_EColi1506_2,C30_EColi4115_0
EColi1507_1,C95_EColi1507_1,C90_EColi1507_1,C70_EColi1507_1,C50_EColi1507_1,C40_EColi1507_1,C30_EColi1507_1
EColi1508_2,C95_EColi1508_2,C90_EColi1508_2,C70_EColi1508_2,C50_EColi1508_2,C40_EColi1508_2,C30_EColi1508_2
EColi1509_2,C95_EColi1509_2,C90_EColi1509_2,C70_EColi1509_2,C50_EColi1509_2,C40_EColi1509_2,C30_EColi1509_2
EColi1510_1,C95_EColi1510_1,C90_EColi1510_1,C70_EColi1510_1,C50_EColi1510_1,C40_EColi1510_1,C30_EColi1510_1
EColi1511_1,C95_EColi1511_1,C90_EColi1511_1,C70_EColi1511_1,C50_EColi1511_1,C40_EColi3267_0,C30_EColi4236_0
EColi1512_2,C95_EColi1512_2,C90_EColi1512_2,C70_EColi1512_2,C50_EColi1512_2,C40_EColi1512_2,C30_EColi6159_1
EColi1513_2,C95_EColi1513_2,C90_EColi1513_2,C70_EColi1513_2,C50_EColi1513_2,C40_EColi1513_2,C30_EColi1916_2
EColi1514_2,C95_EColi1514_2,C90_EColi1514_2,C70_EColi1514_2,C50_EColi1514_2,C40_EColi1514_2,C30_EColi1559_0
EColi1515_1,C95_EColi1515_1,C90_EColi1515_1,C70_EColi1515_1,C50_EColi1515_1,C40_EColi1515_1,C30_EColi1515_1
EColi1516_2,C95_EColi1516_2,C90_EColi1516_2,C70_EColi1516_2,C50_EColi1516_2,C40_EColi1516_2,C30_EColi1516_2
EColi1517_1,C95_EColi1517_1,C90_EColi1517_1,C70_EColi1517_1,C50_EColi1517_1,C40_EColi4387_0,C30_EColi4387_0
EColi1518_1,C95_EColi1518_1,C90_EColi1518_1,C70_EColi1518_1,C50_EColi1518_1,C40_EColi1518_1,C30_EColi1518_1
EColi1519_2,C95_EColi1519_2,C90_EColi1519_2,C70_EColi1519_2,C50_EColi1519_2,C40_EColi1519_2,C30_EColi1519_2
EColi1520_2,C95_EColi1520_2,C90_EColi1520_2,C70_EColi1520_2,C50_EColi1520_2,C40_EColi1520_2,C30_EColi1520_2
EColi1521_1,C95_EColi1521_1,C90_EColi1521_1,C70_EColi1521_1,C50_EColi1521_1,C40_EColi1521_1,C30_EColi1521_1
EColi1522_2,C95_EColi1522_2,C90_EColi1522_2,C70_EColi1522_2,C50_EColi1522_2,C40_EColi1522_2,C30_EColi1522_2
EColi1523_2,C95_EColi1523_2,C90_EColi1523_2,C70_EColi1523_2,C50_EColi1523_2,C40_EColi2823_2,C30_EColi2823_2
EColi1524_1,C95_EColi1524_1,C90_EColi1524_1,C70_EColi1524_1,C50_EColi1524_1,C40_EColi1524_1,C30_EColi1524_1
EColi1525_2,C95_EColi1525_2,C90_EColi1525_2,C70_EColi1525_2,C50_EColi1525_2,C40_EColi1525_2,C30_EColi1525_2
EColi1526_1,C95_EColi1526_1,C90_EColi1526_1,C70_EColi1526_1,C50_EColi117_2,C40_EColi117_2,C30_EColi1654_0
EColi1527_2,C95_EColi1527_2,C90_EColi1527_2,C70_EColi1527_2,C50_EColi1527_2,C40_EColi1527_2,C30_EColi1527_2
EColi1528_1,C95_EColi1528_1,C90_EColi1528_1,C70_EColi1528_1,C50_EColi1528_1,C40_EColi1528_1,C30_EColi1528_1
EColi1529_0,C95_EColi1529_0,C90_EColi1529_0,C70_EColi1529_0,C50_EColi1529_0,C40_EColi1529_0,C30_EColi1529_0
EColi1530_0,C95_EColi1530_0,C90_EColi1530_0,C70_EColi1530_0,C50_EColi1530_0,C40_EColi1530_0,C30_EColi1530_0
EColi1531_0,C95_EColi1531_0,C90_EColi1531_0,C70_EColi1531_0,C50_EColi1730_0,C40_EColi2082_1,C30_EColi231_2
EColi1532_2,C95_EColi1532_2,C90_EColi1532_2,C70_EColi1532_2,C50_EColi1532_2,C40_EColi1729_0,C30_EColi231_2
EColi1533_0,C95_EColi1533_0,C90_EColi1533_0,C70_EColi1533_0,C50_EColi1533_0,C40_EColi1533_0,C30_EColi5866_0
EColi1534_1,C95_EColi1534_1,C90_EColi1534_1,C70_EColi1534_1,C50_EColi1534_1,C40_EColi1534_1,C30_EColi1534_1
EColi1535_2,C95_EColi1535_2,C90_EColi1535_2,C70_EColi1535_2,C50_EColi1535_2,C40_EColi1535_2,C30_EColi1535_2
EColi1536_1,C95_EColi1536_1,C90_EColi1536_1,C70_EColi1536_1,C50_EColi1536_1,C40_EColi5335_1,C30_EColi239_0
EColi1537_1,C95_EColi1537_1,C90_EColi1537_1,C70_EColi1537_1,C50_EColi1537_1,C40_EColi1537_1,C30_EColi1537_1
EColi1538_1,C95_EColi1538_1,C90_EColi1538_1,C70_EColi1538_1,C50_EColi1538_1,C40_EColi1538_1,C30_EColi1538_1
EColi1539_0,C95_EColi1539_0,C90_EColi1539_0,C70_EColi1539_0,C50_EColi1539_0,C40_EColi1539_0,C30_EColi1539_0
EColi1540_0,C95_EColi1540_0,C90_EColi1540_0,C70_EColi1540_0,C50_EColi1540_0,C40_EColi1540_0,C30_EColi1540_0
EColi1541_2,C95_EColi1541_2,C90_EColi1541_2,C70_EColi1541_2,C50_EColi1541_2,C40_EColi1541_2,C30_EColi1541_2
EColi1542_1,C95_EColi1542_1,C90_EColi1542_1,C70_EColi1542_1,C50_EColi1542_1,C40_EColi1542_1,C30_EColi1542_1
EColi1543_0,C95_EColi1543_0,C90_EColi1543_0,C70_EColi1543_0,C50_EColi1543_0,C40_EColi1543_0,C30_EColi1543_0
EColi1544_2,C95_EColi1544_2,C90_EColi1544_2,C70_EColi1544_2,C50_EColi1544_2,C40_EColi1544_2,C30_EColi5758_1
EColi1545_2,C95_EColi1545_2,C90_EColi1545_2,C70_EColi1545_2,C50_EColi1545_2,C40_EColi1125_1,C30_EColi1125_1
EColi1546_2,C95_EColi1546_2,C90_EColi1546_2,C70_EColi1546_2,C50_EColi1546_2,C40_EColi1546_2,C30_EColi901_0
EColi1547_2,C95_EColi1547_2,C90_EColi1547_2,C70_EColi1547_2,C50_EColi1547_2,C40_EColi1547_2,C30_EColi1547_2
EColi1548_1,C95_EColi1548_1,C90_EColi1548_1,C70_EColi1548_1,C50_EColi1548_1,C40_EColi1548_1,C30_EColi1548_1
EColi1549_1,C95_EColi1549_1,C90_EColi1549_1,C70_EColi1549_1,C50_EColi1549_1,C40_EColi1549_1,C30_EColi2638_0
EColi1550_2,C95_EColi1550_2,C90_EColi1550_2,C70_EColi1550_2,C50_EColi1440_1,C40_EColi1440_1,C30_EColi1440_1
EColi1551_2,C95_EColi1551_2,C90_EColi1551_2,C70_EColi1551_2,C50_EColi1551_2,C40_EColi1551_2,C30_EColi1551_2
EColi1552_0,C95_EColi1552_0,C90_EColi1552_0,C70_EColi1552_0,C50_EColi1552_0,C40_EColi1552_0,C30_EColi1552_0
EColi1553_2,C95_EColi1553_2,C90_EColi1553_2,C70_EColi1553_2,C50_EColi1553_2,C40_EColi1553_2,C30_EColi1553_2
EColi1554_0,C95_EColi1554_0,C90_EColi1554_0,C70_EColi1554_0,C50_EColi1554_0,C40_EColi1554_0,C30_EColi646_0
EColi1555_2,C95_EColi1555_2,C90_EColi1555_2,C70_EColi1555_2,C50_EColi1555_2,C40_EColi1555_2,C30_EColi1555_2
EColi1556_1,C95_EColi1556_1,C90_EColi1556_1,C70_EColi1556_1,C50_EColi1556_1,C40_EColi1556_1,C30_EColi1556_1
EColi1557_0,C95_EColi1557_0,C90_EColi1557_0,C70_EColi1557_0,C50_EColi1557_0,C40_EColi1557_0,C30_EColi1557_0
EColi1558_2,C95_EColi1558_2,C90_EColi1558_2,C70_EColi1558_2,C50_EColi1558_2,C40_EColi1558_2,C30_EColi5946_0
EColi1559_0,C95_EColi1559_0,C90_EColi1559_0,C70_EColi1559_0,C50_EColi1559_0,C40_EColi1559_0,C30_EColi1559_0
EColi1560_2,C95_EColi1560_2,C90_EColi1560_2,C70_EColi1560_2,C50_EColi1560_2,C40_EColi1560_2,C30_EColi1560_2
EColi1561_2,C95_EColi1561_2,C90_EColi1561_2,C70_EColi1561_2,C50_EColi1561_2,C40_EColi1561_2,C30_EColi740_2
EColi1562_2,C95_EColi1562_2,C90_EColi1562_2,C70_EColi1562_2,C50_EColi1562_2,C40_EColi1562_2,C30_EColi1562_2
EColi1563_2,C95_EColi1563_2,C90_EColi1563_2,C70_EColi1563_2,C50_EColi5124_1,C40_EColi5124_1,C30_EColi5006_0
EColi1564_0,C95_EColi1564_0,C90_EColi1564_0,C70_EColi1564_0,C50_EColi1564_0,C40_EColi1564_0,C30_EColi1564_0
EColi1565_0,C95_EColi1565_0,C90_EColi1565_0,C70_EColi1565_0,C50_EColi1565_0,C40_EColi1565_0,C30_EColi1565_0
EColi1566_0,C95_EColi1566_0,C90_EColi1566_0,C70_EColi1566_0,C50_EColi1566_0,C40_EColi1566_0,C30_EColi1566_0
EColi1567_0,C95_EColi1567_0,C90_EColi1567_0,C70_EColi1567_0,C50_EColi1567_0,C40_EColi1567_0,C30_EColi4242_0
EColi1568_1,C95_EColi1568_1,C90_EColi1568_1,C70_EColi1568_1,C50_EColi1568_1,C40_EColi1568_1,C30_EColi1568_1
EColi1569_1,C95_EColi1569_1,C90_EColi1569_1,C70_EColi1569_1,C50_EColi88_0,C40_EColi88_0,C30_EColi88_0
EColi1570_1,C95_EColi1570_1,C90_EColi1570_1,C70_EColi1570_1,C50_EColi1570_1,C40_EColi1571_1,C30_EColi1571_1
EColi1571_1,C95_EColi1571_1,C90_EColi1571_1,C70_EColi1571_1,C50_EColi1571_1,C40_EColi1571_1,C30_EColi1571_1
EColi1572_1,C95_EColi1572_1,C90_EColi1572_1,C70_EColi1572_1,C50_EColi1572_1,C40_EColi1572_1,C30_EColi1572_1
EColi1573_0,C95_EColi1573_0,C90_EColi1573_0,C70_EColi1573_0,C50_EColi1573_0,C40_EColi1573_0,C30_EColi1573_0
EColi1574_0,C95_EColi1574_0,C90_EColi1574_0,C70_EColi1574_0,C50_EColi1574_0,C40_EColi1574_0,C30_EColi1574_0
EColi1575_1,C95_EColi1575_1,C90_EColi1575_1,C70_EColi1575_1,C50_EColi1575_1,C40_EColi1575_1,C30_EColi1575_1
EColi1576_0,C95_EColi1576_0,C90_EColi1576_0,C70_EColi1576_0,C50_EColi1576_0,C40_EColi1576_0,C30_EColi3864_2
EColi1577_0,C95_EColi1577_0,C90_EColi1577_0,C70_EColi1577_0,C50_EColi1577_0,C40_EColi1577_0,C30_EColi1577_0
EColi1578_1,C95_EColi1578_1,C90_EColi1578_1,C70_EColi1578_1,C50_EColi1578_1,C40_EColi1578_1,C30_EColi1578_1
EColi1579_0,C95_EColi1579_0,C90_EColi1579_0,C70_EColi1579_0,C50_EColi1579_0,C40_EColi1579_0,C30_EColi1579_0
EColi1580_1,C95_EColi1580_1,C90_EColi1580_1,C70_EColi1580_1,C50_EColi4914_0,C40_EColi4914_0,C30_EColi4914_0
EColi1581_0,C95_EColi1581_0,C90_EColi1581_0,C70_EColi1581_0,C50_EColi1581_0,C40_EColi1581_0,C30_EColi1581_0
EColi1582_0,C95_EColi1582_0,C90_EColi1582_0,C70_EColi1582_0,C50_EColi1582_0,C40_EColi1582_0,C30_EColi1582_0
EColi1583_1,C95_EColi1583_1,C90_EColi1583_1,C70_EColi1583_1,C50_EColi1583_1,C40_EColi1583_1,C30_EColi1583_1
EColi1584_0,C95_EColi1584_0,C90_EColi1584_0,C70_EColi1584_0,C50_EColi1584_0,C40_EColi1584_0,C30_EColi1584_0
EColi1585_0,C95_EColi1585_0,C90_EColi1585_0,C70_EColi1585_0,C50_EColi1585_0,C40_EColi1585_0,C30_EColi1585_0
EColi1586_1,C95_EColi1586_1,C90_EColi1586_1,C70_EColi1586_1,C50_EColi1586_1,C40_EColi1586_1,C30_EColi1586_1
EColi1587_1,C95_EColi1587_1,C90_EColi1587_1,C70_EColi1587_1,C50_EColi1587_1,C40_EColi1587_1,C30_EColi1587_1
EColi1588_1,C95_EColi1588_1,C90_EColi1588_1,C70_EColi1588_1,C50_EColi1588_1,C40_EColi1588_1,C30_EColi1588_1
EColi1589_0,C95_EColi1589_0,C90_EColi1589_0,C70_EColi1589_0,C50_EColi1589_0,C40_EColi1589_0,C30_EColi1589_0
EColi1590_1,C95_EColi1590_1,C90_EColi1590_1,C70_EColi1590_1,C50_EColi1590_1,C40_EColi1590_1,C30_EColi1590_1
EColi1591_0,C95_EColi1591_0,C90_EColi1591_0,C70_EColi1591_0,C50_EColi1591_0,C40_EColi1591_0,C30_EColi1591_0
EColi1592_0,C95_EColi1592_0,C90_EColi1592_0,C70_EColi1592_0,C50_EColi1592_0,C40_EColi1592_0,C30_EColi1592_0
EColi1593_1,C95_EColi1593_1,C90_EColi1593_1,C70_EColi1593_1,C50_EColi1593_1,C40_EColi1593_1,C30_EColi2825_2
EColi1594_1,C95_EColi1594_1,C90_EColi1594_1,C70_EColi1594_1,C50_EColi1594_1,C40_EColi1594_1,C30_EColi1594_1
EColi1595_1,C95_EColi1595_1,C90_EColi1595_1,C70_EColi1595_1,C50_EColi1595_1,C40_EColi46_2,C30_EColi46_2
EColi1596_1,C95_EColi1596_1,C90_EColi1596_1,C70_EColi1596_1,C50_EColi1596_1,C40_EColi1596_1,C30_EColi1596_1
EColi1597_0,C95_EColi1597_0,C90_EColi1597_0,C70_EColi1597_0,C50_EColi4930_1,C40_EColi4930_1,C30_EColi4930_1
EColi1598_0,C95_EColi1598_0,C90_EColi1598_0,C70_EColi1598_0,C50_EColi4249_2,C40_EColi4249_2,C30_EColi5530_2
EColi1599_0,C95_EColi1599_0,C90_EColi1599_0,C70_EColi1599_0,C50_EColi1599_0,C40_EColi4946_0,C30_EColi4946_0
EColi1600_1,C95_EColi1600_1,C90_EColi1600_1,C70_EColi1600_1,C50_EColi1600_1,C40_EColi1600_1,C30_EColi1600_1
EColi1601_1,C95_EColi1601_1,C90_EColi1601_1,C70_EColi1601_1,C50_EColi1601_1,C40_EColi1601_1,C30_EColi1750_1
EColi1602_0,C95_EColi1602_0,C90_EColi1602_0,C70_EColi1602_0,C50_EColi1602_0,C40_EColi1602_0,C30_EColi1602_0
EColi1603_0,C95_EColi1603_0,C90_EColi1603_0,C70_EColi1603_0,C50_EColi1603_0,C40_EColi1603_0,C30_EColi1603_0
EColi1604_0,C95_EColi1604_0,C90_EColi1604_0,C70_EColi1604_0,C50_EColi1604_0,C40_EColi1604_0,C30_EColi1604_0
EColi1605_0,C95_EColi1605_0,C90_EColi1605_0,C70_EColi1605_0,C50_EColi1605_0,C40_EColi1605_0,C30_EColi1605_0
EColi1606_1,C95_EColi1606_1,C90_EColi1606_1,C70_EColi1606_1,C50_EColi1606_1,C40_EColi1606_1,C30_EColi5911_0
EColi1607_1,C95_EColi1607_1,C90_EColi1607_1,C70_EColi1607_1,C50_EColi1607_1,C40_EColi1607_1,C30_EColi3083_2
EColi1608_0,C95_EColi1608_0,C90_EColi1608_0,C70_EColi1608_0,C50_EColi1610_2,C40_EColi1608_0,C30_EColi1611_2
EColi1609_0,C95_EColi1609_0,C90_EColi1609_0,C70_EColi1609_0,C50_EColi892_1,C40_EColi892_1,C30_EColi1349_2
EColi1610_2,C95_EColi1610_2,C90_EColi1610_2,C70_EColi1610_2,C50_EColi1610_2,C40_EColi1611_2,C30_EColi1611_2
EColi1611_2,C95_EColi1611_2,C90_EColi1611_2,C70_EColi1611_2,C50_EColi1611_2,C40_EColi1611_2,C30_EColi1611_2
EColi1612_1,C95_EColi1612_1,C90_EColi1612_1,C70_EColi1612_1,C50_EColi891_2,C40_EColi5309_0,C30_EColi5309_0
EColi1613_0,C95_EColi1613_0,C90_EColi1613_0,C70_EColi1613_0,C50_EColi1613_0,C40_EColi1613_0,C30_EColi2136_0
EColi1614_0,C95_EColi1614_0,C90_EColi1614_0,C70_EColi1614_0,C50_EColi1614_0,C40_EColi1614_0,C30_EColi119_0
EColi1615_1,C95_EColi1615_1,C90_EColi1615_1,C70_EColi1615_1,C50_EColi1615_1,C40_EColi1615_1,C30_EColi1615_1
EColi1616_2,C95_EColi1616_2,C90_EColi1616_2,C70_EColi1616_2,C50_EColi1616_2,C40_EColi1616_2,C30_EColi1616_2
EColi1617_2,C95_EColi1617_2,C90_EColi1617_2,C70_EColi1617_2,C50_EColi900_1,C40_EColi900_1,C30_EColi145_2
EColi1618_2,C95_EColi1618_2,C90_EColi1618_2,C70_EColi1618_2,C50_EColi1618_2,C40_EColi1618_2,C30_EColi1618_2
EColi1619_2,C95_EColi1619_2,C90_EColi1619_2,C70_EColi1619_2,C50_EColi1619_2,C40_EColi1619_2,C30_EColi1619_2
EColi1620_1,C95_EColi1620_1,C90_EColi1620_1,C70_EColi1620_1,C50_EColi1620_1,C40_EColi1620_1,C30_EColi379_1
EColi1621_2,C95_EColi1621_2,C90_EColi1621_2,C70_EColi1621_2,C50_EColi1621_2,C40_EColi1621_2,C30_EColi1621_2
EColi1622_1,C95_EColi1622_1,C90_EColi1622_1,C70_EColi1622_1,C50_EColi1622_1,C40_EColi1622_1,C30_EColi5139_0
EColi1623_1,C95_EColi1623_1,C90_EColi1623_1,C70_EColi1623_1,C50_EColi1623_1,C40_EColi382_0,C30_EColi382_0
EColi1624_2,C95_EColi1624_2,C90_EColi1624_2,C70_EColi1624_2,C50_EColi1624_2,C40_EColi1624_2,C30_EColi4670_2
EColi1625_1,C95_EColi1625_1,C90_EColi1625_1,C70_EColi1625_1,C50_EColi1625_1,C40_EColi3474_2,C30_EColi3474_2
EColi1626_1,C95_EColi1626_1,C90_EColi1626_1,C70_EColi1626_1,C50_EColi1626_1,C40_EColi4440_2,C30_EColi5981_2
EColi1627_0,C95_EColi1627_0,C90_EColi1627_0,C70_EColi1627_0,C50_EColi1627_0,C40_EColi1929_2,C30_EColi4894_2
EColi1628_1,C95_EColi1628_1,C90_EColi1628_1,C70_EColi1628_1,C50_EColi1628_1,C40_EColi3595_2,C30_EColi3595_2
EColi1629_2,C95_EColi1629_2,C90_EColi1629_2,C70_EColi1629_2,C50_EColi1629_2,C40_EColi995_0,C30_EColi825_1
EColi1630_2,C95_EColi1630_2,C90_EColi1630_2,C70_EColi1630_2,C50_EColi1630_2,C40_EColi1630_2,C30_EColi1630_2
EColi1631_2,C95_EColi1631_2,C90_EColi1631_2,C70_EColi1631_2,C50_EColi1631_2,C40_EColi1631_2,C30_EColi1631_2
EColi1632_1,C95_EColi1632_1,C90_EColi1632_1,C70_EColi1632_1,C50_EColi1632_1,C40_EColi1632_1,C30_EColi1632_1
EColi1633_1,C95_EColi1633_1,C90_EColi1633_1,C70_EColi1633_1,C50_EColi4902_2,C40_EColi4902_2,C30_EColi2021_2
EColi1634_0,C95_EColi1634_0,C90_EColi1634_0,C70_EColi1634_0,C50_EColi1634_0,C40_EColi1634_0,C30_EColi1634_0
EColi1635_1,C95_EColi1635_1,C90_EColi1635_1,C70_EColi1635_1,C50_EColi1635_1,C40_EColi1635_1,C30_EColi1635_1
EColi1636_1,C95_EColi1636_1,C90_EColi1636_1,C70_EColi1636_1,C50_EColi1636_1,C40_EColi1636_1,C30_EColi1636_1
EColi1637_2,C95_EColi1637_2,C90_EColi1637_2,C70_EColi1637_2,C50_EColi1637_2,C40_EColi1637_2,C30_EColi4285_0
EColi1638_1,C95_EColi1638_1,C90_EColi1638_1,C70_EColi1638_1,C50_EColi1638_1,C40_EColi1638_1,C30_EColi1638_1
EColi1639_1,C95_EColi1639_1,C90_EColi1639_1,C70_EColi1639_1,C50_EColi1639_1,C40_EColi1639_1,C30_EColi4837_0
EColi1640_0,C95_EColi1640_0,C90_EColi1640_0,C70_EColi1640_0,C50_EColi1640_0,C40_EColi1640_0,C30_EColi1916_2
EColi1641_1,C95_EColi1641_1,C90_EColi1641_1,C70_EColi1641_1,C50_EColi1641_1,C40_EColi1641_1,C30_EColi1641_1
EColi1642_1,C95_EColi1642_1,C90_EColi1642_1,C70_EColi1642_1,C50_EColi1642_1,C40_EColi1642_1,C30_EColi1642_1
EColi1643_1,C95_EColi1643_1,C90_EColi1643_1,C70_EColi1643_1,C50_EColi542_2,C40_EColi542_2,C30_EColi542_2
EColi1644_2,C95_EColi1644_2,C90_EColi1644_2,C70_EColi1644_2,C50_EColi1644_2,C40_EColi1644_2,C30_EColi2076_2
EColi1645_0,C95_EColi1645_0,C90_EColi1645_0,C70_EColi1645_0,C50_EColi1645_0,C40_EColi1645_0,C30_EColi1645_0
EColi1646_1,C95_EColi1646_1,C90_EColi1646_1,C70_EColi1646_1,C50_EColi1646_1,C40_EColi1646_1,C30_EColi1646_1
EColi1647_1,C95_EColi1647_1,C90_EColi1647_1,C70_EColi1647_1,C50_EColi1647_1,C40_EColi1647_1,C30_EColi1647_1
EColi1648_0,C95_EColi1648_0,C90_EColi1648_0,C70_EColi1648_0,C50_EColi1648_0,C40_EColi1648_0,C30_EColi4985_1
EColi1649_1,C95_EColi1649_1,C90_EColi1649_1,C70_EColi1649_1,C50_EColi4713_2,C40_EColi4713_2,C30_EColi679_2
EColi1650_1,C95_EColi1650_1,C90_EColi1650_1,C70_EColi1650_1,C50_EColi1650_1,C40_EColi1650_1,C30_EColi1650_1
EColi1651_1,C95_EColi1651_1,C90_EColi1651_1,C70_EColi1651_1,C50_EColi1981_1,C40_EColi1981_1,C30_EColi1981_1
EColi1652_1,C95_EColi1652_1,C90_EColi1652_1,C70_EColi1652_1,C50_EColi1652_1,C40_EColi1652_1,C30_EColi1652_1
EColi1653_1,C95_EColi1653_1,C90_EColi1653_1,C70_EColi1653_1,C50_EColi25_0,C40_EColi25_0,C30_EColi25_0
EColi1654_0,C95_EColi1654_0,C90_EColi1654_0,C70_EColi1654_0,C50_EColi1654_0,C40_EColi1654_0,C30_EColi1654_0
EColi1655_2,C95_EColi1655_2,C90_EColi1655_2,C70_EColi1655_2,C50_EColi3399_2,C40_EColi3399_2,C30_EColi1656_1
EColi1656_1,C95_EColi1656_1,C90_EColi1656_1,C70_EColi1656_1,C50_EColi1656_1,C40_EColi1656_1,C30_EColi1656_1
EColi1657_2,C95_EColi1657_2,C90_EColi1657_2,C70_EColi1657_2,C50_EColi1657_2,C40_EColi1657_2,C30_EColi1657_2
EColi1658_0,C95_EColi1658_0,C90_EColi1658_0,C70_EColi1658_0,C50_EColi1658_0,C40_EColi2582_2,C30_EColi1658_0
EColi1659_1,C95_EColi1659_1,C90_EColi1659_1,C70_EColi1659_1,C50_EColi1659_1,C40_EColi1893_1,C30_EColi1893_1
EColi1660_0,C95_EColi1660_0,C90_EColi1660_0,C70_EColi1660_0,C50_EColi1660_0,C40_EColi1504_0,C30_EColi1504_0
EColi1661_1,C95_EColi1661_1,C90_EColi1661_1,C70_EColi1661_1,C50_EColi1661_1,C40_EColi3419_1,C30_EColi3419_1
EColi1662_2,C95_EColi1662_2,C90_EColi1662_2,C70_EColi1662_2,C50_EColi1662_2,C40_EColi1662_2,C30_EColi1662_2
EColi1663_2,C95_EColi1663_2,C90_EColi1663_2,C70_EColi1663_2,C50_EColi1663_2,C40_EColi1663_2,C30_EColi1663_2
EColi1664_0,C95_EColi1664_0,C90_EColi1664_0,C70_EColi1664_0,C50_EColi1664_0,C40_EColi1664_0,C30_EColi1664_0
EColi1665_1,C95_EColi1665_1,C90_EColi1665_1,C70_EColi1665_1,C50_EColi1665_1,C40_EColi1665_1,C30_EColi1665_1
EColi1666_1,C95_EColi1666_1,C90_EColi1666_1,C70_EColi1666_1,C50_EColi1666_1,C40_EColi1666_1,C30_EColi4762_0
EColi1667_1,C95_EColi1667_1,C90_EColi1667_1,C70_EColi1667_1,C50_EColi1667_1,C40_EColi1667_1,C30_EColi1667_1
EColi1668_0,C95_EColi1668_0,C90_EColi1668_0,C70_EColi1668_0,C50_EColi5897_1,C40_EColi5897_1,C30_EColi1672_0
EColi1669_0,C95_EColi1669_0,C90_EColi1669_0,C70_EColi1669_0,C50_EColi5951_1,C40_EColi5951_1,C30_EColi1672_0
EColi1670_1,C95_EColi1670_1,C90_EColi1670_1,C70_EColi1670_1,C50_EColi1670_1,C40_EColi1670_1,C30_EColi4409_2
EColi1671_0,C95_EColi1671_0,C90_EColi1671_0,C70_EColi1671_0,C50_EColi1671_0,C40_EColi1671_0,C30_EColi1671_0
EColi1672_0,C95_EColi1672_0,C90_EColi1672_0,C70_EColi1672_0,C50_EColi1672_0,C40_EColi1672_0,C30_EColi1672_0
EColi1673_1,C95_EColi1673_1,C90_EColi1673_1,C70_EColi1673_1,C50_EColi6043_0,C40_EColi6043_0,C30_EColi3219_1
EColi1674_0,C95_EColi1674_0,C90_EColi1674_0,C70_EColi1674_0,C50_EColi1674_0,C40_EColi5430_0,C30_EColi174_2
EColi1675_2,C95_EColi1675_2,C90_EColi1675_2,C70_EColi1675_2,C50_EColi1675_2,C40_EColi1675_2,C30_EColi1675_2
EColi1676_0,C95_EColi1676_0,C90_EColi1676_0,C70_EColi1676_0,C50_EColi1676_0,C40_EColi1676_0,C30_EColi2393_0
EColi1677_1,C95_EColi1677_1,C90_EColi1677_1,C70_EColi1677_1,C50_EColi1677_1,C40_EColi1677_1,C30_EColi3682_2
EColi1678_1,C95_EColi1678_1,C90_EColi1678_1,C70_EColi1678_1,C50_EColi5728_0,C40_EColi5728_0,C30_EColi5728_0
EColi1679_0,C95_EColi1679_0,C90_EColi1679_0,C70_EColi1679_0,C50_EColi1679_0,C40_EColi1679_0,C30_EColi1679_0
EColi1680_1,C95_EColi1680_1,C90_EColi1680_1,C70_EColi1680_1,C50_EColi1680_1,C40_EColi1680_1,C30_EColi1680_1
EColi1681_0,C95_EColi1681_0,C90_EColi1681_0,C70_EColi1681_0,C50_EColi1681_0,C40_EColi1879_0,C30_EColi1879_0
EColi1682_1,C95_EColi1682_1,C90_EColi1682_1,C70_EColi1682_1,C50_EColi1682_1,C40_EColi1682_1,C30_EColi1682_1
EColi1683_0,C95_EColi1683_0,C90_EColi1683_0,C70_EColi1683_0,C50_EColi1683_0,C40_EColi5087_1,C30_EColi2985_2
EColi1684_2,C95_EColi1684_2,C90_EColi1684_2,C70_EColi1684_2,C50_EColi3364_1,C40_EColi3364_1,C30_EColi3364_1
EColi1685_2,C95_EColi1685_2,C90_EColi1685_2,C70_EColi1685_2,C50_EColi6117_1,C40_EColi6117_1,C30_EColi3233_1
EColi1686_2,C95_EColi1686_2,C90_EColi1686_2,C70_EColi1686_2,C50_EColi3009_0,C40_EColi3009_0,C30_EColi2901_2
EColi1687_2,C95_EColi1687_2,C90_EColi1687_2,C70_EColi1687_2,C50_EColi1687_2,C40_EColi1687_2,C30_EColi1687_2
EColi1688_2,C95_EColi1688_2,C90_EColi1688_2,C70_EColi1688_2,C50_EColi1688_2,C40_EColi1688_2,C30_EColi1384_1
EColi1689_0,C95_EColi1689_0,C90_EColi1689_0,C70_EColi1689_0,C50_EColi4815_1,C40_EColi3145_2,C30_EColi1387_0
EColi1690_1,C95_EColi1690_1,C90_EColi1690_1,C70_EColi1690_1,C50_EColi1690_1,C40_EColi6124_1,C30_EColi6124_1
EColi1691_0,C95_EColi1691_0,C90_EColi1691_0,C70_EColi1691_0,C50_EColi1691_0,C40_EColi1691_0,C30_EColi1691_0
EColi1692_1,C95_EColi1692_1,C90_EColi1692_1,C70_EColi1692_1,C50_EColi1692_1,C40_EColi5836_1,C30_EColi5836_1
EColi1693_1,C95_EColi1693_1,C90_EColi1693_1,C70_EColi1693_1,C50_EColi1693_1,C40_EColi4713_2,C30_EColi679_2
EColi1694_2,C95_EColi1694_2,C90_EColi1694_2,C70_EColi1694_2,C50_EColi1694_2,C40_EColi1694_2,C30_EColi5836_1
EColi1695_1,C95_EColi1695_1,C90_EColi1695_1,C70_EColi1695_1,C50_EColi1695_1,C40_EColi6036_0,C30_EColi5000_1
EColi1696_1,C95_EColi1696_1,C90_EColi1696_1,C70_EColi1696_1,C50_EColi1696_1,C40_EColi1696_1,C30_EColi1696_1
EColi1697_2,C95_EColi1697_2,C90_EColi1697_2,C70_EColi1697_2,C50_EColi5997_0,C40_EColi5997_0,C30_EColi5997_0
EColi1698_2,C95_EColi1698_2,C90_EColi1698_2,C70_EColi1698_2,C50_EColi5836_1,C40_EColi5836_1,C30_EColi5836_1
EColi1699_1,C95_EColi1699_1,C90_EColi1699_1,C70_EColi1699_1,C50_EColi1699_1,C40_EColi1699_1,C30_EColi1699_1
EColi5800_2,C95_EColi5800_2,C90_EColi5800_2,C70_EColi5800_2,C50_EColi5800_2,C40_EColi5800_2,C30_EColi2402_2
EColi5801_2,C95_EColi5801_2,C90_EColi5801_2,C70_EColi5801_2,C50_EColi5801_2,C40_EColi5801_2,C30_EColi5801_2
EColi5802_1,C95_EColi5802_1,C90_EColi5802_1,C70_EColi5802_1,C50_EColi5802_1,C40_EColi2781_1,C30_EColi2781_1
EColi5803_2,C95_EColi5803_2,C90_EColi5803_2,C70_EColi5803_2,C50_EColi5803_2,C40_EColi5095_0,C30_EColi1927_0
EColi5804_0,C95_EColi5804_0,C90_EColi5804_0,C70_EColi5804_0,C50_EColi5804_0,C40_EColi5804_0,C30_EColi1362_1
EColi5805_2,C95_EColi5805_2,C90_EColi5805_2,C70_EColi5805_2,C50_EColi5805_2,C40_EColi5805_2,C30_EColi5805_2
EColi5806_2,C95_EColi5806_2,C90_EColi5806_2,C70_EColi5806_2,C50_EColi5278_1,C40_EColi5278_1,C30_EColi5278_1
EColi5807_0,C95_EColi5807_0,C90_EColi5807_0,C70_EColi5807_0,C50_EColi5807_0,C40_EColi1979_1,C30_EColi1979_1
EColi5808_0,C95_EColi5808_0,C90_EColi5808_0,C70_EColi5808_0,C50_EColi5808_0,C40_EColi5808_0,C30_EColi5542_0
EColi5809_2,C95_EColi5809_2,C90_EColi5809_2,C70_EColi5809_2,C50_EColi5809_2,C40_EColi5809_2,C30_EColi5809_2
EColi5810_0,C95_EColi5810_0,C90_EColi5810_0,C70_EColi5810_0,C50_EColi5810_0,C40_EColi5810_0,C30_EColi5810_0
EColi5811_0,C95_EColi5811_0,C90_EColi5811_0,C70_EColi5811_0,C50_EColi5811_0,C40_EColi5811_0,C30_EColi5811_0
EColi5812_0,C95_EColi5812_0,C90_EColi5812_0,C70_EColi5812_0,C50_EColi5812_0,C40_EColi5812_0,C30_EColi3602_1
EColi5813_1,C95_EColi5813_1,C90_EColi5813_1,C70_EColi5813_1,C50_EColi5813_1,C40_EColi5813_1,C30_EColi5813_1
EColi5814_1,C95_EColi5814_1,C90_EColi5814_1,C70_EColi5814_1,C50_EColi3786_2,C40_EColi3786_2,C30_EColi3320_0
EColi5815_1,C95_EColi5815_1,C90_EColi5815_1,C70_EColi5815_1,C50_EColi5815_1,C40_EColi1377_1,C30_EColi4409_2
EColi5816_0,C95_EColi5816_0,C90_EColi5816_0,C70_EColi5816_0,C50_EColi5816_0,C40_EColi5816_0,C30_EColi5816_0
EColi5817_1,C95_EColi5817_1,C90_EColi5817_1,C70_EColi5817_1,C50_EColi3401_1,C40_EColi2503_1,C30_EColi50_2
EColi5818_0,C95_EColi5818_0,C90_EColi5818_0,C70_EColi5818_0,C50_EColi5818_0,C40_EColi5818_0,C30_EColi5818_0
EColi5819_1,C95_EColi5819_1,C90_EColi5819_1,C70_EColi5819_1,C50_EColi5819_1,C40_EColi4817_1,C30_EColi3359_2
EColi5820_0,C95_EColi5820_0,C90_EColi5820_0,C70_EColi5820_0,C50_EColi5820_0,C40_EColi5820_0,C30_EColi5820_0
EColi5821_1,C95_EColi5821_1,C90_EColi5821_1,C70_EColi5821_1,C50_EColi5821_1,C40_EColi5821_1,C30_EColi5821_1
EColi5822_0,C95_EColi5822_0,C90_EColi5822_0,C70_EColi5822_0,C50_EColi5822_0,C40_EColi5822_0,C30_EColi5822_0
EColi5823_0,C95_EColi5823_0,C90_EColi5823_0,C70_EColi5823_0,C50_EColi5823_0,C40_EColi5823_0,C30_EColi3312_1
EColi5824_0,C95_EColi5824_0,C90_EColi5824_0,C70_EColi5824_0,C50_EColi5824_0,C40_EColi5824_0,C30_EColi5824_0
EColi5825_2,C95_EColi5825_2,C90_EColi5825_2,C70_EColi5825_2,C50_EColi5825_2,C40_EColi5825_2,C30_EColi5825_2
EColi5826_0,C95_EColi5826_0,C90_EColi5826_0,C70_EColi5826_0,C50_EColi5826_0,C40_EColi5826_0,C30_EColi5826_0
EColi5827_0,C95_EColi5827_0,C90_EColi5827_0,C70_EColi5827_0,C50_EColi5827_0,C40_EColi330_1,C30_EColi330_1
EColi5828_0,C95_EColi5828_0,C90_EColi5828_0,C70_EColi5828_0,C50_EColi5864_0,C40_EColi5864_0,C30_EColi5864_0
EColi5829_0,C95_EColi5829_0,C90_EColi5829_0,C70_EColi5829_0,C50_EColi5829_0,C40_EColi5829_0,C30_EColi5829_0
EColi5830_0,C95_EColi5830_0,C90_EColi5830_0,C70_EColi5830_0,C50_EColi5830_0,C40_EColi3950_0,C30_EColi5706_1
EColi5831_1,C95_EColi5831_1,C90_EColi5831_1,C70_EColi5831_1,C50_EColi5831_1,C40_EColi5831_1,C30_EColi5831_1
EColi5832_0,C95_EColi5832_0,C90_EColi5832_0,C70_EColi5832_0,C50_EColi5832_0,C40_EColi5505_0,C30_EColi5505_0
EColi5833_0,C95_EColi5833_0,C90_EColi5833_0,C70_EColi5833_0,C50_EColi5833_0,C40_EColi5833_0,C30_EColi960_0
EColi5834_0,C95_EColi5834_0,C90_EColi5834_0,C70_EColi5834_0,C50_EColi5834_0,C40_EColi4833_0,C30_EColi4833_0
EColi5835_0,C95_EColi5835_0,C90_EColi5835_0,C70_EColi5835_0,C50_EColi5835_0,C40_EColi5835_0,C30_EColi5835_0
EColi5836_1,C95_EColi5836_1,C90_EColi5836_1,C70_EColi5836_1,C50_EColi5836_1,C40_EColi5836_1,C30_EColi5836_1
EColi5837_0,C95_EColi5837_0,C90_EColi5837_0,C70_EColi5837_0,C50_EColi5837_0,C40_EColi5837_0,C30_EColi5837_0
EColi5838_2,C95_EColi5838_2,C90_EColi5838_2,C70_EColi5838_2,C50_EColi5838_2,C40_EColi5838_2,C30_EColi5838_2
EColi5839_0,C95_EColi5839_0,C90_EColi5839_0,C70_EColi5839_0,C50_EColi5839_0,C40_EColi5839_0,C30_EColi5839_0
EColi5840_0,C95_EColi5840_0,C90_EColi5840_0,C70_EColi5840_0,C50_EColi5840_0,C40_EColi5840_0,C30_EColi5840_0
EColi5841_0,C95_EColi5841_0,C90_EColi5841_0,C70_EColi5841_0,C50_EColi5841_0,C40_EColi5841_0,C30_EColi5841_0
EColi5842_0,C95_EColi5842_0,C90_EColi5842_0,C70_EColi5842_0,C50_EColi5842_0,C40_EColi5842_0,C30_EColi5842_0
EColi5843_0,C95_EColi5843_0,C90_EColi5843_0,C70_EColi5843_0,C50_EColi5843_0,C40_EColi5843_0,C30_EColi5843_0
EColi5844_0,C95_EColi5844_0,C90_EColi5844_0,C70_EColi5844_0,C50_EColi5844_0,C40_EColi5844_0,C30_EColi886_2
EColi5845_1,C95_EColi5845_1,C90_EColi5845_1,C70_EColi5845_1,C50_EColi5845_1,C40_EColi5845_1,C30_EColi5845_1
EColi5846_2,C95_EColi5846_2,C90_EColi5846_2,C70_EColi5846_2,C50_EColi5846_2,C40_EColi5846_2,C30_EColi5846_2
EColi5847_0,C95_EColi5847_0,C90_EColi5847_0,C70_EColi5847_0,C50_EColi5847_0,C40_EColi5847_0,C30_EColi5847_0
EColi5848_0,C95_EColi5848_0,C90_EColi5848_0,C70_EColi5848_0,C50_EColi5848_0,C40_EColi5848_0,C30_EColi5848_0
EColi5849_1,C95_EColi5849_1,C90_EColi5849_1,C70_EColi5849_1,C50_EColi5849_1,C40_EColi5849_1,C30_EColi1927_0
EColi5850_2,C95_EColi5850_2,C90_EColi5850_2,C70_EColi5850_2,C50_EColi5850_2,C40_EColi5850_2,C30_EColi5850_2
EColi5851_0,C95_EColi5851_0,C90_EColi5851_0,C70_EColi5851_0,C50_EColi4421_0,C40_EColi111_2,C30_EColi111_2
EColi5852_1,C95_EColi5852_1,C90_EColi5852_1,C70_EColi5852_1,C50_EColi5852_1,C40_EColi5852_1,C30_EColi5852_1
EColi5853_0,C95_EColi5853_0,C90_EColi5853_0,C70_EColi5853_0,C50_EColi5853_0,C40_EColi5853_0,C30_EColi5853_0
EColi5854_0,C95_EColi5854_0,C90_EColi5854_0,C70_EColi5854_0,C50_EColi5854_0,C40_EColi5854_0,C30_EColi5908_0
EColi5855_0,C95_EColi5855_0,C90_EColi5855_0,C70_EColi5855_0,C50_EColi5855_0,C40_EColi5855_0,C30_EColi5855_0
EColi5856_0,C95_EColi5856_0,C90_EColi5856_0,C70_EColi5856_0,C50_EColi5856_0,C40_EColi5856_0,C30_EColi5856_0
EColi5857_0,C95_EColi5857_0,C90_EColi5857_0,C70_EColi5857_0,C50_EColi5857_0,C40_EColi5857_0,C30_EColi5857_0
EColi5858_0,C95_EColi5858_0,C90_EColi5858_0,C70_EColi5858_0,C50_EColi5858_0,C40_EColi5858_0,C30_EColi4500_0
EColi5859_1,C95_EColi5859_1,C90_EColi5859_1,C70_EColi5859_1,C50_EColi5859_1,C40_EColi19_2,C30_EColi5859_1
EColi5860_0,C95_EColi5860_0,C90_EColi5860_0,C70_EColi5860_0,C50_EColi5860_0,C40_EColi5860_0,C30_EColi5860_0
EColi5861_1,C95_EColi5861_1,C90_EColi5861_1,C70_EColi5861_1,C50_EColi5861_1,C40_EColi5861_1,C30_EColi4786_1
EColi5862_1,C95_EColi5862_1,C90_EColi5862_1,C70_EColi5862_1,C50_EColi5862_1,C40_EColi5862_1,C30_EColi5862_1
EColi5863_0,C95_EColi5863_0,C90_EColi5863_0,C70_EColi5863_0,C50_EColi5863_0,C40_EColi5863_0,C30_EColi5863_0
EColi5864_0,C95_EColi5864_0,C90_EColi5864_0,C70_EColi5864_0,C50_EColi5864_0,C40_EColi5864_0,C30_EColi5864_0
EColi5865_2,C95_EColi5865_2,C90_EColi5865_2,C70_EColi5865_2,C50_EColi5865_2,C40_EColi5865_2,C30_EColi5865_2
EColi5866_0,C95_EColi5866_0,C90_EColi5866_0,C70_EColi5866_0,C50_EColi5866_0,C40_EColi5866_0,C30_EColi5866_0
EColi5867_0,C95_EColi5867_0,C90_EColi5867_0,C70_EColi5867_0,C50_EColi5867_0,C40_EColi5867_0,C30_EColi5393_0
EColi5868_0,C95_EColi5868_0,C90_EColi5868_0,C70_EColi5868_0,C50_EColi5868_0,C40_EColi5868_0,C30_EColi5868_0
EColi5869_0,C95_EColi5869_0,C90_EColi5869_0,C70_EColi5869_0,C50_EColi5869_0,C40_EColi5869_0,C30_EColi6236_1
EColi5870_0,C95_EColi5870_0,C90_EColi5870_0,C70_EColi5870_0,C50_EColi5870_0,C40_EColi5870_0,C30_EColi5870_0
EColi5871_0,C95_EColi5871_0,C90_EColi5871_0,C70_EColi5871_0,C50_EColi5871_0,C40_EColi5871_0,C30_EColi5871_0
EColi5872_1,C95_EColi5872_1,C90_EColi5872_1,C70_EColi5872_1,C50_EColi5872_1,C40_EColi5872_1,C30_EColi5872_1
EColi5873_2,C95_EColi5873_2,C90_EColi5873_2,C70_EColi5873_2,C50_EColi5873_2,C40_EColi5873_2,C30_EColi5873_2
EColi5874_0,C95_EColi5874_0,C90_EColi5874_0,C70_EColi5874_0,C50_EColi5874_0,C40_EColi5874_0,C30_EColi5874_0
EColi5875_0,C95_EColi5875_0,C90_EColi5875_0,C70_EColi5875_0,C50_EColi5875_0,C40_EColi5875_0,C30_EColi5875_0
EColi5876_2,C95_EColi5876_2,C90_EColi5876_2,C70_EColi5876_2,C50_EColi5876_2,C40_EColi5876_2,C30_EColi5876_2
EColi5877_2,C95_EColi5877_2,C90_EColi5877_2,C70_EColi5877_2,C50_EColi5877_2,C40_EColi3047_0,C30_EColi3041_0
EColi5878_2,C95_EColi5878_2,C90_EColi5878_2,C70_EColi5878_2,C50_EColi5878_2,C40_EColi5878_2,C30_EColi5878_2
EColi5879_0,C95_EColi5879_0,C90_EColi5879_0,C70_EColi5879_0,C50_EColi5879_0,C40_EColi5879_0,C30_EColi5291_1
EColi5880_0,C95_EColi5880_0,C90_EColi5880_0,C70_EColi5880_0,C50_EColi5880_0,C40_EColi5880_0,C30_EColi5880_0
EColi5881_2,C95_EColi5881_2,C90_EColi5881_2,C70_EColi5881_2,C50_EColi5881_2,C40_EColi5881_2,C30_EColi2638_0
EColi5882_1,C95_EColi5882_1,C90_EColi5882_1,C70_EColi5882_1,C50_EColi5882_1,C40_EColi5882_1,C30_EColi5863_0
EColi5883_0,C95_EColi5883_0,C90_EColi5883_0,C70_EColi5883_0,C50_EColi5883_0,C40_EColi5883_0,C30_EColi753_0
EColi5884_0,C95_EColi5884_0,C90_EColi5884_0,C70_EColi5884_0,C50_EColi5884_0,C40_EColi5884_0,C30_EColi4067_1
EColi5885_0,C95_EColi5885_0,C90_EColi5885_0,C70_EColi5885_0,C50_EColi5885_0,C40_EColi2693_2,C30_EColi2693_2
EColi5886_0,C95_EColi5886_0,C90_EColi5886_0,C70_EColi5886_0,C50_EColi5886_0,C40_EColi3142_0,C30_EColi5908_0
EColi5887_0,C95_EColi5887_0,C90_EColi5887_0,C70_EColi5887_0,C50_EColi5887_0,C40_EColi4586_0,C30_EColi4586_0
EColi5888_1,C95_EColi5888_1,C90_EColi5888_1,C70_EColi5888_1,C50_EColi5888_1,C40_EColi5888_1,C30_EColi5888_1
EColi5889_0,C95_EColi5889_0,C90_EColi5889_0,C70_EColi5889_0,C50_EColi5889_0,C40_EColi5889_0,C30_EColi5889_0
EColi5890_0,C95_EColi5890_0,C90_EColi5890_0,C70_EColi5890_0,C50_EColi5890_0,C40_EColi5890_0,C30_EColi5890_0
EColi5891_1,C95_EColi5891_1,C90_EColi5891_1,C70_EColi5891_1,C50_EColi2029_0,C40_EColi459_1,C30_EColi2825_2
EColi5892_2,C95_EColi5892_2,C90_EColi5892_2,C70_EColi5892_2,C50_EColi5892_2,C40_EColi5892_2,C30_EColi5892_2
EColi5893_2,C95_EColi5893_2,C90_EColi5893_2,C70_EColi5893_2,C50_EColi5893_2,C40_EColi5893_2,C30_EColi5893_2
EColi5894_2,C95_EColi5894_2,C90_EColi5894_2,C70_EColi5894_2,C50_EColi4771_0,C40_EColi4771_0,C30_EColi4771_0
EColi5895_2,C95_EColi5895_2,C90_EColi5895_2,C70_EColi5895_2,C50_EColi5895_2,C40_EColi5895_2,C30_EColi5895_2
EColi5896_0,C95_EColi5896_0,C90_EColi5896_0,C70_EColi5896_0,C50_EColi4946_0,C40_EColi4946_0,C30_EColi4946_0
EColi5897_1,C95_EColi5897_1,C90_EColi5897_1,C70_EColi5897_1,C50_EColi5897_1,C40_EColi5897_1,C30_EColi1672_0
EColi5898_2,C95_EColi5898_2,C90_EColi5898_2,C70_EColi5898_2,C50_EColi4420_2,C40_EColi2151_0,C30_EColi2151_0
EColi5899_1,C95_EColi5899_1,C90_EColi5899_1,C70_EColi5899_1,C50_EColi5899_1,C40_EColi5899_1,C30_EColi5865_2
EColi6000_1,C95_EColi6000_1,C90_EColi6000_1,C70_EColi6000_1,C50_EColi6000_1,C40_EColi116_2,C30_EColi1215_2
EColi6001_2,C95_EColi6001_2,C90_EColi6001_2,C70_EColi6001_2,C50_EColi6001_2,C40_EColi6001_2,C30_EColi6001_2
EColi6002_1,C95_EColi6002_1,C90_EColi6002_1,C70_EColi6002_1,C50_EColi6002_1,C40_EColi6002_1,C30_EColi6002_1
EColi6003_1,C95_EColi6003_1,C90_EColi6003_1,C70_EColi6003_1,C50_EColi6003_1,C40_EColi2503_1,C30_EColi50_2
EColi6004_0,C95_EColi6004_0,C90_EColi6004_0,C70_EColi6004_0,C50_EColi6004_0,C40_EColi3370_1,C30_EColi3370_1
EColi6005_2,C95_EColi6005_2,C90_EColi6005_2,C70_EColi6005_2,C50_EColi6005_2,C40_EColi4212_1,C30_EColi4212_1
EColi6006_1,C95_EColi6006_1,C90_EColi6006_1,C70_EColi6006_1,C50_EColi6006_1,C40_EColi6006_1,C30_EColi6006_1
EColi6007_0,C95_EColi6007_0,C90_EColi6007_0,C70_EColi6007_0,C50_EColi818_1,C40_EColi2143_1,C30_EColi2143_1
EColi6008_2,C95_EColi6008_2,C90_EColi6008_2,C70_EColi6008_2,C50_EColi6008_2,C40_EColi3578_1,C30_EColi3578_1
EColi6009_2,C95_EColi6009_2,C90_EColi6009_2,C70_EColi6009_2,C50_EColi6009_2,C40_EColi6009_2,C30_EColi6009_2
EColi6010_0,C95_EColi6010_0,C90_EColi6010_0,C70_EColi6010_0,C50_EColi6010_0,C40_EColi6010_0,C30_EColi6010_0
EColi6011_2,C95_EColi6011_2,C90_EColi6011_2,C70_EColi6011_2,C50_EColi6011_2,C40_EColi6011_2,C30_EColi6011_2
EColi6012_1,C95_EColi6012_1,C90_EColi6012_1,C70_EColi6012_1,C50_EColi4626_1,C40_EColi4626_1,C30_EColi4626_1
EColi6013_0,C95_EColi6013_0,C90_EColi6013_0,C70_EColi6013_0,C50_EColi6013_0,C40_EColi6013_0,C30_EColi2738_2
EColi6014_0,C95_EColi6014_0,C90_EColi6014_0,C70_EColi6014_0,C50_EColi6014_0,C40_EColi6014_0,C30_EColi6014_0
EColi6015_2,C95_EColi6015_2,C90_EColi6015_2,C70_EColi6015_2,C50_EColi5396_2,C40_EColi5396_2,C30_EColi5396_2
EColi6016_1,C95_EColi6016_1,C90_EColi6016_1,C70_EColi6016_1,C50_EColi6016_1,C40_EColi3564_1,C30_EColi5693_1
EColi6017_1,C95_EColi6017_1,C90_EColi6017_1,C70_EColi6017_1,C50_EColi6017_1,C40_EColi2157_1,C30_EColi6017_1
EColi6018_1,C95_EColi6018_1,C90_EColi6018_1,C70_EColi6018_1,C50_EColi605_2,C40_EColi2305_2,C30_EColi2305_2
EColi6019_2,C95_EColi6019_2,C90_EColi6019_2,C70_EColi6019_2,C50_EColi6019_2,C40_EColi6019_2,C30_EColi6019_2
EColi6020_0,C95_EColi6020_0,C90_EColi6020_0,C70_EColi6020_0,C50_EColi6020_0,C40_EColi6020_0,C30_EColi2711_0
EColi6021_2,C95_EColi6021_2,C90_EColi6021_2,C70_EColi6021_2,C50_EColi6021_2,C40_EColi6021_2,C30_EColi6021_2
EColi6022_2,C95_EColi6022_2,C90_EColi6022_2,C70_EColi6022_2,C50_EColi6022_2,C40_EColi6022_2,C30_EColi5749_1
EColi6023_0,C95_EColi6023_0,C90_EColi6023_0,C70_EColi6023_0,C50_EColi6023_0,C40_EColi6023_0,C30_EColi6023_0
EColi6024_0,C95_EColi6024_0,C90_EColi6024_0,C70_EColi6024_0,C50_EColi6024_0,C40_EColi6024_0,C30_EColi6024_0
EColi6025_0,C95_EColi6025_0,C90_EColi6025_0,C70_EColi6025_0,C50_EColi6025_0,C40_EColi6025_0,C30_EColi6025_0
EColi6026_1,C95_EColi6026_1,C90_EColi6026_1,C70_EColi6026_1,C50_EColi6026_1,C40_EColi6026_1,C30_EColi6026_1
EColi6027_1,C95_EColi6027_1,C90_EColi6027_1,C70_EColi6027_1,C50_EColi6027_1,C40_EColi6027_1,C30_EColi4576_0
EColi6028_1,C95_EColi6028_1,C90_EColi6028_1,C70_EColi6028_1,C50_EColi6028_1,C40_EColi6028_1,C30_EColi6028_1
EColi6029_0,C95_EColi6029_0,C90_EColi6029_0,C70_EColi6029_0,C50_EColi6029_0,C40_EColi6029_0,C30_EColi6029_0
EColi6030_0,C95_EColi6030_0,C90_EColi6030_0,C70_EColi6030_0,C50_EColi6030_0,C40_EColi6030_0,C30_EColi6030_0
EColi6031_2,C95_EColi6031_2,C90_EColi6031_2,C70_EColi6031_2,C50_EColi6031_2,C40_EColi6031_2,C30_EColi6031_2
EColi6032_1,C95_EColi6032_1,C90_EColi6032_1,C70_EColi6032_1,C50_EColi6032_1,C40_EColi6032_1,C30_EColi6032_1
EColi6033_0,C95_EColi6033_0,C90_EColi6033_0,C70_EColi6033_0,C50_EColi6033_0,C40_EColi6033_0,C30_EColi6033_0
EColi6034_0,C95_EColi6034_0,C90_EColi6034_0,C70_EColi6034_0,C50_EColi6034_0,C40_EColi6034_0,C30_EColi1349_2
EColi6035_1,C95_EColi6035_1,C90_EColi6035_1,C70_EColi6035_1,C50_EColi6035_1,C40_EColi2610_0,C30_EColi1778_2
EColi6036_0,C95_EColi6036_0,C90_EColi6036_0,C70_EColi6036_0,C50_EColi6036_0,C40_EColi6036_0,C30_EColi5000_1
EColi6037_1,C95_EColi6037_1,C90_EColi6037_1,C70_EColi6037_1,C50_EColi6037_1,C40_EColi6037_1,C30_EColi6037_1
EColi6038_2,C95_EColi6038_2,C90_EColi6038_2,C70_EColi6038_2,C50_EColi6038_2,C40_EColi6038_2,C30_EColi3460_0
EColi6039_2,C95_EColi6039_2,C90_EColi6039_2,C70_EColi6039_2,C50_EColi6039_2,C40_EColi3039_2,C30_EColi3039_2
EColi6040_2,C95_EColi6040_2,C90_EColi6040_2,C70_EColi6040_2,C50_EColi6040_2,C40_EColi6040_2,C30_EColi6040_2
EColi6041_1,C95_EColi6041_1,C90_EColi6041_1,C70_EColi6041_1,C50_EColi6041_1,C40_EColi6041_1,C30_EColi6041_1
EColi6042_1,C95_EColi6042_1,C90_EColi6042_1,C70_EColi6042_1,C50_EColi3844_0,C40_EColi3844_0,C30_EColi3844_0
EColi6043_0,C95_EColi6043_0,C90_EColi6043_0,C70_EColi6043_0,C50_EColi6043_0,C40_EColi6043_0,C30_EColi3219_1
EColi6044_0,C95_EColi6044_0,C90_EColi6044_0,C70_EColi6044_0,C50_EColi6044_0,C40_EColi4096_0,C30_EColi4096_0
EColi6045_1,C95_EColi6045_1,C90_EColi6045_1,C70_EColi6045_1,C50_EColi6045_1,C40_EColi6045_1,C30_EColi6045_1
EColi6046_0,C95_EColi6046_0,C90_EColi6046_0,C70_EColi6046_0,C50_EColi6046_0,C40_EColi6046_0,C30_EColi6046_0
EColi6047_2,C95_EColi6047_2,C90_EColi6047_2,C70_EColi6047_2,C50_EColi6047_2,C40_EColi6047_2,C30_EColi6047_2
EColi6048_1,C95_EColi6048_1,C90_EColi6048_1,C70_EColi6048_1,C50_EColi6048_1,C40_EColi6048_1,C30_EColi6236_1
EColi6049_1,C95_EColi6049_1,C90_EColi6049_1,C70_EColi6049_1,C50_EColi913_2,C40_EColi913_2,C30_EColi913_2
EColi6050_1,C95_EColi6050_1,C90_EColi6050_1,C70_EColi6050_1,C50_EColi6050_1,C40_EColi6050_1,C30_EColi5693_1
EColi6051_2,C95_EColi6051_2,C90_EColi6051_2,C70_EColi6051_2,C50_EColi3476_2,C40_EColi4440_2,C30_EColi5981_2
EColi6052_0,C95_EColi6052_0,C90_EColi6052_0,C70_EColi6052_0,C50_EColi6052_0,C40_EColi3736_2,C30_EColi3737_2
EColi6053_1,C95_EColi6053_1,C90_EColi6053_1,C70_EColi6053_1,C50_EColi6053_1,C40_EColi6053_1,C30_EColi6053_1
EColi6054_2,C95_EColi6054_2,C90_EColi6054_2,C70_EColi6054_2,C50_EColi2991_1,C40_EColi2991_1,C30_EColi2991_1
EColi6055_1,C95_EColi6055_1,C90_EColi6055_1,C70_EColi6055_1,C50_EColi6295_1,C40_EColi6295_1,C30_EColi6295_1
EColi6056_2,C95_EColi6056_2,C90_EColi6056_2,C70_EColi6056_2,C50_EColi6056_2,C40_EColi6056_2,C30_EColi6056_2
EColi6057_1,C95_EColi6057_1,C90_EColi6057_1,C70_EColi6057_1,C50_EColi4372_0,C40_EColi4372_0,C30_EColi4372_0
EColi6058_1,C95_EColi6058_1,C90_EColi6058_1,C70_EColi6058_1,C50_EColi4468_1,C40_EColi4468_1,C30_EColi3588_1
EColi6059_1,C95_EColi6059_1,C90_EColi6059_1,C70_EColi6059_1,C50_EColi5051_2,C40_EColi1607_1,C30_EColi3083_2
EColi6060_2,C95_EColi6060_2,C90_EColi6060_2,C70_EColi6060_2,C50_EColi4481_2,C40_EColi4481_2,C30_EColi6060_2
EColi6061_2,C95_EColi6061_2,C90_EColi6061_2,C70_EColi6061_2,C50_EColi6061_2,C40_EColi3748_1,C30_EColi3748_1
EColi6062_2,C95_EColi6062_2,C90_EColi6062_2,C70_EColi6062_2,C50_EColi6062_2,C40_EColi6062_2,C30_EColi6062_2
EColi6063_0,C95_EColi6063_0,C90_EColi6063_0,C70_EColi6063_0,C50_EColi3479_2,C40_EColi3479_2,C30_EColi625_1
EColi6064_0,C95_EColi6064_0,C90_EColi6064_0,C70_EColi6064_0,C50_EColi6064_0,C40_EColi6064_0,C30_EColi6064_0
EColi6065_0,C95_EColi6065_0,C90_EColi6065_0,C70_EColi6065_0,C50_EColi6065_0,C40_EColi6065_0,C30_EColi6065_0
EColi6066_0,C95_EColi6066_0,C90_EColi6066_0,C70_EColi6066_0,C50_EColi6066_0,C40_EColi6066_0,C30_EColi6066_0
EColi6067_0,C95_EColi6067_0,C90_EColi6067_0,C70_EColi6067_0,C50_EColi6067_0,C40_EColi6067_0,C30_EColi3384_2
EColi6068_0,C95_EColi6068_0,C90_EColi6068_0,C70_EColi6068_0,C50_EColi6068_0,C40_EColi2843_1,C30_EColi674_0
EColi6069_0,C95_EColi6069_0,C90_EColi6069_0,C70_EColi6069_0,C50_EColi202_0,C40_EColi202_0,C30_EColi4635_0
EColi6070_0,C95_EColi6070_0,C90_EColi6070_0,C70_EColi6070_0,C50_EColi6070_0,C40_EColi6070_0,C30_EColi6070_0
EColi6071_0,C95_EColi6071_0,C90_EColi6071_0,C70_EColi6071_0,C50_EColi6071_0,C40_EColi6071_0,C30_EColi4999_1
EColi6072_0,C95_EColi6072_0,C90_EColi6072_0,C70_EColi6072_0,C50_EColi5535_0,C40_EColi5535_0,C30_EColi5535_0
EColi6073_1,C95_EColi6073_1,C90_EColi6073_1,C70_EColi6073_1,C50_EColi6073_1,C40_EColi6073_1,C30_EColi6073_1
EColi6074_2,C95_EColi6074_2,C90_EColi6074_2,C70_EColi6074_2,C50_EColi6074_2,C40_EColi6074_2,C30_EColi6074_2
EColi6075_1,C95_EColi6075_1,C90_EColi6075_1,C70_EColi6075_1,C50_EColi6075_1,C40_EColi6075_1,C30_EColi6075_1
EColi6076_2,C95_EColi6076_2,C90_EColi6076_2,C70_EColi6076_2,C50_EColi6076_2,C40_EColi6076_2,C30_EColi49_0
EColi6077_1,C95_EColi6077_1,C90_EColi6077_1,C70_EColi6077_1,C50_EColi6077_1,C40_EColi6077_1,C30_EColi6077_1
EColi6078_2,C95_EColi6078_2,C90_EColi6078_2,C70_EColi6078_2,C50_EColi6078_2,C40_EColi6078_2,C30_EColi2947_2
EColi6079_2,C95_EColi6079_2,C90_EColi6079_2,C70_EColi6079_2,C50_EColi6079_2,C40_EColi6079_2,C30_EColi6079_2
EColi6080_1,C95_EColi6080_1,C90_EColi6080_1,C70_EColi6080_1,C50_EColi6080_1,C40_EColi6080_1,C30_EColi6080_1
EColi6081_0,C95_EColi6081_0,C90_EColi6081_0,C70_EColi6081_0,C50_EColi6081_0,C40_EColi6081_0,C30_EColi6081_0
EColi6082_0,C95_EColi6082_0,C90_EColi6082_0,C70_EColi6082_0,C50_EColi6082_0,C40_EColi6082_0,C30_EColi6082_0
EColi6083_0,C95_EColi6083_0,C90_EColi6083_0,C70_EColi6083_0,C50_EColi6083_0,C40_EColi6083_0,C30_EColi6083_0
EColi6084_2,C95_EColi6084_2,C90_EColi6084_2,C70_EColi6084_2,C50_EColi6084_2,C40_EColi4531_0,C30_EColi5223_1
EColi6085_0,C95_EColi6085_0,C90_EColi6085_0,C70_EColi6085_0,C50_EColi6085_0,C40_EColi6085_0,C30_EColi2414_2
EColi6086_0,C95_EColi6086_0,C90_EColi6086_0,C70_EColi6086_0,C50_EColi6086_0,C40_EColi2202_2,C30_EColi2202_2
EColi6087_1,C95_EColi6087_1,C90_EColi6087_1,C70_EColi6087_1,C50_EColi6087_1,C40_EColi6087_1,C30_EColi6087_1
EColi6088_0,C95_EColi6088_0,C90_EColi6088_0,C70_EColi6088_0,C50_EColi4043_1,C40_EColi4043_1,C30_EColi4043_1
EColi6089_1,C95_EColi6089_1,C90_EColi6089_1,C70_EColi6089_1,C50_EColi6089_1,C40_EColi6089_1,C30_EColi6089_1
EColi6090_0,C95_EColi6090_0,C90_EColi6090_0,C70_EColi6090_0,C50_EColi6090_0,C40_EColi4798_1,C30_EColi4798_1
EColi6091_1,C95_EColi6091_1,C90_EColi6091_1,C70_EColi6091_1,C50_EColi6091_1,C40_EColi6091_1,C30_EColi6017_1
EColi6092_1,C95_EColi6092_1,C90_EColi6092_1,C70_EColi6092_1,C50_EColi6092_1,C40_EColi6092_1,C30_EColi2446_1
EColi6093_0,C95_EColi6093_0,C90_EColi6093_0,C70_EColi6093_0,C50_EColi6093_0,C40_EColi6093_0,C30_EColi6093_0
EColi6094_0,C95_EColi6094_0,C90_EColi6094_0,C70_EColi6094_0,C50_EColi6094_0,C40_EColi6094_0,C30_EColi6094_0
EColi6095_0,C95_EColi6095_0,C90_EColi6095_0,C70_EColi6095_0,C50_EColi6095_0,C40_EColi6095_0,C30_EColi6095_0
EColi6096_0,C95_EColi6096_0,C90_EColi6096_0,C70_EColi6096_0,C50_EColi6096_0,C40_EColi6096_0,C30_EColi2548_2
EColi6097_2,C95_EColi6097_2,C90_EColi6097_2,C70_EColi6097_2,C50_EColi6097_2,C40_EColi6097_2,C30_EColi6097_2
EColi6098_2,C95_EColi6098_2,C90_EColi6098_2,C70_EColi6098_2,C50_EColi6098_2,C40_EColi6098_2,C30_EColi6098_2
EColi6099_1,C95_EColi6099_1,C90_EColi6099_1,C70_EColi6099_1,C50_EColi6099_1,C40_EColi6099_1,C30_EColi6099_1
EColi6200_0,C95_EColi6200_0,C90_EColi6200_0,C70_EColi6200_0,C50_EColi6200_0,C40_EColi5553_1,C30_EColi5553_1
EColi6201_1,C95_EColi6201_1,C90_EColi6201_1,C70_EColi6201_1,C50_EColi6201_1,C40_EColi6201_1,C30_EColi6201_1
EColi6202_0,C95_EColi6202_0,C90_EColi6202_0,C70_EColi6202_0,C50_EColi6202_0,C40_EColi6202_0,C30_EColi6202_0
EColi6203_0,C95_EColi6203_0,C90_EColi6203_0,C70_EColi6203_0,C50_EColi6203_0,C40_EColi6203_0,C30_EColi6203_0
EColi6204_1,C95_EColi6204_1,C90_EColi6204_1,C70_EColi6204_1,C50_EColi6204_1,C40_EColi6204_1,C30_EColi6204_1
EColi6205_2,C95_EColi6205_2,C90_EColi6205_2,C70_EColi6205_2,C50_EColi1510_1,C40_EColi1510_1,C30_EColi1510_1
EColi6206_1,C95_EColi6206_1,C90_EColi6206_1,C70_EColi6206_1,C50_EColi6206_1,C40_EColi6206_1,C30_EColi6206_1
EColi6207_1,C95_EColi6207_1,C90_EColi6207_1,C70_EColi6207_1,C50_EColi6207_1,C40_EColi6207_1,C30_EColi4813_0
EColi6208_1,C95_EColi6208_1,C90_EColi6208_1,C70_EColi6208_1,C50_EColi6208_1,C40_EColi6208_1,C30_EColi6208_1
EColi6209_1,C95_EColi6209_1,C90_EColi6209_1,C70_EColi6209_1,C50_EColi6209_1,C40_EColi6209_1,C30_EColi6209_1
EColi6210_1,C95_EColi6210_1,C90_EColi6210_1,C70_EColi6210_1,C50_EColi6210_1,C40_EColi6210_1,C30_EColi6210_1
EColi6211_1,C95_EColi6211_1,C90_EColi6211_1,C70_EColi6211_1,C50_EColi6211_1,C40_EColi6211_1,C30_EColi6211_1
EColi6212_1,C95_EColi6212_1,C90_EColi6212_1,C70_EColi6212_1,C50_EColi6212_1,C40_EColi2654_2,C30_EColi2654_2
EColi6213_1,C95_EColi6213_1,C90_EColi6213_1,C70_EColi6213_1,C50_EColi4052_1,C40_EColi4052_1,C30_EColi2764_2
EColi6214_1,C95_EColi6214_1,C90_EColi6214_1,C70_EColi6214_1,C50_EColi6214_1,C40_EColi6214_1,C30_EColi635_0
EColi6215_1,C95_EColi6215_1,C90_EColi6215_1,C70_EColi6215_1,C50_EColi6215_1,C40_EColi6215_1,C30_EColi6215_1
EColi6216_1,C95_EColi6216_1,C90_EColi6216_1,C70_EColi6216_1,C50_EColi6216_1,C40_EColi6216_1,C30_EColi6216_1
EColi6217_1,C95_EColi6217_1,C90_EColi6217_1,C70_EColi6217_1,C50_EColi6217_1,C40_EColi3944_2,C30_EColi6340_1
EColi6218_1,C95_EColi6218_1,C90_EColi6218_1,C70_EColi6218_1,C50_EColi6218_1,C40_EColi231_2,C30_EColi231_2
EColi6219_0,C95_EColi6219_0,C90_EColi6219_0,C70_EColi6219_0,C50_EColi6219_0,C40_EColi6219_0,C30_EColi2191_2
EColi6220_1,C95_EColi6220_1,C90_EColi6220_1,C70_EColi6220_1,C50_EColi1346_0,C40_EColi1346_0,C30_EColi656_0
EColi6221_1,C95_EColi6221_1,C90_EColi6221_1,C70_EColi6221_1,C50_EColi6221_1,C40_EColi6221_1,C30_EColi6221_1
EColi6222_1,C95_EColi6222_1,C90_EColi6222_1,C70_EColi6222_1,C50_EColi6222_1,C40_EColi6222_1,C30_EColi6222_1
EColi6223_1,C95_EColi6223_1,C90_EColi6223_1,C70_EColi6223_1,C50_EColi6223_1,C40_EColi6223_1,C30_EColi6223_1
EColi6224_1,C95_EColi6224_1,C90_EColi6224_1,C70_EColi6224_1,C50_EColi4043_1,C40_EColi4043_1,C30_EColi4043_1
EColi6225_1,C95_EColi6225_1,C90_EColi6225_1,C70_EColi6225_1,C50_EColi6225_1,C40_EColi6225_1,C30_EColi2764_2
EColi6226_1,C95_EColi6226_1,C90_EColi6226_1,C70_EColi6226_1,C50_EColi6226_1,C40_EColi6226_1,C30_EColi6226_1
EColi6227_1,C95_EColi6227_1,C90_EColi6227_1,C70_EColi6227_1,C50_EColi6227_1,C40_EColi6227_1,C30_EColi6227_1
EColi6228_1,C95_EColi6228_1,C90_EColi6228_1,C70_EColi6228_1,C50_EColi6228_1,C40_EColi6228_1,C30_EColi6228_1
EColi6229_1,C95_EColi6229_1,C90_EColi6229_1,C70_EColi6229_1,C50_EColi6229_1,C40_EColi6229_1,C30_EColi4394_0
EColi6230_1,C95_EColi6230_1,C90_EColi6230_1,C70_EColi6230_1,C50_EColi6230_1,C40_EColi700_2,C30_EColi700_2
EColi6231_1,C95_EColi6231_1,C90_EColi6231_1,C70_EColi6231_1,C50_EColi6231_1,C40_EColi5233_1,C30_EColi895_0
EColi6232_1,C95_EColi6232_1,C90_EColi6232_1,C70_EColi6232_1,C50_EColi1236_2,C40_EColi1236_2,C30_EColi1236_2
EColi6233_1,C95_EColi6233_1,C90_EColi6233_1,C70_EColi6233_1,C50_EColi6233_1,C40_EColi6233_1,C30_EColi2083_2
EColi6234_1,C95_EColi6234_1,C90_EColi6234_1,C70_EColi6234_1,C50_EColi6234_1,C40_EColi6234_1,C30_EColi6234_1
EColi6235_1,C95_EColi6235_1,C90_EColi6235_1,C70_EColi6235_1,C50_EColi6235_1,C40_EColi6235_1,C30_EColi5349_0
EColi6236_1,C95_EColi6236_1,C90_EColi6236_1,C70_EColi6236_1,C50_EColi6236_1,C40_EColi6236_1,C30_EColi6236_1
EColi6237_1,C95_EColi6237_1,C90_EColi6237_1,C70_EColi6237_1,C50_EColi6237_1,C40_EColi6237_1,C30_EColi88_0
EColi6238_1,C95_EColi6238_1,C90_EColi6238_1,C70_EColi6238_1,C50_EColi6238_1,C40_EColi6238_1,C30_EColi6238_1
EColi6239_1,C95_EColi6239_1,C90_EColi6239_1,C70_EColi6239_1,C50_EColi6239_1,C40_EColi6239_1,C30_EColi426_2
EColi6240_1,C95_EColi6240_1,C90_EColi6240_1,C70_EColi6240_1,C50_EColi6240_1,C40_EColi6240_1,C30_EColi6240_1
EColi6241_1,C95_EColi6241_1,C90_EColi6241_1,C70_EColi6241_1,C50_EColi6241_1,C40_EColi6241_1,C30_EColi1100_1
EColi6242_1,C95_EColi6242_1,C90_EColi6242_1,C70_EColi6242_1,C50_EColi6242_1,C40_EColi6242_1,C30_EColi6242_1
EColi6243_1,C95_EColi6243_1,C90_EColi6243_1,C70_EColi6243_1,C50_EColi574_0,C40_EColi5338_1,C30_EColi5338_1
EColi6244_1,C95_EColi6244_1,C90_EColi6244_1,C70_EColi6244_1,C50_EColi1510_1,C40_EColi1510_1,C30_EColi1510_1
EColi6245_1,C95_EColi6245_1,C90_EColi6245_1,C70_EColi6245_1,C50_EColi6245_1,C40_EColi6245_1,C30_EColi6245_1
EColi6246_1,C95_EColi6246_1,C90_EColi6246_1,C70_EColi6246_1,C50_EColi6246_1,C40_EColi6246_1,C30_EColi3733_0
EColi6247_1,C95_EColi6247_1,C90_EColi6247_1,C70_EColi6247_1,C50_EColi6247_1,C40_EColi6247_1,C30_EColi4514_0
EColi6248_1,C95_EColi6248_1,C90_EColi6248_1,C70_EColi6248_1,C50_EColi6248_1,C40_EColi6248_1,C30_EColi635_0
EColi6249_1,C95_EColi6249_1,C90_EColi6249_1,C70_EColi6249_1,C50_EColi6249_1,C40_EColi5210_1,C30_EColi5210_1
EColi6250_1,C95_EColi6250_1,C90_EColi6250_1,C70_EColi6250_1,C50_EColi6250_1,C40_EColi6250_1,C30_EColi5351_0
EColi6251_1,C95_EColi6251_1,C90_EColi6251_1,C70_EColi6251_1,C50_EColi6251_1,C40_EColi6251_1,C30_EColi6251_1
EColi6252_1,C95_EColi6252_1,C90_EColi6252_1,C70_EColi6252_1,C50_EColi6252_1,C40_EColi6252_1,C30_EColi6252_1
EColi6253_1,C95_EColi6253_1,C90_EColi6253_1,C70_EColi6253_1,C50_EColi6253_1,C40_EColi3487_2,C30_EColi3487_2
EColi6254_1,C95_EColi6254_1,C90_EColi6254_1,C70_EColi6254_1,C50_EColi6254_1,C40_EColi6254_1,C30_EColi6254_1
EColi6255_2,C95_EColi6255_2,C90_EColi6255_2,C70_EColi6255_2,C50_EColi1510_1,C40_EColi1510_1,C30_EColi1510_1
EColi6256_1,C95_EColi6256_1,C90_EColi6256_1,C70_EColi6256_1,C50_EColi6256_1,C40_EColi6256_1,C30_EColi6256_1
EColi6257_1,C95_EColi6257_1,C90_EColi6257_1,C70_EColi6257_1,C50_EColi6257_1,C40_EColi6257_1,C30_EColi6257_1
EColi6258_1,C95_EColi6258_1,C90_EColi6258_1,C70_EColi6258_1,C50_EColi5295_1,C40_EColi5295_1,C30_EColi5295_1
EColi6259_1,C95_EColi6259_1,C90_EColi6259_1,C70_EColi6259_1,C50_EColi1667_1,C40_EColi1667_1,C30_EColi1667_1
EColi6260_1,C95_EColi6260_1,C90_EColi6260_1,C70_EColi6260_1,C50_EColi6260_1,C40_EColi6260_1,C30_EColi6260_1
EColi6261_1,C95_EColi6261_1,C90_EColi6261_1,C70_EColi6261_1,C50_EColi6261_1,C40_EColi6261_1,C30_EColi327_1
EColi6262_1,C95_EColi6262_1,C90_EColi6262_1,C70_EColi6262_1,C50_EColi6262_1,C40_EColi6262_1,C30_EColi6262_1
EColi6263_0,C95_EColi6263_0,C90_EColi6263_0,C70_EColi6263_0,C50_EColi6263_0,C40_EColi6263_0,C30_EColi6263_0
EColi6264_2,C95_EColi6264_2,C90_EColi6264_2,C70_EColi6264_2,C50_EColi6264_2,C40_EColi6264_2,C30_EColi6176_0
EColi6265_2,C95_EColi6265_2,C90_EColi6265_2,C70_EColi6265_2,C50_EColi6265_2,C40_EColi6265_2,C30_EColi6265_2
EColi6266_1,C95_EColi6266_1,C90_EColi6266_1,C70_EColi6266_1,C50_EColi6266_1,C40_EColi6266_1,C30_EColi6266_1
EColi6267_2,C95_EColi6267_2,C90_EColi6267_2,C70_EColi6267_2,C50_EColi6267_2,C40_EColi6267_2,C30_EColi6267_2
EColi6268_1,C95_EColi6268_1,C90_EColi6268_1,C70_EColi6268_1,C50_EColi6268_1,C40_EColi5445_0,C30_EColi5445_0
EColi6269_0,C95_EColi6269_0,C90_EColi6269_0,C70_EColi6269_0,C50_EColi6269_0,C40_EColi6269_0,C30_EColi6269_0
EColi6270_0,C95_EColi6270_0,C90_EColi6270_0,C70_EColi6270_0,C50_EColi6270_0,C40_EColi6270_0,C30_EColi6270_0
EColi6271_0,C95_EColi6271_0,C90_EColi6271_0,C70_EColi6271_0,C50_EColi6271_0,C40_EColi6271_0,C30_EColi6271_0
EColi6272_1,C95_EColi6272_1,C90_EColi6272_1,C70_EColi6272_1,C50_EColi4255_2,C40_EColi4255_2,C30_EColi1349_2
EColi6273_1,C95_EColi6273_1,C90_EColi6273_1,C70_EColi6273_1,C50_EColi6273_1,C40_EColi48_0,C30_EColi48_0
EColi6274_1,C95_EColi6274_1,C90_EColi6274_1,C70_EColi6274_1,C50_EColi6274_1,C40_EColi2610_0,C30_EColi1778_2
EColi6275_1,C95_EColi6275_1,C90_EColi6275_1,C70_EColi6275_1,C50_EColi6275_1,C40_EColi6275_1,C30_EColi6275_1
EColi6276_0,C95_EColi6276_0,C90_EColi6276_0,C70_EColi6276_0,C50_EColi6276_0,C40_EColi6276_0,C30_EColi3807_0
EColi6277_0,C95_EColi6277_0,C90_EColi6277_0,C70_EColi6277_0,C50_EColi6277_0,C40_EColi6277_0,C30_EColi5364_0
EColi6278_1,C95_EColi6278_1,C90_EColi6278_1,C70_EColi6278_1,C50_EColi6278_1,C40_EColi6278_1,C30_EColi4837_0
EColi6279_1,C95_EColi6279_1,C90_EColi6279_1,C70_EColi6279_1,C50_EColi6279_1,C40_EColi6279_1,C30_EColi6279_1
EColi6280_1,C95_EColi6280_1,C90_EColi6280_1,C70_EColi6280_1,C50_EColi6280_1,C40_EColi6280_1,C30_EColi6280_1
EColi6281_0,C95_EColi6281_0,C90_EColi6281_0,C70_EColi6281_0,C50_EColi6281_0,C40_EColi6281_0,C30_EColi6281_0
EColi6282_1,C95_EColi6282_1,C90_EColi6282_1,C70_EColi6282_1,C50_EColi6282_1,C40_EColi6282_1,C30_EColi6282_1
EColi6283_1,C95_EColi6283_1,C90_EColi6283_1,C70_EColi6283_1,C50_EColi6283_1,C40_EColi6283_1,C30_EColi3141_1
EColi6284_1,C95_EColi6284_1,C90_EColi6284_1,C70_EColi6284_1,C50_EColi6284_1,C40_EColi6284_1,C30_EColi1071_1
EColi6285_1,C95_EColi6285_1,C90_EColi6285_1,C70_EColi6285_1,C50_EColi5432_0,C40_EColi5432_0,C30_EColi5432_0
EColi6286_1,C95_EColi6286_1,C90_EColi6286_1,C70_EColi6286_1,C50_EColi6286_1,C40_EColi6286_1,C30_EColi6286_1
EColi6287_1,C95_EColi6287_1,C90_EColi6287_1,C70_EColi6287_1,C50_EColi172_0,C40_EColi172_0,C30_EColi172_0
EColi6288_1,C95_EColi6288_1,C90_EColi6288_1,C70_EColi6288_1,C50_EColi6288_1,C40_EColi6288_1,C30_EColi6288_1
EColi6289_1,C95_EColi6289_1,C90_EColi6289_1,C70_EColi6289_1,C50_EColi329_0,C40_EColi4930_1,C30_EColi4930_1
EColi6290_1,C95_EColi6290_1,C90_EColi6290_1,C70_EColi6290_1,C50_EColi2701_2,C40_EColi3083_2,C30_EColi3083_2
EColi6291_1,C95_EColi6291_1,C90_EColi6291_1,C70_EColi6291_1,C50_EColi6291_1,C40_EColi6291_1,C30_EColi6291_1
EColi6292_1,C95_EColi6292_1,C90_EColi6292_1,C70_EColi6292_1,C50_EColi6292_1,C40_EColi6292_1,C30_EColi6292_1
EColi6293_1,C95_EColi6293_1,C90_EColi6293_1,C70_EColi6293_1,C50_EColi6293_1,C40_EColi6293_1,C30_EColi6293_1
EColi6294_1,C95_EColi6294_1,C90_EColi6294_1,C70_EColi6294_1,C50_EColi6294_1,C40_EColi6294_1,C30_EColi4888_1
EColi6295_1,C95_EColi6295_1,C90_EColi6295_1,C70_EColi6295_1,C50_EColi6295_1,C40_EColi6295_1,C30_EColi6295_1
EColi6296_1,C95_EColi6296_1,C90_EColi6296_1,C70_EColi6296_1,C50_EColi6296_1,C40_EColi6296_1,C30_EColi6296_1
EColi6297_1,C95_EColi6297_1,C90_EColi6297_1,C70_EColi6297_1,C50_EColi6297_1,C40_EColi6297_1,C30_EColi6297_1
EColi6298_1,C95_EColi6298_1,C90_EColi6298_1,C70_EColi6298_1,C50_EColi2650_2,C40_EColi2650_2,C30_EColi2650_2
EColi6299_1,C95_EColi6299_1,C90_EColi6299_1,C70_EColi6299_1,C50_EColi6299_1,C40_EColi6299_1,C30_EColi1198_1
EColi1800_0,C95_EColi1800_0,C90_EColi1800_0,C70_EColi1800_0,C50_EColi1800_0,C40_EColi1800_0,C30_EColi5928_0
EColi1801_0,C95_EColi1801_0,C90_EColi1801_0,C70_EColi1801_0,C50_EColi1801_0,C40_EColi1801_0,C30_EColi1801_0
EColi1802_0,C95_EColi1802_0,C90_EColi1802_0,C70_EColi1802_0,C50_EColi1802_0,C40_EColi1802_0,C30_EColi1746_2
EColi1803_1,C95_EColi1803_1,C90_EColi1803_1,C70_EColi1803_1,C50_EColi1803_1,C40_EColi1803_1,C30_EColi1803_1
EColi1804_0,C95_EColi1804_0,C90_EColi1804_0,C70_EColi1804_0,C50_EColi1804_0,C40_EColi1804_0,C30_EColi4570_2
EColi1805_2,C95_EColi1805_2,C90_EColi1805_2,C70_EColi1805_2,C50_EColi1805_2,C40_EColi1805_2,C30_EColi1805_2
EColi1806_2,C95_EColi1806_2,C90_EColi1806_2,C70_EColi1806_2,C50_EColi1806_2,C40_EColi1806_2,C30_EColi5770_0
EColi1807_2,C95_EColi1807_2,C90_EColi1807_2,C70_EColi1807_2,C50_EColi1807_2,C40_EColi1807_2,C30_EColi5865_2
EColi1808_1,C95_EColi1808_1,C90_EColi1808_1,C70_EColi1808_1,C50_EColi1808_1,C40_EColi1808_1,C30_EColi1808_1
EColi1809_2,C95_EColi1809_2,C90_EColi1809_2,C70_EColi1809_2,C50_EColi1809_2,C40_EColi1809_2,C30_EColi1809_2
EColi1810_1,C95_EColi1810_1,C90_EColi1810_1,C70_EColi1810_1,C50_EColi2229_2,C40_EColi2229_2,C30_EColi4115_0
EColi1811_1,C95_EColi1811_1,C90_EColi1811_1,C70_EColi1811_1,C50_EColi1811_1,C40_EColi1811_1,C30_EColi1811_1
EColi1812_2,C95_EColi1812_2,C90_EColi1812_2,C70_EColi1812_2,C50_EColi1812_2,C40_EColi1812_2,C30_EColi1812_2
EColi1813_1,C95_EColi1813_1,C90_EColi1813_1,C70_EColi1813_1,C50_EColi1813_1,C40_EColi1813_1,C30_EColi1813_1
EColi1814_0,C95_EColi1814_0,C90_EColi1814_0,C70_EColi1814_0,C50_EColi3451_1,C40_EColi3451_1,C30_EColi660_0
EColi1815_1,C95_EColi1815_1,C90_EColi1815_1,C70_EColi1815_1,C50_EColi1815_1,C40_EColi1815_1,C30_EColi1815_1
EColi1816_1,C95_EColi1816_1,C90_EColi1816_1,C70_EColi1816_1,C50_EColi1816_1,C40_EColi5556_0,C30_EColi5556_0
EColi1817_1,C95_EColi1817_1,C90_EColi1817_1,C70_EColi1817_1,C50_EColi1817_1,C40_EColi1817_1,C30_EColi4206_2
EColi1818_1,C95_EColi1818_1,C90_EColi1818_1,C70_EColi1818_1,C50_EColi1818_1,C40_EColi1818_1,C30_EColi1818_1
EColi1819_1,C95_EColi1819_1,C90_EColi1819_1,C70_EColi1819_1,C50_EColi1819_1,C40_EColi2499_1,C30_EColi2499_1
EColi1820_1,C95_EColi1820_1,C90_EColi1820_1,C70_EColi1820_1,C50_EColi5829_0,C40_EColi5829_0,C30_EColi5829_0
EColi1821_1,C95_EColi1821_1,C90_EColi1821_1,C70_EColi1821_1,C50_EColi1821_1,C40_EColi1821_1,C30_EColi1821_1
EColi1822_2,C95_EColi1822_2,C90_EColi1822_2,C70_EColi1822_2,C50_EColi1822_2,C40_EColi2307_1,C30_EColi2307_1
EColi1823_1,C95_EColi1823_1,C90_EColi1823_1,C70_EColi1823_1,C50_EColi1823_1,C40_EColi1823_1,C30_EColi1823_1
EColi1824_0,C95_EColi1824_0,C90_EColi1824_0,C70_EColi1824_0,C50_EColi520_0,C40_EColi520_0,C30_EColi520_0
EColi1825_2,C95_EColi1825_2,C90_EColi1825_2,C70_EColi1825_2,C50_EColi1825_2,C40_EColi4902_2,C30_EColi6102_0
EColi1826_1,C95_EColi1826_1,C90_EColi1826_1,C70_EColi1826_1,C50_EColi1826_1,C40_EColi1826_1,C30_EColi1826_1
EColi1827_1,C95_EColi1827_1,C90_EColi1827_1,C70_EColi1827_1,C50_EColi1827_1,C40_EColi1827_1,C30_EColi1827_1
EColi1828_2,C95_EColi1828_2,C90_EColi1828_2,C70_EColi1828_2,C50_EColi1828_2,C40_EColi1828_2,C30_EColi1828_2
EColi1829_2,C95_EColi1829_2,C90_EColi1829_2,C70_EColi1829_2,C50_EColi1829_2,C40_EColi1829_2,C30_EColi5981_2
EColi1830_2,C95_EColi1830_2,C90_EColi1830_2,C70_EColi1830_2,C50_EColi1830_2,C40_EColi1830_2,C30_EColi1830_2
EColi1831_1,C95_EColi1831_1,C90_EColi1831_1,C70_EColi1831_1,C50_EColi1831_1,C40_EColi3709_2,C30_EColi1243_1
EColi1832_1,C95_EColi1832_1,C90_EColi1832_1,C70_EColi1832_1,C50_EColi1832_1,C40_EColi1832_1,C30_EColi1832_1
EColi1833_1,C95_EColi1833_1,C90_EColi1833_1,C70_EColi1833_1,C50_EColi1833_1,C40_EColi915_0,C30_EColi915_0
EColi1834_1,C95_EColi1834_1,C90_EColi1834_1,C70_EColi1834_1,C50_EColi1834_1,C40_EColi6080_1,C30_EColi6080_1
EColi1835_2,C95_EColi1835_2,C90_EColi1835_2,C70_EColi1835_2,C50_EColi1835_2,C40_EColi1835_2,C30_EColi1835_2
EColi1836_2,C95_EColi1836_2,C90_EColi1836_2,C70_EColi1836_2,C50_EColi887_0,C40_EColi887_0,C30_EColi889_1
EColi1837_2,C95_EColi1837_2,C90_EColi1837_2,C70_EColi1837_2,C50_EColi298_1,C40_EColi298_1,C30_EColi5855_0
EColi1838_2,C95_EColi1838_2,C90_EColi1838_2,C70_EColi1838_2,C50_EColi1838_2,C40_EColi1838_2,C30_EColi5680_0
EColi1839_1,C95_EColi1839_1,C90_EColi1839_1,C70_EColi1839_1,C50_EColi1839_1,C40_EColi1839_1,C30_EColi1839_1
EColi1840_2,C95_EColi1840_2,C90_EColi1840_2,C70_EColi1840_2,C50_EColi1840_2,C40_EColi259_2,C30_EColi259_2
EColi1841_0,C95_EColi1841_0,C90_EColi1841_0,C70_EColi1841_0,C50_EColi1841_0,C40_EColi1841_0,C30_EColi1841_0
EColi1842_1,C95_EColi1842_1,C90_EColi1842_1,C70_EColi1842_1,C50_EColi1842_1,C40_EColi2124_2,C30_EColi1264_0
EColi1843_2,C95_EColi1843_2,C90_EColi1843_2,C70_EColi1843_2,C50_EColi1843_2,C40_EColi1843_2,C30_EColi1843_2
EColi1844_2,C95_EColi1844_2,C90_EColi1844_2,C70_EColi1844_2,C50_EColi1844_2,C40_EColi1844_2,C30_EColi1844_2
EColi1845_0,C95_EColi1845_0,C90_EColi1845_0,C70_EColi1845_0,C50_EColi1845_0,C40_EColi1845_0,C30_EColi1845_0
EColi1846_2,C95_EColi1846_2,C90_EColi1846_2,C70_EColi1846_2,C50_EColi1846_2,C40_EColi1846_2,C30_EColi1846_2
EColi1847_1,C95_EColi1847_1,C90_EColi1847_1,C70_EColi1847_1,C50_EColi1847_1,C40_EColi1847_1,C30_EColi1847_1
EColi1848_1,C95_EColi1848_1,C90_EColi1848_1,C70_EColi1848_1,C50_EColi1848_1,C40_EColi1848_1,C30_EColi1848_1
EColi1849_1,C95_EColi1849_1,C90_EColi1849_1,C70_EColi1849_1,C50_EColi1849_1,C40_EColi1858_0,C30_EColi1858_0
EColi1850_2,C95_EColi1850_2,C90_EColi1850_2,C70_EColi1850_2,C50_EColi1850_2,C40_EColi1850_2,C30_EColi1850_2
EColi1851_0,C95_EColi1851_0,C90_EColi1851_0,C70_EColi1851_0,C50_EColi1851_0,C40_EColi1851_0,C30_EColi1851_0
EColi1852_0,C95_EColi1852_0,C90_EColi1852_0,C70_EColi1852_0,C50_EColi1852_0,C40_EColi1852_0,C30_EColi1852_0
EColi1853_1,C95_EColi1853_1,C90_EColi1853_1,C70_EColi1853_1,C50_EColi1853_1,C40_EColi1853_1,C30_EColi1853_1
EColi1854_0,C95_EColi1854_0,C90_EColi1854_0,C70_EColi1854_0,C50_EColi1854_0,C40_EColi1854_0,C30_EColi1854_0
EColi1855_2,C95_EColi1855_2,C90_EColi1855_2,C70_EColi1855_2,C50_EColi1855_2,C40_EColi1855_2,C30_EColi1855_2
EColi1856_2,C95_EColi1856_2,C90_EColi1856_2,C70_EColi1856_2,C50_EColi1856_2,C40_EColi1856_2,C30_EColi1856_2
EColi1857_2,C95_EColi1857_2,C90_EColi1857_2,C70_EColi1857_2,C50_EColi1857_2,C40_EColi1857_2,C30_EColi1857_2
EColi1858_0,C95_EColi1858_0,C90_EColi1858_0,C70_EColi1858_0,C50_EColi1858_0,C40_EColi1858_0,C30_EColi1858_0
EColi1859_1,C95_EColi1859_1,C90_EColi1859_1,C70_EColi1859_1,C50_EColi1859_1,C40_EColi1859_1,C30_EColi1859_1
EColi1860_2,C95_EColi1860_2,C90_EColi1860_2,C70_EColi1860_2,C50_EColi1860_2,C40_EColi1860_2,C30_EColi1860_2
EColi1861_0,C95_EColi1861_0,C90_EColi1861_0,C70_EColi1861_0,C50_EColi1861_0,C40_EColi1861_0,C30_EColi1861_0
EColi1862_0,C95_EColi1862_0,C90_EColi1862_0,C70_EColi1862_0,C50_EColi1862_0,C40_EColi1862_0,C30_EColi1862_0
EColi1863_1,C95_EColi1863_1,C90_EColi1863_1,C70_EColi1863_1,C50_EColi1863_1,C40_EColi1863_1,C30_EColi1863_1
EColi1864_0,C95_EColi1864_0,C90_EColi1864_0,C70_EColi1864_0,C50_EColi1864_0,C40_EColi1864_0,C30_EColi4335_0
EColi1865_2,C95_EColi1865_2,C90_EColi1865_2,C70_EColi1865_2,C50_EColi1865_2,C40_EColi1865_2,C30_EColi1865_2
EColi1866_2,C95_EColi1866_2,C90_EColi1866_2,C70_EColi1866_2,C50_EColi1866_2,C40_EColi1866_2,C30_EColi1866_2
EColi1867_1,C95_EColi1867_1,C90_EColi1867_1,C70_EColi1867_1,C50_EColi1848_1,C40_EColi1848_1,C30_EColi1848_1
EColi1868_0,C95_EColi1868_0,C90_EColi1868_0,C70_EColi1868_0,C50_EColi1868_0,C40_EColi1868_0,C30_EColi1868_0
EColi1869_0,C95_EColi1869_0,C90_EColi1869_0,C70_EColi1869_0,C50_EColi1869_0,C40_EColi1869_0,C30_EColi1869_0
EColi1870_2,C95_EColi1870_2,C90_EColi1870_2,C70_EColi1870_2,C50_EColi1870_2,C40_EColi1870_2,C30_EColi1870_2
EColi1871_0,C95_EColi1871_0,C90_EColi1871_0,C70_EColi1871_0,C50_EColi1871_0,C40_EColi1871_0,C30_EColi1871_0
EColi1872_2,C95_EColi1872_2,C90_EColi1872_2,C70_EColi1872_2,C50_EColi1872_2,C40_EColi1872_2,C30_EColi1872_2
EColi1873_0,C95_EColi1873_0,C90_EColi1873_0,C70_EColi1873_0,C50_EColi1873_0,C40_EColi2186_1,C30_EColi2186_1
EColi1874_2,C95_EColi1874_2,C90_EColi1874_2,C70_EColi1874_2,C50_EColi1874_2,C40_EColi1874_2,C30_EColi1874_2
EColi1875_0,C95_EColi1875_0,C90_EColi1875_0,C70_EColi1875_0,C50_EColi5994_0,C40_EColi5994_0,C30_EColi5994_0
EColi1876_1,C95_EColi1876_1,C90_EColi1876_1,C70_EColi1876_1,C50_EColi1876_1,C40_EColi20_1,C30_EColi20_1
EColi1877_1,C95_EColi1877_1,C90_EColi1877_1,C70_EColi1877_1,C50_EColi1877_1,C40_EColi1877_1,C30_EColi1877_1
EColi1878_1,C95_EColi1878_1,C90_EColi1878_1,C70_EColi1878_1,C50_EColi1891_1,C40_EColi1891_1,C30_EColi1891_1
EColi1879_0,C95_EColi1879_0,C90_EColi1879_0,C70_EColi1879_0,C50_EColi1879_0,C40_EColi1879_0,C30_EColi1879_0
EColi1880_0,C95_EColi1880_0,C90_EColi1880_0,C70_EColi1880_0,C50_EColi1880_0,C40_EColi5820_0,C30_EColi5820_0
EColi1881_1,C95_EColi1881_1,C90_EColi1881_1,C70_EColi1881_1,C50_EColi5808_0,C40_EColi5808_0,C30_EColi5542_0
EColi1882_0,C95_EColi1882_0,C90_EColi1882_0,C70_EColi1882_0,C50_EColi1882_0,C40_EColi1882_0,C30_EColi1882_0
EColi1883_0,C95_EColi1883_0,C90_EColi1883_0,C70_EColi1883_0,C50_EColi1883_0,C40_EColi1977_1,C30_EColi1977_1
EColi1884_1,C95_EColi1884_1,C90_EColi1884_1,C70_EColi1884_1,C50_EColi1884_1,C40_EColi1884_1,C30_EColi1884_1
EColi1885_1,C95_EColi1885_1,C90_EColi1885_1,C70_EColi1885_1,C50_EColi1885_1,C40_EColi2693_2,C30_EColi2693_2
EColi1886_2,C95_EColi1886_2,C90_EColi1886_2,C70_EColi1886_2,C50_EColi1981_1,C40_EColi1981_1,C30_EColi1981_1
EColi1887_1,C95_EColi1887_1,C90_EColi1887_1,C70_EColi1887_1,C50_EColi4043_1,C40_EColi4043_1,C30_EColi4043_1
EColi1888_1,C95_EColi1888_1,C90_EColi1888_1,C70_EColi1888_1,C50_EColi1888_1,C40_EColi5454_2,C30_EColi4695_0
EColi1889_0,C95_EColi1889_0,C90_EColi1889_0,C70_EColi1889_0,C50_EColi2800_0,C40_EColi2800_0,C30_EColi4999_1
EColi1890_1,C95_EColi1890_1,C90_EColi1890_1,C70_EColi1890_1,C50_EColi1356_1,C40_EColi4435_1,C30_EColi356_1
EColi1891_1,C95_EColi1891_1,C90_EColi1891_1,C70_EColi1891_1,C50_EColi1891_1,C40_EColi1891_1,C30_EColi1891_1
EColi1892_2,C95_EColi1892_2,C90_EColi1892_2,C70_EColi1892_2,C50_EColi1892_2,C40_EColi3944_2,C30_EColi6340_1
EColi1893_1,C95_EColi1893_1,C90_EColi1893_1,C70_EColi1893_1,C50_EColi1893_1,C40_EColi1893_1,C30_EColi1893_1
EColi1894_2,C95_EColi1894_2,C90_EColi1894_2,C70_EColi1894_2,C50_EColi1894_2,C40_EColi1894_2,C30_EColi1894_2
EColi1895_2,C95_EColi1895_2,C90_EColi1895_2,C70_EColi1895_2,C50_EColi5199_1,C40_EColi5199_1,C30_EColi4236_0
EColi1896_0,C95_EColi1896_0,C90_EColi1896_0,C70_EColi1896_0,C50_EColi1896_0,C40_EColi1896_0,C30_EColi637_0
EColi1897_2,C95_EColi1897_2,C90_EColi1897_2,C70_EColi1897_2,C50_EColi1897_2,C40_EColi1897_2,C30_EColi1897_2
EColi1898_2,C95_EColi1898_2,C90_EColi1898_2,C70_EColi1898_2,C50_EColi1898_2,C40_EColi1898_2,C30_EColi1898_2
EColi1899_2,C95_EColi1899_2,C90_EColi1899_2,C70_EColi1899_2,C50_EColi1899_2,C40_EColi2850_2,C30_EColi2850_2
EColi2000_2,C95_EColi2000_2,C90_EColi2000_2,C70_EColi2000_2,C50_EColi2000_2,C40_EColi2000_2,C30_EColi2000_2
EColi2001_1,C95_EColi2001_1,C90_EColi2001_1,C70_EColi2001_1,C50_EColi2001_1,C40_EColi2001_1,C30_EColi2001_1
EColi2002_0,C95_EColi2002_0,C90_EColi2002_0,C70_EColi2002_0,C50_EColi2002_0,C40_EColi2002_0,C30_EColi2002_0
EColi2003_1,C95_EColi2003_1,C90_EColi2003_1,C70_EColi2003_1,C50_EColi2003_1,C40_EColi2003_1,C30_EColi2003_1
EColi2004_2,C95_EColi2004_2,C90_EColi2004_2,C70_EColi2004_2,C50_EColi2004_2,C40_EColi2004_2,C30_EColi2415_2
EColi2005_0,C95_EColi2005_0,C90_EColi2005_0,C70_EColi2005_0,C50_EColi2610_0,C40_EColi2610_0,C30_EColi4739_1
EColi2006_1,C95_EColi2006_1,C90_EColi2006_1,C70_EColi2006_1,C50_EColi2006_1,C40_EColi2006_1,C30_EColi4843_0
EColi2007_0,C95_EColi2007_0,C90_EColi2007_0,C70_EColi2007_0,C50_EColi2007_0,C40_EColi2007_0,C30_EColi2007_0
EColi2008_0,C95_EColi2008_0,C90_EColi2008_0,C70_EColi2008_0,C50_EColi2008_0,C40_EColi2008_0,C30_EColi3906_0
EColi2009_0,C95_EColi2009_0,C90_EColi2009_0,C70_EColi2009_0,C50_EColi2009_0,C40_EColi2009_0,C30_EColi2009_0
EColi2010_2,C95_EColi2010_2,C90_EColi2010_2,C70_EColi2010_2,C50_EColi2010_2,C40_EColi2010_2,C30_EColi5971_2
EColi2011_2,C95_EColi2011_2,C90_EColi2011_2,C70_EColi2011_2,C50_EColi2011_2,C40_EColi3474_2,C30_EColi3474_2
EColi2012_1,C95_EColi2012_1,C90_EColi2012_1,C70_EColi2012_1,C50_EColi2012_1,C40_EColi298_1,C30_EColi2012_1
EColi2013_0,C95_EColi2013_0,C90_EColi2013_0,C70_EColi2013_0,C50_EColi1629_2,C40_EColi995_0,C30_EColi825_1
EColi2014_0,C95_EColi2014_0,C90_EColi2014_0,C70_EColi2014_0,C50_EColi2014_0,C40_EColi918_1,C30_EColi2267_0
EColi2015_1,C95_EColi2015_1,C90_EColi2015_1,C70_EColi2015_1,C50_EColi2015_1,C40_EColi6091_1,C30_EColi6017_1
EColi2016_2,C95_EColi2016_2,C90_EColi2016_2,C70_EColi2016_2,C50_EColi2016_2,C40_EColi2016_2,C30_EColi2016_2
EColi2017_0,C95_EColi2017_0,C90_EColi2017_0,C70_EColi2017_0,C50_EColi4903_0,C40_EColi913_2,C30_EColi913_2
EColi2018_2,C95_EColi2018_2,C90_EColi2018_2,C70_EColi2018_2,C50_EColi2018_2,C40_EColi2018_2,C30_EColi6017_1
EColi2019_2,C95_EColi2019_2,C90_EColi2019_2,C70_EColi2019_2,C50_EColi2019_2,C40_EColi2019_2,C30_EColi5364_0
EColi2020_0,C95_EColi2020_0,C90_EColi2020_0,C70_EColi2020_0,C50_EColi2020_0,C40_EColi2020_0,C30_EColi2020_0
EColi2021_2,C95_EColi2021_2,C90_EColi2021_2,C70_EColi2021_2,C50_EColi2021_2,C40_EColi2021_2,C30_EColi2021_2
EColi2022_2,C95_EColi2022_2,C90_EColi2022_2,C70_EColi2022_2,C50_EColi2022_2,C40_EColi1328_2,C30_EColi880_0
EColi2023_2,C95_EColi2023_2,C90_EColi2023_2,C70_EColi2023_2,C50_EColi2023_2,C40_EColi2061_0,C30_EColi1463_0
EColi2024_1,C95_EColi2024_1,C90_EColi2024_1,C70_EColi2024_1,C50_EColi2024_1,C40_EColi2024_1,C30_EColi1976_1
EColi2025_1,C95_EColi2025_1,C90_EColi2025_1,C70_EColi2025_1,C50_EColi2025_1,C40_EColi2025_1,C30_EColi2025_1
EColi2026_2,C95_EColi2026_2,C90_EColi2026_2,C70_EColi2026_2,C50_EColi3454_2,C40_EColi3454_2,C30_EColi1573_0
EColi2027_1,C95_EColi2027_1,C90_EColi2027_1,C70_EColi2027_1,C50_EColi2027_1,C40_EColi2027_1,C30_EColi2027_1
EColi2028_1,C95_EColi2028_1,C90_EColi2028_1,C70_EColi2028_1,C50_EColi2028_1,C40_EColi1024_2,C30_EColi1024_2
EColi2029_0,C95_EColi2029_0,C90_EColi2029_0,C70_EColi2029_0,C50_EColi2029_0,C40_EColi459_1,C30_EColi1206_2
EColi2030_1,C95_EColi2030_1,C90_EColi2030_1,C70_EColi2030_1,C50_EColi2030_1,C40_EColi2030_1,C30_EColi2030_1
EColi2031_0,C95_EColi2031_0,C90_EColi2031_0,C70_EColi2031_0,C50_EColi1466_1,C40_EColi4741_2,C30_EColi1466_1
EColi2032_0,C95_EColi2032_0,C90_EColi2032_0,C70_EColi2032_0,C50_EColi2032_0,C40_EColi2032_0,C30_EColi2032_0
EColi2033_1,C95_EColi2033_1,C90_EColi2033_1,C70_EColi2033_1,C50_EColi3465_0,C40_EColi5309_0,C30_EColi5309_0
EColi2034_0,C95_EColi2034_0,C90_EColi2034_0,C70_EColi2034_0,C50_EColi2034_0,C40_EColi2034_0,C30_EColi2034_0
EColi2035_1,C95_EColi2035_1,C90_EColi2035_1,C70_EColi2035_1,C50_EColi2035_1,C40_EColi2035_1,C30_EColi5620_0
EColi2036_2,C95_EColi2036_2,C90_EColi2036_2,C70_EColi2036_2,C50_EColi5286_1,C40_EColi5286_1,C30_EColi4238_1
EColi2037_0,C95_EColi2037_0,C90_EColi2037_0,C70_EColi2037_0,C50_EColi200_0,C40_EColi200_0,C30_EColi2901_2
EColi2038_1,C95_EColi2038_1,C90_EColi2038_1,C70_EColi2038_1,C50_EColi2038_1,C40_EColi2038_1,C30_EColi468_2
EColi2039_1,C95_EColi2039_1,C90_EColi2039_1,C70_EColi2039_1,C50_EColi2039_1,C40_EColi2039_1,C30_EColi1349_2
EColi2040_0,C95_EColi2040_0,C90_EColi2040_0,C70_EColi2040_0,C50_EColi2040_0,C40_EColi2040_0,C30_EColi2040_0
EColi2041_1,C95_EColi2041_1,C90_EColi2041_1,C70_EColi2041_1,C50_EColi2041_1,C40_EColi4687_2,C30_EColi231_2
EColi2042_0,C95_EColi2042_0,C90_EColi2042_0,C70_EColi2042_0,C50_EColi2042_0,C40_EColi2042_0,C30_EColi483_1
EColi2043_0,C95_EColi2043_0,C90_EColi2043_0,C70_EColi2043_0,C50_EColi2043_0,C40_EColi4419_2,C30_EColi825_1
EColi2044_1,C95_EColi2044_1,C90_EColi2044_1,C70_EColi2044_1,C50_EColi2044_1,C40_EColi2044_1,C30_EColi2044_1
EColi2045_0,C95_EColi2045_0,C90_EColi2045_0,C70_EColi2045_0,C50_EColi2045_0,C40_EColi2045_0,C30_EColi5769_1
EColi2046_2,C95_EColi2046_2,C90_EColi2046_2,C70_EColi2046_2,C50_EColi2046_2,C40_EColi2046_2,C30_EColi2046_2
EColi2047_1,C95_EColi2047_1,C90_EColi2047_1,C70_EColi2047_1,C50_EColi2047_1,C40_EColi2047_1,C30_EColi2825_2
EColi2048_2,C95_EColi2048_2,C90_EColi2048_2,C70_EColi2048_2,C50_EColi2048_2,C40_EColi2048_2,C30_EColi2048_2
EColi2049_1,C95_EColi2049_1,C90_EColi2049_1,C70_EColi2049_1,C50_EColi2049_1,C40_EColi2049_1,C30_EColi2049_1
EColi2050_1,C95_EColi2050_1,C90_EColi2050_1,C70_EColi2050_1,C50_EColi2050_1,C40_EColi2050_1,C30_EColi2050_1
EColi2051_2,C95_EColi2051_2,C90_EColi2051_2,C70_EColi2051_2,C50_EColi4970_1,C40_EColi6029_0,C30_EColi6029_0
EColi2052_2,C95_EColi2052_2,C90_EColi2052_2,C70_EColi2052_2,C50_EColi2052_2,C40_EColi2052_2,C30_EColi2052_2
EColi2053_2,C95_EColi2053_2,C90_EColi2053_2,C70_EColi2053_2,C50_EColi2053_2,C40_EColi1644_2,C30_EColi2076_2
EColi2054_1,C95_EColi2054_1,C90_EColi2054_1,C70_EColi2054_1,C50_EColi2054_1,C40_EColi2054_1,C30_EColi2054_1
EColi2055_2,C95_EColi2055_2,C90_EColi2055_2,C70_EColi2055_2,C50_EColi2055_2,C40_EColi2061_0,C30_EColi1463_0
EColi2056_0,C95_EColi2056_0,C90_EColi2056_0,C70_EColi2056_0,C50_EColi2144_1,C40_EColi3261_0,C30_EColi3261_0
EColi2057_2,C95_EColi2057_2,C90_EColi2057_2,C70_EColi2057_2,C50_EColi2057_2,C40_EColi2061_0,C30_EColi1463_0
EColi2058_1,C95_EColi2058_1,C90_EColi2058_1,C70_EColi2058_1,C50_EColi5905_2,C40_EColi5905_2,C30_EColi5905_2
EColi2059_2,C95_EColi2059_2,C90_EColi2059_2,C70_EColi2059_2,C50_EColi2059_2,C40_EColi2059_2,C30_EColi5971_2
EColi2060_1,C95_EColi2060_1,C90_EColi2060_1,C70_EColi2060_1,C50_EColi2060_1,C40_EColi2062_0,C30_EColi2991_1
EColi2061_0,C95_EColi2061_0,C90_EColi2061_0,C70_EColi2061_0,C50_EColi2061_0,C40_EColi2061_0,C30_EColi1463_0
EColi2062_0,C95_EColi2062_0,C90_EColi2062_0,C70_EColi2062_0,C50_EColi2062_0,C40_EColi2062_0,C30_EColi2991_1
EColi2063_1,C95_EColi2063_1,C90_EColi2063_1,C70_EColi2063_1,C50_EColi2063_1,C40_EColi2063_1,C30_EColi2076_2
EColi2064_1,C95_EColi2064_1,C90_EColi2064_1,C70_EColi2064_1,C50_EColi5669_2,C40_EColi5404_2,C30_EColi5404_2
EColi2065_1,C95_EColi2065_1,C90_EColi2065_1,C70_EColi2065_1,C50_EColi2065_1,C40_EColi2065_1,C30_EColi2155_1
EColi2066_1,C95_EColi2066_1,C90_EColi2066_1,C70_EColi2066_1,C50_EColi2066_1,C40_EColi2066_1,C30_EColi1874_2
EColi2067_0,C95_EColi2067_0,C90_EColi2067_0,C70_EColi2067_0,C50_EColi3702_2,C40_EColi3702_2,C30_EColi3702_2
EColi2068_0,C95_EColi2068_0,C90_EColi2068_0,C70_EColi2068_0,C50_EColi2068_0,C40_EColi2068_0,C30_EColi2068_0
EColi2069_0,C95_EColi2069_0,C90_EColi2069_0,C70_EColi2069_0,C50_EColi2069_0,C40_EColi2069_0,C30_EColi2069_0
EColi2070_2,C95_EColi2070_2,C90_EColi2070_2,C70_EColi2070_2,C50_EColi2070_2,C40_EColi2070_2,C30_EColi2070_2
EColi2071_0,C95_EColi2071_0,C90_EColi2071_0,C70_EColi2071_0,C50_EColi2071_0,C40_EColi2071_0,C30_EColi6017_1
EColi2072_2,C95_EColi2072_2,C90_EColi2072_2,C70_EColi2072_2,C50_EColi2072_2,C40_EColi2072_2,C30_EColi2072_2
EColi2073_2,C95_EColi2073_2,C90_EColi2073_2,C70_EColi2073_2,C50_EColi2073_2,C40_EColi2073_2,C30_EColi2073_2
EColi2074_0,C95_EColi2074_0,C90_EColi2074_0,C70_EColi2074_0,C50_EColi2061_0,C40_EColi2061_0,C30_EColi1463_0
EColi2075_2,C95_EColi2075_2,C90_EColi2075_2,C70_EColi2075_2,C50_EColi2726_0,C40_EColi6029_0,C30_EColi6029_0
EColi2076_2,C95_EColi2076_2,C90_EColi2076_2,C70_EColi2076_2,C50_EColi2076_2,C40_EColi2076_2,C30_EColi2076_2
EColi2077_1,C95_EColi2077_1,C90_EColi2077_1,C70_EColi2077_1,C50_EColi2077_1,C40_EColi2061_0,C30_EColi1463_0
EColi2078_2,C95_EColi2078_2,C90_EColi2078_2,C70_EColi2078_2,C50_EColi2078_2,C40_EColi2078_2,C30_EColi2078_2
EColi2079_2,C95_EColi2079_2,C90_EColi2079_2,C70_EColi2079_2,C50_EColi2079_2,C40_EColi6029_0,C30_EColi6029_0
EColi2080_1,C95_EColi2080_1,C90_EColi2080_1,C70_EColi2080_1,C50_EColi2080_1,C40_EColi2080_1,C30_EColi2080_1
EColi2081_1,C95_EColi2081_1,C90_EColi2081_1,C70_EColi2081_1,C50_EColi2081_1,C40_EColi2081_1,C30_EColi2081_1
EColi2082_1,C95_EColi2082_1,C90_EColi2082_1,C70_EColi2082_1,C50_EColi2082_1,C40_EColi2082_1,C30_EColi231_2
EColi2083_2,C95_EColi2083_2,C90_EColi2083_2,C70_EColi2083_2,C50_EColi2083_2,C40_EColi2083_2,C30_EColi2083_2
EColi2084_0,C95_EColi2084_0,C90_EColi2084_0,C70_EColi2084_0,C50_EColi5537_0,C40_EColi5537_0,C30_EColi5394_0
EColi2085_0,C95_EColi2085_0,C90_EColi2085_0,C70_EColi2085_0,C50_EColi2085_0,C40_EColi2085_0,C30_EColi6333_1
EColi2086_2,C95_EColi2086_2,C90_EColi2086_2,C70_EColi2086_2,C50_EColi2086_2,C40_EColi2086_2,C30_EColi2086_2
EColi2087_1,C95_EColi2087_1,C90_EColi2087_1,C70_EColi2087_1,C50_EColi2087_1,C40_EColi2087_1,C30_EColi6340_1
EColi2088_2,C95_EColi2088_2,C90_EColi2088_2,C70_EColi2088_2,C50_EColi2088_2,C40_EColi4056_2,C30_EColi4056_2
EColi2089_1,C95_EColi2089_1,C90_EColi2089_1,C70_EColi2089_1,C50_EColi2089_1,C40_EColi2089_1,C30_EColi239_0
EColi2090_2,C95_EColi2090_2,C90_EColi2090_2,C70_EColi2090_2,C50_EColi2090_2,C40_EColi2090_2,C30_EColi2090_2
EColi2091_1,C95_EColi2091_1,C90_EColi2091_1,C70_EColi2091_1,C50_EColi1445_2,C40_EColi1445_2,C30_EColi3195_2
EColi2092_1,C95_EColi2092_1,C90_EColi2092_1,C70_EColi2092_1,C50_EColi2092_1,C40_EColi2092_1,C30_EColi1243_1
EColi2093_0,C95_EColi2093_0,C90_EColi2093_0,C70_EColi2093_0,C50_EColi2093_0,C40_EColi2093_0,C30_EColi2093_0
EColi2094_0,C95_EColi2094_0,C90_EColi2094_0,C70_EColi2094_0,C50_EColi418_0,C40_EColi418_0,C30_EColi418_0
EColi2095_1,C95_EColi2095_1,C90_EColi2095_1,C70_EColi2095_1,C50_EColi2095_1,C40_EColi2095_1,C30_EColi2095_1
EColi2096_0,C95_EColi2096_0,C90_EColi2096_0,C70_EColi2096_0,C50_EColi1510_1,C40_EColi1510_1,C30_EColi1510_1
EColi2097_0,C95_EColi2097_0,C90_EColi2097_0,C70_EColi2097_0,C50_EColi660_0,C40_EColi660_0,C30_EColi660_0
EColi2098_0,C95_EColi2098_0,C90_EColi2098_0,C70_EColi2098_0,C50_EColi2098_0,C40_EColi3222_1,C30_EColi3004_0
EColi2099_1,C95_EColi2099_1,C90_EColi2099_1,C70_EColi2099_1,C50_EColi2099_1,C40_EColi2099_1,C30_EColi2099_1
EColi5400_2,C95_EColi5400_2,C90_EColi5400_2,C70_EColi5400_2,C50_EColi5400_2,C40_EColi2151_0,C30_EColi2151_0
EColi5401_2,C95_EColi5401_2,C90_EColi5401_2,C70_EColi5401_2,C50_EColi5401_2,C40_EColi5444_2,C30_EColi5469_2
EColi5402_1,C95_EColi5402_1,C90_EColi5402_1,C70_EColi5402_1,C50_EColi5402_1,C40_EColi4065_1,C30_EColi4065_1
EColi5403_2,C95_EColi5403_2,C90_EColi5403_2,C70_EColi5403_2,C50_EColi5403_2,C40_EColi5403_2,C30_EColi5403_2
EColi5404_2,C95_EColi5404_2,C90_EColi5404_2,C70_EColi5404_2,C50_EColi5404_2,C40_EColi5404_2,C30_EColi5404_2
EColi5405_2,C95_EColi5405_2,C90_EColi5405_2,C70_EColi5405_2,C50_EColi5405_2,C40_EColi5405_2,C30_EColi5405_2
EColi5406_2,C95_EColi5406_2,C90_EColi5406_2,C70_EColi5406_2,C50_EColi5399_2,C40_EColi4434_2,C30_EColi4434_2
EColi5407_2,C95_EColi5407_2,C90_EColi5407_2,C70_EColi5407_2,C50_EColi5407_2,C40_EColi5407_2,C30_EColi3105_2
EColi5408_2,C95_EColi5408_2,C90_EColi5408_2,C70_EColi5408_2,C50_EColi5408_2,C40_EColi5408_2,C30_EColi5408_2
EColi5409_1,C95_EColi5409_1,C90_EColi5409_1,C70_EColi5409_1,C50_EColi2095_1,C40_EColi2095_1,C30_EColi2095_1
EColi5410_2,C95_EColi5410_2,C90_EColi5410_2,C70_EColi5410_2,C50_EColi5410_2,C40_EColi4902_2,C30_EColi6029_0
EColi5411_1,C95_EColi5411_1,C90_EColi5411_1,C70_EColi5411_1,C50_EColi5411_1,C40_EColi4821_0,C30_EColi5411_1
EColi5412_1,C95_EColi5412_1,C90_EColi5412_1,C70_EColi5412_1,C50_EColi6312_1,C40_EColi6312_1,C30_EColi6312_1
EColi5413_2,C95_EColi5413_2,C90_EColi5413_2,C70_EColi5413_2,C50_EColi5413_2,C40_EColi5413_2,C30_EColi1164_2
EColi5414_0,C95_EColi5414_0,C90_EColi5414_0,C70_EColi5414_0,C50_EColi5414_0,C40_EColi5414_0,C30_EColi5414_0
EColi5415_2,C95_EColi5415_2,C90_EColi5415_2,C70_EColi5415_2,C50_EColi117_2,C40_EColi117_2,C30_EColi1654_0
EColi5416_0,C95_EColi5416_0,C90_EColi5416_0,C70_EColi5416_0,C50_EColi5416_0,C40_EColi5416_0,C30_EColi5416_0
EColi5417_1,C95_EColi5417_1,C90_EColi5417_1,C70_EColi5417_1,C50_EColi5417_1,C40_EColi5417_1,C30_EColi5417_1
EColi5418_0,C95_EColi5418_0,C90_EColi5418_0,C70_EColi5418_0,C50_EColi5418_0,C40_EColi2693_2,C30_EColi2693_2
EColi5419_0,C95_EColi5419_0,C90_EColi5419_0,C70_EColi5419_0,C50_EColi5419_0,C40_EColi5419_0,C30_EColi5419_0
EColi5420_1,C95_EColi5420_1,C90_EColi5420_1,C70_EColi5420_1,C50_EColi2305_2,C40_EColi2305_2,C30_EColi2305_2
EColi5421_2,C95_EColi5421_2,C90_EColi5421_2,C70_EColi5421_2,C50_EColi5421_2,C40_EColi5421_2,C30_EColi5421_2
EColi5422_1,C95_EColi5422_1,C90_EColi5422_1,C70_EColi5422_1,C50_EColi5422_1,C40_EColi5422_1,C30_EColi2078_2
EColi5423_0,C95_EColi5423_0,C90_EColi5423_0,C70_EColi5423_0,C50_EColi5423_0,C40_EColi4139_0,C30_EColi4139_0
EColi5424_2,C95_EColi5424_2,C90_EColi5424_2,C70_EColi5424_2,C50_EColi3190_2,C40_EColi4204_2,C30_EColi4204_2
EColi5425_2,C95_EColi5425_2,C90_EColi5425_2,C70_EColi5425_2,C50_EColi5425_2,C40_EColi5425_2,C30_EColi2283_1
EColi5426_2,C95_EColi5426_2,C90_EColi5426_2,C70_EColi5426_2,C50_EColi3464_1,C40_EColi3464_1,C30_EColi2111_0
EColi5427_2,C95_EColi5427_2,C90_EColi5427_2,C70_EColi5427_2,C50_EColi5427_2,C40_EColi5535_0,C30_EColi5535_0
EColi5428_2,C95_EColi5428_2,C90_EColi5428_2,C70_EColi5428_2,C50_EColi934_2,C40_EColi5735_2,C30_EColi5880_0
EColi5429_2,C95_EColi5429_2,C90_EColi5429_2,C70_EColi5429_2,C50_EColi5429_2,C40_EColi5429_2,C30_EColi5429_2
EColi5430_0,C95_EColi5430_0,C90_EColi5430_0,C70_EColi5430_0,C50_EColi5430_0,C40_EColi5430_0,C30_EColi174_2
EColi5431_2,C95_EColi5431_2,C90_EColi5431_2,C70_EColi5431_2,C50_EColi5431_2,C40_EColi3964_2,C30_EColi840_0
EColi5432_0,C95_EColi5432_0,C90_EColi5432_0,C70_EColi5432_0,C50_EColi5432_0,C40_EColi5432_0,C30_EColi5432_0
EColi5433_0,C95_EColi5433_0,C90_EColi5433_0,C70_EColi5433_0,C50_EColi5433_0,C40_EColi3375_2,C30_EColi3375_2
EColi5434_0,C95_EColi5434_0,C90_EColi5434_0,C70_EColi5434_0,C50_EColi3081_0,C40_EColi3081_0,C30_EColi3081_0
EColi5435_0,C95_EColi5435_0,C90_EColi5435_0,C70_EColi5435_0,C50_EColi5435_0,C40_EColi5435_0,C30_EColi5435_0
EColi5436_2,C95_EColi5436_2,C90_EColi5436_2,C70_EColi5436_2,C50_EColi5436_2,C40_EColi5436_2,C30_EColi5436_2
EColi5437_2,C95_EColi5437_2,C90_EColi5437_2,C70_EColi5437_2,C50_EColi5437_2,C40_EColi5437_2,C30_EColi3083_2
EColi5438_2,C95_EColi5438_2,C90_EColi5438_2,C70_EColi5438_2,C50_EColi5438_2,C40_EColi4675_2,C30_EColi5404_2
EColi5439_2,C95_EColi5439_2,C90_EColi5439_2,C70_EColi5439_2,C50_EColi5439_2,C40_EColi5439_2,C30_EColi5439_2
EColi5440_2,C95_EColi5440_2,C90_EColi5440_2,C70_EColi5440_2,C50_EColi2963_1,C40_EColi2963_1,C30_EColi3750_2
EColi5441_2,C95_EColi5441_2,C90_EColi5441_2,C70_EColi5441_2,C50_EColi5441_2,C40_EColi5439_2,C30_EColi5439_2
EColi5442_2,C95_EColi5442_2,C90_EColi5442_2,C70_EColi5442_2,C50_EColi2030_1,C40_EColi2030_1,C30_EColi2030_1
EColi5443_0,C95_EColi5443_0,C90_EColi5443_0,C70_EColi5443_0,C50_EColi5443_0,C40_EColi5443_0,C30_EColi5443_0
EColi5444_2,C95_EColi5444_2,C90_EColi5444_2,C70_EColi5444_2,C50_EColi5444_2,C40_EColi5444_2,C30_EColi5469_2
EColi5445_0,C95_EColi5445_0,C90_EColi5445_0,C70_EColi5445_0,C50_EColi5445_0,C40_EColi5445_0,C30_EColi5445_0
EColi5446_0,C95_EColi5446_0,C90_EColi5446_0,C70_EColi5446_0,C50_EColi5446_0,C40_EColi4712_1,C30_EColi4712_1
EColi5447_0,C95_EColi5447_0,C90_EColi5447_0,C70_EColi5447_0,C50_EColi4296_0,C40_EColi3573_0,C30_EColi4297_0
EColi5448_0,C95_EColi5448_0,C90_EColi5448_0,C70_EColi5448_0,C50_EColi5448_0,C40_EColi5448_0,C30_EColi5448_0
EColi5449_0,C95_EColi5449_0,C90_EColi5449_0,C70_EColi5449_0,C50_EColi5449_0,C40_EColi5449_0,C30_EColi5449_0
EColi5450_1,C95_EColi5450_1,C90_EColi5450_1,C70_EColi5450_1,C50_EColi5450_1,C40_EColi5450_1,C30_EColi5450_1
EColi5451_0,C95_EColi5451_0,C90_EColi5451_0,C70_EColi5451_0,C50_EColi5451_0,C40_EColi5451_0,C30_EColi5451_0
EColi5452_2,C95_EColi5452_2,C90_EColi5452_2,C70_EColi5452_2,C50_EColi5452_2,C40_EColi5452_2,C30_EColi1198_1
EColi5453_0,C95_EColi5453_0,C90_EColi5453_0,C70_EColi5453_0,C50_EColi5453_0,C40_EColi5453_0,C30_EColi5453_0
EColi5454_2,C95_EColi5454_2,C90_EColi5454_2,C70_EColi5454_2,C50_EColi5454_2,C40_EColi5454_2,C30_EColi4695_0
EColi5455_2,C95_EColi5455_2,C90_EColi5455_2,C70_EColi5455_2,C50_EColi5455_2,C40_EColi5455_2,C30_EColi5455_2
EColi5456_0,C95_EColi5456_0,C90_EColi5456_0,C70_EColi5456_0,C50_EColi5047_0,C40_EColi5047_0,C30_EColi5047_0
EColi5457_0,C95_EColi5457_0,C90_EColi5457_0,C70_EColi5457_0,C50_EColi5457_0,C40_EColi5457_0,C30_EColi5457_0
EColi5458_0,C95_EColi5458_0,C90_EColi5458_0,C70_EColi5458_0,C50_EColi5458_0,C40_EColi4291_0,C30_EColi4291_0
EColi5459_0,C95_EColi5459_0,C90_EColi5459_0,C70_EColi5459_0,C50_EColi3573_0,C40_EColi3573_0,C30_EColi4293_0
EColi5460_2,C95_EColi5460_2,C90_EColi5460_2,C70_EColi5460_2,C50_EColi5460_2,C40_EColi5460_2,C30_EColi5460_2
EColi5461_0,C95_EColi5461_0,C90_EColi5461_0,C70_EColi5461_0,C50_EColi915_0,C40_EColi915_0,C30_EColi915_0
EColi5462_1,C95_EColi5462_1,C90_EColi5462_1,C70_EColi5462_1,C50_EColi5462_1,C40_EColi4632_2,C30_EColi2385_1
EColi5463_1,C95_EColi5463_1,C90_EColi5463_1,C70_EColi5463_1,C50_EColi5463_1,C40_EColi5463_1,C30_EColi5463_1
EColi5464_1,C95_EColi5464_1,C90_EColi5464_1,C70_EColi5464_1,C50_EColi5464_1,C40_EColi5464_1,C30_EColi5464_1
EColi5465_2,C95_EColi5465_2,C90_EColi5465_2,C70_EColi5465_2,C50_EColi1636_1,C40_EColi1636_1,C30_EColi1636_1
EColi5466_0,C95_EColi5466_0,C90_EColi5466_0,C70_EColi5466_0,C50_EColi5466_0,C40_EColi5466_0,C30_EColi5466_0
EColi5467_0,C95_EColi5467_0,C90_EColi5467_0,C70_EColi5467_0,C50_EColi5467_0,C40_EColi5467_0,C30_EColi5467_0
EColi5468_2,C95_EColi5468_2,C90_EColi5468_2,C70_EColi5468_2,C50_EColi5468_2,C40_EColi5468_2,C30_EColi5468_2
EColi5469_2,C95_EColi5469_2,C90_EColi5469_2,C70_EColi5469_2,C50_EColi5469_2,C40_EColi5469_2,C30_EColi5469_2
EColi5470_2,C95_EColi5470_2,C90_EColi5470_2,C70_EColi5470_2,C50_EColi5470_2,C40_EColi302_2,C30_EColi302_2
EColi5471_1,C95_EColi5471_1,C90_EColi5471_1,C70_EColi5471_1,C50_EColi5471_1,C40_EColi5471_1,C30_EColi5471_1
EColi5472_0,C95_EColi5472_0,C90_EColi5472_0,C70_EColi5472_0,C50_EColi5472_0,C40_EColi5472_0,C30_EColi5472_0
EColi5473_2,C95_EColi5473_2,C90_EColi5473_2,C70_EColi5473_2,C50_EColi5473_2,C40_EColi5473_2,C30_EColi5473_2
EColi5474_0,C95_EColi5474_0,C90_EColi5474_0,C70_EColi5474_0,C50_EColi5474_0,C40_EColi3263_1,C30_EColi3263_1
EColi5475_2,C95_EColi5475_2,C90_EColi5475_2,C70_EColi5475_2,C50_EColi1301_0,C40_EColi3261_0,C30_EColi3261_0
EColi5476_0,C95_EColi5476_0,C90_EColi5476_0,C70_EColi5476_0,C50_EColi5476_0,C40_EColi5476_0,C30_EColi5476_0
EColi5477_0,C95_EColi5477_0,C90_EColi5477_0,C70_EColi5477_0,C50_EColi5477_0,C40_EColi198_1,C30_EColi198_1
EColi5478_0,C95_EColi5478_0,C90_EColi5478_0,C70_EColi5478_0,C50_EColi5478_0,C40_EColi202_0,C30_EColi4635_0
EColi5479_0,C95_EColi5479_0,C90_EColi5479_0,C70_EColi5479_0,C50_EColi5479_0,C40_EColi5479_0,C30_EColi6314_1
EColi5480_2,C95_EColi5480_2,C90_EColi5480_2,C70_EColi5480_2,C50_EColi5480_2,C40_EColi5518_2,C30_EColi2548_2
EColi5481_1,C95_EColi5481_1,C90_EColi5481_1,C70_EColi5481_1,C50_EColi5481_1,C40_EColi5481_1,C30_EColi5481_1
EColi5482_2,C95_EColi5482_2,C90_EColi5482_2,C70_EColi5482_2,C50_EColi5482_2,C40_EColi5482_2,C30_EColi5482_2
EColi5483_2,C95_EColi5483_2,C90_EColi5483_2,C70_EColi5483_2,C50_EColi5483_2,C40_EColi5483_2,C30_EColi5483_2
EColi5484_2,C95_EColi5484_2,C90_EColi5484_2,C70_EColi5484_2,C50_EColi2538_2,C40_EColi2538_2,C30_EColi2538_2
EColi5485_2,C95_EColi5485_2,C90_EColi5485_2,C70_EColi5485_2,C50_EColi5138_0,C40_EColi3262_1,C30_EColi3262_1
EColi5486_2,C95_EColi5486_2,C90_EColi5486_2,C70_EColi5486_2,C50_EColi5486_2,C40_EColi5486_2,C30_EColi5486_2
EColi5487_2,C95_EColi5487_2,C90_EColi5487_2,C70_EColi5487_2,C50_EColi5487_2,C40_EColi2552_1,C30_EColi2552_1
EColi5488_2,C95_EColi5488_2,C90_EColi5488_2,C70_EColi5488_2,C50_EColi5488_2,C40_EColi5488_2,C30_EColi1180_1
EColi5489_2,C95_EColi5489_2,C90_EColi5489_2,C70_EColi5489_2,C50_EColi5489_2,C40_EColi5489_2,C30_EColi6158_1
EColi5490_0,C95_EColi5490_0,C90_EColi5490_0,C70_EColi5490_0,C50_EColi5490_0,C40_EColi5490_0,C30_EColi5490_0
EColi5491_0,C95_EColi5491_0,C90_EColi5491_0,C70_EColi5491_0,C50_EColi5491_0,C40_EColi5491_0,C30_EColi5491_0
EColi5492_0,C95_EColi5492_0,C90_EColi5492_0,C70_EColi5492_0,C50_EColi5492_0,C40_EColi5492_0,C30_EColi5492_0
EColi5493_0,C95_EColi5493_0,C90_EColi5493_0,C70_EColi5493_0,C50_EColi5493_0,C40_EColi5493_0,C30_EColi5493_0
EColi5494_2,C95_EColi5494_2,C90_EColi5494_2,C70_EColi5494_2,C50_EColi5494_2,C40_EColi5494_2,C30_EColi5494_2
EColi5495_2,C95_EColi5495_2,C90_EColi5495_2,C70_EColi5495_2,C50_EColi5495_2,C40_EColi5495_2,C30_EColi489_2
EColi5496_0,C95_EColi5496_0,C90_EColi5496_0,C70_EColi5496_0,C50_EColi5496_0,C40_EColi5496_0,C30_EColi4374_0
EColi5497_0,C95_EColi5497_0,C90_EColi5497_0,C70_EColi5497_0,C50_EColi5497_0,C40_EColi5497_0,C30_EColi5497_0
EColi5498_0,C95_EColi5498_0,C90_EColi5498_0,C70_EColi5498_0,C50_EColi5498_0,C40_EColi5498_0,C30_EColi3127_0
EColi5499_0,C95_EColi5499_0,C90_EColi5499_0,C70_EColi5499_0,C50_EColi5499_0,C40_EColi5499_0,C30_EColi5499_0
EColi5700_0,C95_EColi5700_0,C90_EColi5700_0,C70_EColi5700_0,C50_EColi5700_0,C40_EColi5700_0,C30_EColi706_0
EColi5701_0,C95_EColi5701_0,C90_EColi5701_0,C70_EColi5701_0,C50_EColi5701_0,C40_EColi5701_0,C30_EColi5701_0
EColi5702_2,C95_EColi5702_2,C90_EColi5702_2,C70_EColi5702_2,C50_EColi5702_2,C40_EColi5702_2,C30_EColi4999_1
EColi5703_0,C95_EColi5703_0,C90_EColi5703_0,C70_EColi5703_0,C50_EColi5703_0,C40_EColi5703_0,C30_EColi5703_0
EColi5704_0,C95_EColi5704_0,C90_EColi5704_0,C70_EColi5704_0,C50_EColi5704_0,C40_EColi5704_0,C30_EColi5704_0
EColi5705_1,C95_EColi5705_1,C90_EColi5705_1,C70_EColi5705_1,C50_EColi5705_1,C40_EColi5705_1,C30_EColi5705_1
EColi5706_1,C95_EColi5706_1,C90_EColi5706_1,C70_EColi5706_1,C50_EColi5706_1,C40_EColi5706_1,C30_EColi5706_1
EColi5707_2,C95_EColi5707_2,C90_EColi5707_2,C70_EColi5707_2,C50_EColi5707_2,C40_EColi5707_2,C30_EColi3285_0
EColi5708_0,C95_EColi5708_0,C90_EColi5708_0,C70_EColi5708_0,C50_EColi1495_0,C40_EColi1495_0,C30_EColi2329_0
EColi5709_2,C95_EColi5709_2,C90_EColi5709_2,C70_EColi5709_2,C50_EColi5709_2,C40_EColi1288_2,C30_EColi1288_2
EColi5710_0,C95_EColi5710_0,C90_EColi5710_0,C70_EColi5710_0,C50_EColi5710_0,C40_EColi5710_0,C30_EColi5710_0
EColi5711_0,C95_EColi5711_0,C90_EColi5711_0,C70_EColi5711_0,C50_EColi5711_0,C40_EColi5711_0,C30_EColi5711_0
EColi5712_2,C95_EColi5712_2,C90_EColi5712_2,C70_EColi5712_2,C50_EColi5712_2,C40_EColi5712_2,C30_EColi5712_2
EColi5713_0,C95_EColi5713_0,C90_EColi5713_0,C70_EColi5713_0,C50_EColi4421_0,C40_EColi111_2,C30_EColi111_2
EColi5714_2,C95_EColi5714_2,C90_EColi5714_2,C70_EColi5714_2,C50_EColi5714_2,C40_EColi5714_2,C30_EColi3341_1
EColi5715_1,C95_EColi5715_1,C90_EColi5715_1,C70_EColi5715_1,C50_EColi5740_1,C40_EColi5740_1,C30_EColi5740_1
EColi5716_2,C95_EColi5716_2,C90_EColi5716_2,C70_EColi5716_2,C50_EColi5716_2,C40_EColi5716_2,C30_EColi5716_2
EColi5717_0,C95_EColi5717_0,C90_EColi5717_0,C70_EColi5717_0,C50_EColi5717_0,C40_EColi5702_2,C30_EColi5717_0
EColi5718_1,C95_EColi5718_1,C90_EColi5718_1,C70_EColi5718_1,C50_EColi5718_1,C40_EColi5718_1,C30_EColi5718_1
EColi5719_0,C95_EColi5719_0,C90_EColi5719_0,C70_EColi5719_0,C50_EColi3603_1,C40_EColi3603_1,C30_EColi3603_1
EColi5720_1,C95_EColi5720_1,C90_EColi5720_1,C70_EColi5720_1,C50_EColi5720_1,C40_EColi5720_1,C30_EColi5720_1
EColi5721_1,C95_EColi5721_1,C90_EColi5721_1,C70_EColi5721_1,C50_EColi5721_1,C40_EColi5721_1,C30_EColi5721_1
EColi5722_1,C95_EColi5722_1,C90_EColi5722_1,C70_EColi5722_1,C50_EColi5722_1,C40_EColi2218_1,C30_EColi5650_2
EColi5723_1,C95_EColi5723_1,C90_EColi5723_1,C70_EColi5723_1,C50_EColi2208_2,C40_EColi3283_1,C30_EColi3283_1
EColi5724_0,C95_EColi5724_0,C90_EColi5724_0,C70_EColi5724_0,C50_EColi5724_0,C40_EColi5724_0,C30_EColi5724_0
EColi5725_0,C95_EColi5725_0,C90_EColi5725_0,C70_EColi5725_0,C50_EColi5725_0,C40_EColi5725_0,C30_EColi5725_0
EColi5726_0,C95_EColi5726_0,C90_EColi5726_0,C70_EColi5726_0,C50_EColi4039_2,C40_EColi4210_0,C30_EColi327_1
EColi5727_0,C95_EColi5727_0,C90_EColi5727_0,C70_EColi5727_0,C50_EColi5727_0,C40_EColi5727_0,C30_EColi5727_0
EColi5728_0,C95_EColi5728_0,C90_EColi5728_0,C70_EColi5728_0,C50_EColi5728_0,C40_EColi5728_0,C30_EColi5728_0
EColi5729_0,C95_EColi5729_0,C90_EColi5729_0,C70_EColi5729_0,C50_EColi5729_0,C40_EColi5729_0,C30_EColi5729_0
EColi5730_2,C95_EColi5730_2,C90_EColi5730_2,C70_EColi5730_2,C50_EColi5730_2,C40_EColi5730_2,C30_EColi5730_2
EColi5731_1,C95_EColi5731_1,C90_EColi5731_1,C70_EColi5731_1,C50_EColi5731_1,C40_EColi5731_1,C30_EColi5731_1
EColi5732_1,C95_EColi5732_1,C90_EColi5732_1,C70_EColi5732_1,C50_EColi5732_1,C40_EColi4985_1,C30_EColi4985_1
EColi5733_0,C95_EColi5733_0,C90_EColi5733_0,C70_EColi5733_0,C50_EColi5733_0,C40_EColi5733_0,C30_EColi5733_0
EColi5734_0,C95_EColi5734_0,C90_EColi5734_0,C70_EColi5734_0,C50_EColi5734_0,C40_EColi5734_0,C30_EColi5187_1
EColi5735_2,C95_EColi5735_2,C90_EColi5735_2,C70_EColi5735_2,C50_EColi5735_2,C40_EColi5735_2,C30_EColi5880_0
EColi5736_0,C95_EColi5736_0,C90_EColi5736_0,C70_EColi5736_0,C50_EColi5736_0,C40_EColi5736_0,C30_EColi1799_1
EColi5737_2,C95_EColi5737_2,C90_EColi5737_2,C70_EColi5737_2,C50_EColi5737_2,C40_EColi5737_2,C30_EColi4147_2
EColi5738_1,C95_EColi5738_1,C90_EColi5738_1,C70_EColi5738_1,C50_EColi5738_1,C40_EColi3659_1,C30_EColi3659_1
EColi5739_1,C95_EColi5739_1,C90_EColi5739_1,C70_EColi5739_1,C50_EColi5739_1,C40_EColi2412_2,C30_EColi2412_2
EColi5740_1,C95_EColi5740_1,C90_EColi5740_1,C70_EColi5740_1,C50_EColi5740_1,C40_EColi5740_1,C30_EColi5740_1
EColi5741_2,C95_EColi5741_2,C90_EColi5741_2,C70_EColi5741_2,C50_EColi2196_2,C40_EColi5683_2,C30_EColi5683_2
EColi5742_1,C95_EColi5742_1,C90_EColi5742_1,C70_EColi5742_1,C50_EColi5742_1,C40_EColi5742_1,C30_EColi5683_2
EColi5743_2,C95_EColi5743_2,C90_EColi5743_2,C70_EColi5743_2,C50_EColi957_0,C40_EColi957_0,C30_EColi957_0
EColi5744_0,C95_EColi5744_0,C90_EColi5744_0,C70_EColi5744_0,C50_EColi2028_1,C40_EColi1024_2,C30_EColi1024_2
EColi5745_0,C95_EColi5745_0,C90_EColi5745_0,C70_EColi5745_0,C50_EColi5745_0,C40_EColi5745_0,C30_EColi5745_0
EColi5746_0,C95_EColi5746_0,C90_EColi5746_0,C70_EColi5746_0,C50_EColi5746_0,C40_EColi1775_1,C30_EColi5043_0
EColi5747_0,C95_EColi5747_0,C90_EColi5747_0,C70_EColi5747_0,C50_EColi5747_0,C40_EColi5747_0,C30_EColi5747_0
EColi5748_0,C95_EColi5748_0,C90_EColi5748_0,C70_EColi5748_0,C50_EColi5748_0,C40_EColi5368_2,C30_EColi5368_2
EColi5749_1,C95_EColi5749_1,C90_EColi5749_1,C70_EColi5749_1,C50_EColi5749_1,C40_EColi5749_1,C30_EColi5749_1
EColi5750_0,C95_EColi5750_0,C90_EColi5750_0,C70_EColi5750_0,C50_EColi5750_0,C40_EColi5750_0,C30_EColi5750_0
EColi5751_1,C95_EColi5751_1,C90_EColi5751_1,C70_EColi5751_1,C50_EColi5751_1,C40_EColi5751_1,C30_EColi5751_1
EColi5752_1,C95_EColi5752_1,C90_EColi5752_1,C70_EColi5752_1,C50_EColi5752_1,C40_EColi2253_1,C30_EColi2253_1
EColi5753_1,C95_EColi5753_1,C90_EColi5753_1,C70_EColi5753_1,C50_EColi5753_1,C40_EColi5753_1,C30_EColi5753_1
EColi5754_2,C95_EColi5754_2,C90_EColi5754_2,C70_EColi5754_2,C50_EColi5754_2,C40_EColi3477_2,C30_EColi3477_2
EColi5755_0,C95_EColi5755_0,C90_EColi5755_0,C70_EColi5755_0,C50_EColi5755_0,C40_EColi5755_0,C30_EColi5755_0
EColi5756_2,C95_EColi5756_2,C90_EColi5756_2,C70_EColi5756_2,C50_EColi4255_2,C40_EColi4255_2,C30_EColi1349_2
EColi5757_2,C95_EColi5757_2,C90_EColi5757_2,C70_EColi5757_2,C50_EColi5757_2,C40_EColi5757_2,C30_EColi2775_2
EColi5758_1,C95_EColi5758_1,C90_EColi5758_1,C70_EColi5758_1,C50_EColi5758_1,C40_EColi5758_1,C30_EColi5758_1
EColi5759_2,C95_EColi5759_2,C90_EColi5759_2,C70_EColi5759_2,C50_EColi5759_2,C40_EColi5759_2,C30_EColi5759_2
EColi5760_2,C95_EColi5760_2,C90_EColi5760_2,C70_EColi5760_2,C50_EColi5760_2,C40_EColi5931_2,C30_EColi5931_2
EColi5761_2,C95_EColi5761_2,C90_EColi5761_2,C70_EColi5761_2,C50_EColi3157_2,C40_EColi3157_2,C30_EColi4813_0
EColi5762_2,C95_EColi5762_2,C90_EColi5762_2,C70_EColi5762_2,C50_EColi5762_2,C40_EColi5762_2,C30_EColi5762_2
EColi5763_1,C95_EColi5763_1,C90_EColi5763_1,C70_EColi5763_1,C50_EColi5763_1,C40_EColi5763_1,C30_EColi2661_2
EColi5764_2,C95_EColi5764_2,C90_EColi5764_2,C70_EColi5764_2,C50_EColi3228_1,C40_EColi3966_2,C30_EColi3966_2
EColi5765_2,C95_EColi5765_2,C90_EColi5765_2,C70_EColi5765_2,C50_EColi141_0,C40_EColi141_0,C30_EColi635_0
EColi5766_2,C95_EColi5766_2,C90_EColi5766_2,C70_EColi5766_2,C50_EColi5766_2,C40_EColi5766_2,C30_EColi5766_2
EColi5767_2,C95_EColi5767_2,C90_EColi5767_2,C70_EColi5767_2,C50_EColi5767_2,C40_EColi5767_2,C30_EColi5767_2
EColi5768_1,C95_EColi5768_1,C90_EColi5768_1,C70_EColi5768_1,C50_EColi5768_1,C40_EColi5768_1,C30_EColi6245_1
EColi5769_1,C95_EColi5769_1,C90_EColi5769_1,C70_EColi5769_1,C50_EColi5769_1,C40_EColi5769_1,C30_EColi5769_1
EColi5770_0,C95_EColi5770_0,C90_EColi5770_0,C70_EColi5770_0,C50_EColi5770_0,C40_EColi5770_0,C30_EColi5770_0
EColi5771_2,C95_EColi5771_2,C90_EColi5771_2,C70_EColi5771_2,C50_EColi5771_2,C40_EColi5771_2,C30_EColi5771_2
EColi5772_2,C95_EColi5772_2,C90_EColi5772_2,C70_EColi5772_2,C50_EColi5772_2,C40_EColi5772_2,C30_EColi5772_2
EColi5773_2,C95_EColi5773_2,C90_EColi5773_2,C70_EColi5773_2,C50_EColi4060_2,C40_EColi4756_0,C30_EColi2228_2
EColi5774_0,C95_EColi5774_0,C90_EColi5774_0,C70_EColi5774_0,C50_EColi5774_0,C40_EColi3185_0,C30_EColi3185_0
EColi5775_2,C95_EColi5775_2,C90_EColi5775_2,C70_EColi5775_2,C50_EColi3944_2,C40_EColi3944_2,C30_EColi6340_1
EColi5776_2,C95_EColi5776_2,C90_EColi5776_2,C70_EColi5776_2,C50_EColi3942_2,C40_EColi2805_0,C30_EColi139_1
EColi5777_2,C95_EColi5777_2,C90_EColi5777_2,C70_EColi5777_2,C50_EColi5777_2,C40_EColi5777_2,C30_EColi2825_2
EColi5778_1,C95_EColi5778_1,C90_EColi5778_1,C70_EColi5778_1,C50_EColi3640_1,C40_EColi3640_1,C30_EColi3640_1
EColi5779_2,C95_EColi5779_2,C90_EColi5779_2,C70_EColi5779_2,C50_EColi5779_2,C40_EColi989_0,C30_EColi989_0
EColi5780_2,C95_EColi5780_2,C90_EColi5780_2,C70_EColi5780_2,C50_EColi5780_2,C40_EColi5780_2,C30_EColi5780_2
EColi5781_2,C95_EColi5781_2,C90_EColi5781_2,C70_EColi5781_2,C50_EColi5781_2,C40_EColi5931_2,C30_EColi5931_2
EColi5782_0,C95_EColi5782_0,C90_EColi5782_0,C70_EColi5782_0,C50_EColi5782_0,C40_EColi5782_0,C30_EColi4308_1
EColi5783_2,C95_EColi5783_2,C90_EColi5783_2,C70_EColi5783_2,C50_EColi5783_2,C40_EColi5783_2,C30_EColi1243_1
EColi5784_2,C95_EColi5784_2,C90_EColi5784_2,C70_EColi5784_2,C50_EColi5784_2,C40_EColi5784_2,C30_EColi5784_2
EColi5785_2,C95_EColi5785_2,C90_EColi5785_2,C70_EColi5785_2,C50_EColi5785_2,C40_EColi3848_2,C30_EColi3848_2
EColi5786_1,C95_EColi5786_1,C90_EColi5786_1,C70_EColi5786_1,C50_EColi5786_1,C40_EColi5786_1,C30_EColi6209_1
EColi5787_1,C95_EColi5787_1,C90_EColi5787_1,C70_EColi5787_1,C50_EColi5787_1,C40_EColi3898_0,C30_EColi3898_0
EColi5788_2,C95_EColi5788_2,C90_EColi5788_2,C70_EColi5788_2,C50_EColi5788_2,C40_EColi1319_0,C30_EColi4434_2
EColi5789_2,C95_EColi5789_2,C90_EColi5789_2,C70_EColi5789_2,C50_EColi5789_2,C40_EColi5789_2,C30_EColi5789_2
EColi5790_2,C95_EColi5790_2,C90_EColi5790_2,C70_EColi5790_2,C50_EColi5790_2,C40_EColi5790_2,C30_EColi4795_2
EColi5791_2,C95_EColi5791_2,C90_EColi5791_2,C70_EColi5791_2,C50_EColi5791_2,C40_EColi1941_1,C30_EColi1776_2
EColi5792_2,C95_EColi5792_2,C90_EColi5792_2,C70_EColi5792_2,C50_EColi5792_2,C40_EColi196_1,C30_EColi196_1
EColi5793_1,C95_EColi5793_1,C90_EColi5793_1,C70_EColi5793_1,C50_EColi5793_1,C40_EColi5481_1,C30_EColi5481_1
EColi5794_2,C95_EColi5794_2,C90_EColi5794_2,C70_EColi5794_2,C50_EColi5794_2,C40_EColi5794_2,C30_EColi5794_2
EColi5795_1,C95_EColi5795_1,C90_EColi5795_1,C70_EColi5795_1,C50_EColi5795_1,C40_EColi1672_0,C30_EColi1672_0
EColi5796_2,C95_EColi5796_2,C90_EColi5796_2,C70_EColi5796_2,C50_EColi5796_2,C40_EColi5796_2,C30_EColi5796_2
EColi5797_0,C95_EColi5797_0,C90_EColi5797_0,C70_EColi5797_0,C50_EColi5797_0,C40_EColi5797_0,C30_EColi5797_0
EColi5798_0,C95_EColi5798_0,C90_EColi5798_0,C70_EColi5798_0,C50_EColi5798_0,C40_EColi5798_0,C30_EColi674_0
EColi5799_2,C95_EColi5799_2,C90_EColi5799_2,C70_EColi5799_2,C50_EColi5799_2,C40_EColi5799_2,C30_EColi5799_2
EColi4400_2,C95_EColi4400_2,C90_EColi4400_2,C70_EColi4400_2,C50_EColi4400_2,C40_EColi4400_2,C30_EColi4400_2
EColi4401_2,C95_EColi4401_2,C90_EColi4401_2,C70_EColi4401_2,C50_EColi4401_2,C40_EColi4401_2,C30_EColi4401_2
EColi4402_2,C95_EColi4402_2,C90_EColi4402_2,C70_EColi4402_2,C50_EColi4402_2,C40_EColi4402_2,C30_EColi4402_2
EColi4403_2,C95_EColi4403_2,C90_EColi4403_2,C70_EColi4403_2,C50_EColi4403_2,C40_EColi4403_2,C30_EColi4403_2
EColi4404_2,C95_EColi4404_2,C90_EColi4404_2,C70_EColi4404_2,C50_EColi4404_2,C40_EColi5981_2,C30_EColi5981_2
EColi4405_2,C95_EColi4405_2,C90_EColi4405_2,C70_EColi4405_2,C50_EColi501_0,C40_EColi501_0,C30_EColi3952_2
EColi4406_2,C95_EColi4406_2,C90_EColi4406_2,C70_EColi4406_2,C50_EColi4406_2,C40_EColi4440_2,C30_EColi5981_2
EColi4407_0,C95_EColi4407_0,C90_EColi4407_0,C70_EColi4407_0,C50_EColi2093_0,C40_EColi2093_0,C30_EColi2093_0
EColi4408_2,C95_EColi4408_2,C90_EColi4408_2,C70_EColi4408_2,C50_EColi26_1,C40_EColi5638_2,C30_EColi5638_2
EColi4409_2,C95_EColi4409_2,C90_EColi4409_2,C70_EColi4409_2,C50_EColi4409_2,C40_EColi4409_2,C30_EColi4409_2
EColi4410_2,C95_EColi4410_2,C90_EColi4410_2,C70_EColi4410_2,C50_EColi4410_2,C40_EColi4410_2,C30_EColi4402_2
EColi4411_1,C95_EColi4411_1,C90_EColi4411_1,C70_EColi4411_1,C50_EColi4411_1,C40_EColi4411_1,C30_EColi541_2
EColi4412_0,C95_EColi4412_0,C90_EColi4412_0,C70_EColi4412_0,C50_EColi4412_0,C40_EColi4412_0,C30_EColi4412_0
EColi4413_0,C95_EColi4413_0,C90_EColi4413_0,C70_EColi4413_0,C50_EColi4413_0,C40_EColi4413_0,C30_EColi4413_0
EColi4414_0,C95_EColi4414_0,C90_EColi4414_0,C70_EColi4414_0,C50_EColi4414_0,C40_EColi4414_0,C30_EColi4414_0
EColi4415_1,C95_EColi4415_1,C90_EColi4415_1,C70_EColi4415_1,C50_EColi4415_1,C40_EColi4415_1,C30_EColi5341_1
EColi4416_2,C95_EColi4416_2,C90_EColi4416_2,C70_EColi4416_2,C50_EColi3153_2,C40_EColi3153_2,C30_EColi5043_0
EColi4417_0,C95_EColi4417_0,C90_EColi4417_0,C70_EColi4417_0,C50_EColi4417_0,C40_EColi5506_0,C30_EColi5506_0
EColi4418_0,C95_EColi4418_0,C90_EColi4418_0,C70_EColi4418_0,C50_EColi4418_0,C40_EColi4418_0,C30_EColi4626_1
EColi4419_2,C95_EColi4419_2,C90_EColi4419_2,C70_EColi4419_2,C50_EColi4419_2,C40_EColi4419_2,C30_EColi4419_2
EColi4420_2,C95_EColi4420_2,C90_EColi4420_2,C70_EColi4420_2,C50_EColi4420_2,C40_EColi2151_0,C30_EColi2151_0
EColi4421_0,C95_EColi4421_0,C90_EColi4421_0,C70_EColi4421_0,C50_EColi4421_0,C40_EColi111_2,C30_EColi111_2
EColi4422_2,C95_EColi4422_2,C90_EColi4422_2,C70_EColi4422_2,C50_EColi4422_2,C40_EColi4422_2,C30_EColi4238_1
EColi4423_2,C95_EColi4423_2,C90_EColi4423_2,C70_EColi4423_2,C50_EColi4423_2,C40_EColi4423_2,C30_EColi4423_2
EColi4424_0,C95_EColi4424_0,C90_EColi4424_0,C70_EColi4424_0,C50_EColi3185_0,C40_EColi3185_0,C30_EColi3185_0
EColi4425_2,C95_EColi4425_2,C90_EColi4425_2,C70_EColi4425_2,C50_EColi4425_2,C40_EColi4425_2,C30_EColi4536_0
EColi4426_0,C95_EColi4426_0,C90_EColi4426_0,C70_EColi4426_0,C50_EColi4426_0,C40_EColi4426_0,C30_EColi4426_0
EColi4427_0,C95_EColi4427_0,C90_EColi4427_0,C70_EColi4427_0,C50_EColi4567_0,C40_EColi4567_0,C30_EColi4567_0
EColi4428_0,C95_EColi4428_0,C90_EColi4428_0,C70_EColi5641_0,C50_EColi5641_0,C40_EColi5641_0,C30_EColi5641_0
EColi4429_0,C95_EColi4429_0,C90_EColi4429_0,C70_EColi4429_0,C50_EColi4429_0,C40_EColi4429_0,C30_EColi5641_0
EColi4430_1,C95_EColi4430_1,C90_EColi4430_1,C70_EColi4430_1,C50_EColi4430_1,C40_EColi5397_1,C30_EColi5397_1
EColi4431_0,C95_EColi4431_0,C90_EColi4431_0,C70_EColi4431_0,C50_EColi4431_0,C40_EColi4431_0,C30_EColi4431_0
EColi4432_2,C95_EColi4432_2,C90_EColi4432_2,C70_EColi4432_2,C50_EColi2121_2,C40_EColi4432_2,C30_EColi6029_0
EColi4433_1,C95_EColi4433_1,C90_EColi4433_1,C70_EColi4433_1,C50_EColi4433_1,C40_EColi5905_2,C30_EColi5905_2
EColi4434_2,C95_EColi4434_2,C90_EColi4434_2,C70_EColi4434_2,C50_EColi4434_2,C40_EColi4434_2,C30_EColi4434_2
EColi4435_1,C95_EColi4435_1,C90_EColi4435_1,C70_EColi4435_1,C50_EColi4435_1,C40_EColi4435_1,C30_EColi356_1
EColi4436_2,C95_EColi4436_2,C90_EColi4436_2,C70_EColi4436_2,C50_EColi4436_2,C40_EColi4436_2,C30_EColi5309_0
EColi4437_1,C95_EColi4437_1,C90_EColi4437_1,C70_EColi4437_1,C50_EColi892_1,C40_EColi892_1,C30_EColi1349_2
EColi4438_2,C95_EColi4438_2,C90_EColi4438_2,C70_EColi4438_2,C50_EColi4438_2,C40_EColi4438_2,C30_EColi4438_2
EColi4439_2,C95_EColi4439_2,C90_EColi4439_2,C70_EColi4439_2,C50_EColi4439_2,C40_EColi4439_2,C30_EColi4439_2
EColi4440_2,C95_EColi4440_2,C90_EColi4440_2,C70_EColi4440_2,C50_EColi4440_2,C40_EColi4440_2,C30_EColi5981_2
EColi4441_0,C95_EColi4441_0,C90_EColi4441_0,C70_EColi4441_0,C50_EColi4441_0,C40_EColi4441_0,C30_EColi5445_0
EColi4442_0,C95_EColi4442_0,C90_EColi4442_0,C70_EColi4442_0,C50_EColi4442_0,C40_EColi4442_0,C30_EColi4442_0
EColi4443_0,C95_EColi4443_0,C90_EColi4443_0,C70_EColi4443_0,C50_EColi4443_0,C40_EColi4443_0,C30_EColi4443_0
EColi4444_2,C95_EColi4444_2,C90_EColi4444_2,C70_EColi4444_2,C50_EColi4444_2,C40_EColi4444_2,C30_EColi2430_1
EColi4445_0,C95_EColi4445_0,C90_EColi4445_0,C70_EColi4445_0,C50_EColi4445_0,C40_EColi4445_0,C30_EColi4445_0
EColi4446_0,C95_EColi4446_0,C90_EColi4446_0,C70_EColi4446_0,C50_EColi199_0,C40_EColi199_0,C30_EColi199_0
EColi4447_0,C95_EColi4447_0,C90_EColi4447_0,C70_EColi4447_0,C50_EColi4447_0,C40_EColi3574_0,C30_EColi4837_0
EColi4448_0,C95_EColi4448_0,C90_EColi4448_0,C70_EColi4448_0,C50_EColi4302_0,C40_EColi4302_0,C30_EColi4302_0
EColi4449_0,C95_EColi4449_0,C90_EColi4449_0,C70_EColi4449_0,C50_EColi4449_0,C40_EColi4449_0,C30_EColi4449_0
EColi4450_1,C95_EColi4450_1,C90_EColi4450_1,C70_EColi4450_1,C50_EColi4450_1,C40_EColi5047_0,C30_EColi5047_0
EColi4451_0,C95_EColi4451_0,C90_EColi4451_0,C70_EColi4451_0,C50_EColi3570_1,C40_EColi2915_0,C30_EColi2915_0
EColi4452_0,C95_EColi4452_0,C90_EColi4452_0,C70_EColi4452_0,C50_EColi4452_0,C40_EColi4452_0,C30_EColi4452_0
EColi4453_0,C95_EColi4453_0,C90_EColi4453_0,C70_EColi4453_0,C50_EColi4453_0,C40_EColi4453_0,C30_EColi4453_0
EColi4454_2,C95_EColi4454_2,C90_EColi4454_2,C70_EColi4454_2,C50_EColi4454_2,C40_EColi4454_2,C30_EColi4454_2
EColi4455_2,C95_EColi4455_2,C90_EColi4455_2,C70_EColi4455_2,C50_EColi4051_1,C40_EColi4051_1,C30_EColi6340_1
EColi4456_2,C95_EColi4456_2,C90_EColi4456_2,C70_EColi4456_2,C50_EColi4006_0,C40_EColi1446_0,C30_EColi1446_0
EColi4457_2,C95_EColi4457_2,C90_EColi4457_2,C70_EColi4457_2,C50_EColi4457_2,C40_EColi4449_0,C30_EColi4449_0
EColi4458_2,C95_EColi4458_2,C90_EColi4458_2,C70_EColi4458_2,C50_EColi3477_2,C40_EColi3477_2,C30_EColi3477_2
EColi4459_2,C95_EColi4459_2,C90_EColi4459_2,C70_EColi4459_2,C50_EColi4459_2,C40_EColi4459_2,C30_EColi4459_2
EColi4460_2,C95_EColi4460_2,C90_EColi4460_2,C70_EColi4460_2,C50_EColi4460_2,C40_EColi312_2,C30_EColi6029_0
EColi4461_1,C95_EColi4461_1,C90_EColi4461_1,C70_EColi4461_1,C50_EColi4461_1,C40_EColi3088_0,C30_EColi6017_1
EColi4462_0,C95_EColi4462_0,C90_EColi4462_0,C70_EColi4462_0,C50_EColi3238_0,C40_EColi3238_0,C30_EColi3355_0
EColi4463_1,C95_EColi4463_1,C90_EColi4463_1,C70_EColi4463_1,C50_EColi4463_1,C40_EColi4463_1,C30_EColi4463_1
EColi4464_2,C95_EColi4464_2,C90_EColi4464_2,C70_EColi4464_2,C50_EColi4464_2,C40_EColi4464_2,C30_EColi4464_2
EColi4465_1,C95_EColi4465_1,C90_EColi4465_1,C70_EColi4465_1,C50_EColi5888_1,C40_EColi5888_1,C30_EColi5888_1
EColi4466_2,C95_EColi4466_2,C90_EColi4466_2,C70_EColi4466_2,C50_EColi4466_2,C40_EColi4466_2,C30_EColi4466_2
EColi4467_2,C95_EColi4467_2,C90_EColi4467_2,C70_EColi4467_2,C50_EColi4467_2,C40_EColi4467_2,C30_EColi4467_2
EColi4468_1,C95_EColi4468_1,C90_EColi4468_1,C70_EColi4468_1,C50_EColi4468_1,C40_EColi4468_1,C30_EColi3588_1
EColi4469_2,C95_EColi4469_2,C90_EColi4469_2,C70_EColi4469_2,C50_EColi4469_2,C40_EColi4469_2,C30_EColi4469_2
EColi4470_2,C95_EColi4470_2,C90_EColi4470_2,C70_EColi4470_2,C50_EColi4470_2,C40_EColi4470_2,C30_EColi5690_2
EColi4471_1,C95_EColi4471_1,C90_EColi4471_1,C70_EColi4471_1,C50_EColi4322_1,C40_EColi4322_1,C30_EColi4322_1
EColi4472_0,C95_EColi4472_0,C90_EColi4472_0,C70_EColi4472_0,C50_EColi4472_0,C40_EColi6112_0,C30_EColi472_0
EColi4473_0,C95_EColi4473_0,C90_EColi4473_0,C70_EColi4473_0,C50_EColi5532_0,C40_EColi5532_0,C30_EColi5532_0
EColi4474_0,C95_EColi4474_0,C90_EColi4474_0,C70_EColi4474_0,C50_EColi4474_0,C40_EColi4474_0,C30_EColi4474_0
EColi4475_0,C95_EColi4475_0,C90_EColi4475_0,C70_EColi4475_0,C50_EColi2876_2,C40_EColi6340_1,C30_EColi6340_1
EColi4476_0,C95_EColi4476_0,C90_EColi4476_0,C70_EColi4476_0,C50_EColi4476_0,C40_EColi4476_0,C30_EColi4476_0
EColi4477_2,C95_EColi4477_2,C90_EColi4477_2,C70_EColi4477_2,C50_EColi4477_2,C40_EColi4477_2,C30_EColi4477_2
EColi4478_2,C95_EColi4478_2,C90_EColi4478_2,C70_EColi4478_2,C50_EColi4478_2,C40_EColi160_2,C30_EColi160_2
EColi4479_2,C95_EColi4479_2,C90_EColi4479_2,C70_EColi4479_2,C50_EColi4479_2,C40_EColi609_1,C30_EColi609_1
EColi4480_2,C95_EColi4480_2,C90_EColi4480_2,C70_EColi4480_2,C50_EColi4480_2,C40_EColi4480_2,C30_EColi1602_0
EColi4481_2,C95_EColi4481_2,C90_EColi4481_2,C70_EColi4481_2,C50_EColi4481_2,C40_EColi4481_2,C30_EColi5502_2
EColi4482_2,C95_EColi4482_2,C90_EColi4482_2,C70_EColi4482_2,C50_EColi4109_0,C40_EColi1425_0,C30_EColi1425_0
EColi4483_2,C95_EColi4483_2,C90_EColi4483_2,C70_EColi4483_2,C50_EColi2552_1,C40_EColi2552_1,C30_EColi2552_1
EColi4484_2,C95_EColi4484_2,C90_EColi4484_2,C70_EColi4484_2,C50_EColi4484_2,C40_EColi4484_2,C30_EColi4484_2
EColi4485_0,C95_EColi4485_0,C90_EColi4485_0,C70_EColi4485_0,C50_EColi4485_0,C40_EColi4485_0,C30_EColi4485_0
EColi4486_2,C95_EColi4486_2,C90_EColi4486_2,C70_EColi4486_2,C50_EColi4551_2,C40_EColi4551_2,C30_EColi4551_2
EColi4487_2,C95_EColi4487_2,C90_EColi4487_2,C70_EColi4487_2,C50_EColi4487_2,C40_EColi4487_2,C30_EColi2818_2
EColi4488_0,C95_EColi4488_0,C90_EColi4488_0,C70_EColi4488_0,C50_EColi4488_0,C40_EColi4488_0,C30_EColi4488_0
EColi4489_2,C95_EColi4489_2,C90_EColi4489_2,C70_EColi4489_2,C50_EColi4489_2,C40_EColi117_2,C30_EColi4489_2
EColi4490_2,C95_EColi4490_2,C90_EColi4490_2,C70_EColi4490_2,C50_EColi4490_2,C40_EColi4490_2,C30_EColi4490_2
EColi4491_2,C95_EColi4491_2,C90_EColi4491_2,C70_EColi4491_2,C50_EColi4491_2,C40_EColi3759_2,C30_EColi3759_2
EColi4492_0,C95_EColi4492_0,C90_EColi4492_0,C70_EColi4492_0,C50_EColi4492_0,C40_EColi4492_0,C30_EColi51_1
EColi4493_0,C95_EColi4493_0,C90_EColi4493_0,C70_EColi4493_0,C50_EColi4493_0,C40_EColi4493_0,C30_EColi4493_0
EColi4494_2,C95_EColi4494_2,C90_EColi4494_2,C70_EColi4494_2,C50_EColi1829_2,C40_EColi1829_2,C30_EColi5981_2
EColi4495_0,C95_EColi4495_0,C90_EColi4495_0,C70_EColi4495_0,C50_EColi4495_0,C40_EColi4495_0,C30_EColi111_2
EColi4496_0,C95_EColi4496_0,C90_EColi4496_0,C70_EColi4496_0,C50_EColi4496_0,C40_EColi4496_0,C30_EColi4496_0
EColi4497_2,C95_EColi4497_2,C90_EColi4497_2,C70_EColi4497_2,C50_EColi4497_2,C40_EColi4497_2,C30_EColi4497_2
EColi4498_0,C95_EColi4498_0,C90_EColi4498_0,C70_EColi4498_0,C50_EColi4498_0,C40_EColi4498_0,C30_EColi2817_2
EColi4499_0,C95_EColi4499_0,C90_EColi4499_0,C70_EColi4499_0,C50_EColi4499_0,C40_EColi4499_0,C30_EColi4499_0
EColi4600_0,C95_EColi4600_0,C90_EColi4600_0,C70_EColi4600_0,C50_EColi4600_0,C40_EColi4600_0,C30_EColi4600_0
EColi4601_2,C95_EColi4601_2,C90_EColi4601_2,C70_EColi4601_2,C50_EColi4773_2,C40_EColi4773_2,C30_EColi4773_2
EColi4602_1,C95_EColi4602_1,C90_EColi4602_1,C70_EColi4602_1,C50_EColi4602_1,C40_EColi105_1,C30_EColi105_1
EColi4603_1,C95_EColi4603_1,C90_EColi4603_1,C70_EColi4603_1,C50_EColi4603_1,C40_EColi4603_1,C30_EColi4603_1
EColi4604_0,C95_EColi4604_0,C90_EColi4604_0,C70_EColi4604_0,C50_EColi4604_0,C40_EColi4604_0,C30_EColi4604_0
EColi4605_2,C95_EColi4605_2,C90_EColi4605_2,C70_EColi4605_2,C50_EColi4605_2,C40_EColi4605_2,C30_EColi4605_2
EColi4606_2,C95_EColi4606_2,C90_EColi4606_2,C70_EColi4606_2,C50_EColi4606_2,C40_EColi4606_2,C30_EColi4606_2
EColi4607_2,C95_EColi4607_2,C90_EColi4607_2,C70_EColi4607_2,C50_EColi4607_2,C40_EColi4607_2,C30_EColi4607_2
EColi4608_2,C95_EColi4608_2,C90_EColi4608_2,C70_EColi4608_2,C50_EColi4608_2,C40_EColi4608_2,C30_EColi4608_2
EColi4609_2,C95_EColi4609_2,C90_EColi4609_2,C70_EColi4609_2,C50_EColi1510_1,C40_EColi1510_1,C30_EColi1510_1
EColi4610_2,C95_EColi4610_2,C90_EColi4610_2,C70_EColi4610_2,C50_EColi4610_2,C40_EColi4610_2,C30_EColi4348_0
EColi4611_1,C95_EColi4611_1,C90_EColi4611_1,C70_EColi4611_1,C50_EColi4611_1,C40_EColi4611_1,C30_EColi4611_1
EColi4612_0,C95_EColi4612_0,C90_EColi4612_0,C70_EColi4612_0,C50_EColi4612_0,C40_EColi2610_0,C30_EColi1778_2
EColi4613_0,C95_EColi4613_0,C90_EColi4613_0,C70_EColi4613_0,C50_EColi4613_0,C40_EColi4613_0,C30_EColi4613_0
EColi4614_0,C95_EColi4614_0,C90_EColi4614_0,C70_EColi4614_0,C50_EColi4614_0,C40_EColi4614_0,C30_EColi1927_0
EColi4615_0,C95_EColi4615_0,C90_EColi4615_0,C70_EColi4615_0,C50_EColi4615_0,C40_EColi4615_0,C30_EColi863_0
EColi4616_0,C95_EColi4616_0,C90_EColi4616_0,C70_EColi4616_0,C50_EColi4616_0,C40_EColi4616_0,C30_EColi4616_0
EColi4617_0,C95_EColi4617_0,C90_EColi4617_0,C70_EColi4617_0,C50_EColi4617_0,C40_EColi4617_0,C30_EColi4617_0
EColi4618_0,C95_EColi4618_0,C90_EColi4618_0,C70_EColi4618_0,C50_EColi4618_0,C40_EColi4618_0,C30_EColi4618_0
EColi4619_1,C95_EColi4619_1,C90_EColi4619_1,C70_EColi4619_1,C50_EColi4619_1,C40_EColi4619_1,C30_EColi4619_1
EColi4620_1,C95_EColi4620_1,C90_EColi4620_1,C70_EColi4620_1,C50_EColi4620_1,C40_EColi4620_1,C30_EColi4620_1
EColi4621_1,C95_EColi4621_1,C90_EColi4621_1,C70_EColi4621_1,C50_EColi4621_1,C40_EColi4621_1,C30_EColi4621_1
EColi4622_1,C95_EColi4622_1,C90_EColi4622_1,C70_EColi4622_1,C50_EColi4622_1,C40_EColi4622_1,C30_EColi4622_1
EColi4623_0,C95_EColi4623_0,C90_EColi4623_0,C70_EColi4623_0,C50_EColi4623_0,C40_EColi4623_0,C30_EColi4623_0
EColi4624_0,C95_EColi4624_0,C90_EColi4624_0,C70_EColi4624_0,C50_EColi4624_0,C40_EColi4624_0,C30_EColi4624_0
EColi4625_0,C95_EColi4625_0,C90_EColi4625_0,C70_EColi4625_0,C50_EColi4625_0,C40_EColi4515_0,C30_EColi4868_2
EColi4626_1,C95_EColi4626_1,C90_EColi4626_1,C70_EColi4626_1,C50_EColi4626_1,C40_EColi4626_1,C30_EColi4626_1
EColi4627_1,C95_EColi4627_1,C90_EColi4627_1,C70_EColi4627_1,C50_EColi4627_1,C40_EColi4627_1,C30_EColi1084_1
EColi4628_0,C95_EColi4628_0,C90_EColi4628_0,C70_EColi4628_0,C50_EColi4628_0,C40_EColi4628_0,C30_EColi4628_0
EColi4629_2,C95_EColi4629_2,C90_EColi4629_2,C70_EColi4629_2,C50_EColi4629_2,C40_EColi46_2,C30_EColi46_2
EColi4630_2,C95_EColi4630_2,C90_EColi4630_2,C70_EColi4630_2,C50_EColi4630_2,C40_EColi4630_2,C30_EColi4630_2
EColi4631_2,C95_EColi4631_2,C90_EColi4631_2,C70_EColi4631_2,C50_EColi4631_2,C40_EColi4631_2,C30_EColi237_0
EColi4632_2,C95_EColi4632_2,C90_EColi4632_2,C70_EColi4632_2,C50_EColi4632_2,C40_EColi4632_2,C30_EColi2385_1
EColi4633_0,C95_EColi4633_0,C90_EColi4633_0,C70_EColi4633_0,C50_EColi4633_0,C40_EColi1675_2,C30_EColi1675_2
EColi4634_0,C95_EColi4634_0,C90_EColi4634_0,C70_EColi4634_0,C50_EColi5728_0,C40_EColi5728_0,C30_EColi5728_0
EColi4635_0,C95_EColi4635_0,C90_EColi4635_0,C70_EColi4635_0,C50_EColi4635_0,C40_EColi4635_0,C30_EColi4635_0
EColi4636_0,C95_EColi4636_0,C90_EColi4636_0,C70_EColi4636_0,C50_EColi4636_0,C40_EColi4636_0,C30_EColi5542_0
EColi4637_2,C95_EColi4637_2,C90_EColi4637_2,C70_EColi4637_2,C50_EColi4637_2,C40_EColi4637_2,C30_EColi4637_2
EColi4638_0,C95_EColi4638_0,C90_EColi4638_0,C70_EColi4638_0,C50_EColi4638_0,C40_EColi4638_0,C30_EColi4638_0
EColi4639_1,C95_EColi4639_1,C90_EColi4639_1,C70_EColi4639_1,C50_EColi4639_1,C40_EColi25_0,C30_EColi25_0
EColi4640_0,C95_EColi4640_0,C90_EColi4640_0,C70_EColi4640_0,C50_EColi4640_0,C40_EColi738_1,C30_EColi738_1
EColi4641_2,C95_EColi4641_2,C90_EColi4641_2,C70_EColi4641_2,C50_EColi4641_2,C40_EColi4799_2,C30_EColi4799_2
EColi4642_2,C95_EColi4642_2,C90_EColi4642_2,C70_EColi4642_2,C50_EColi4642_2,C40_EColi4642_2,C30_EColi1791_2
EColi4643_1,C95_EColi4643_1,C90_EColi4643_1,C70_EColi4643_1,C50_EColi6093_0,C40_EColi6093_0,C30_EColi6093_0
EColi4644_2,C95_EColi4644_2,C90_EColi4644_2,C70_EColi4644_2,C50_EColi4644_2,C40_EColi4644_2,C30_EColi4644_2
EColi4645_1,C95_EColi4645_1,C90_EColi4645_1,C70_EColi4645_1,C50_EColi5647_0,C40_EColi5647_0,C30_EColi5647_0
EColi4646_2,C95_EColi4646_2,C90_EColi4646_2,C70_EColi4646_2,C50_EColi4646_2,C40_EColi4646_2,C30_EColi4646_2
EColi4647_0,C95_EColi4647_0,C90_EColi4647_0,C70_EColi4647_0,C50_EColi4647_0,C40_EColi4647_0,C30_EColi4647_0
EColi4648_2,C95_EColi4648_2,C90_EColi4648_2,C70_EColi4648_2,C50_EColi4648_2,C40_EColi4648_2,C30_EColi4648_2
EColi4649_0,C95_EColi4649_0,C90_EColi4649_0,C70_EColi4649_0,C50_EColi4649_0,C40_EColi4649_0,C30_EColi784_1
EColi4650_0,C95_EColi4650_0,C90_EColi4650_0,C70_EColi4650_0,C50_EColi4650_0,C40_EColi4650_0,C30_EColi4650_0
EColi4651_0,C95_EColi4651_0,C90_EColi4651_0,C70_EColi4651_0,C50_EColi4651_0,C40_EColi4651_0,C30_EColi4651_0
EColi4652_0,C95_EColi4652_0,C90_EColi4652_0,C70_EColi4652_0,C50_EColi4652_0,C40_EColi111_2,C30_EColi111_2
EColi4653_0,C95_EColi4653_0,C90_EColi4653_0,C70_EColi4653_0,C50_EColi4653_0,C40_EColi4653_0,C30_EColi4653_0
EColi4654_0,C95_EColi4654_0,C90_EColi4654_0,C70_EColi4654_0,C50_EColi4654_0,C40_EColi4654_0,C30_EColi2428_2
EColi4655_0,C95_EColi4655_0,C90_EColi4655_0,C70_EColi4655_0,C50_EColi4655_0,C40_EColi4655_0,C30_EColi4655_0
EColi4656_0,C95_EColi4656_0,C90_EColi4656_0,C70_EColi4656_0,C50_EColi4656_0,C40_EColi4656_0,C30_EColi4656_0
EColi4657_0,C95_EColi4657_0,C90_EColi4657_0,C70_EColi4657_0,C50_EColi4657_0,C40_EColi4657_0,C30_EColi6324_1
EColi4658_2,C95_EColi4658_2,C90_EColi4658_2,C70_EColi4658_2,C50_EColi4658_2,C40_EColi4658_2,C30_EColi1914_0
EColi4659_1,C95_EColi4659_1,C90_EColi4659_1,C70_EColi4659_1,C50_EColi4659_1,C40_EColi4659_1,C30_EColi4659_1
EColi4660_0,C95_EColi4660_0,C90_EColi4660_0,C70_EColi4660_0,C50_EColi4660_0,C40_EColi4660_0,C30_EColi4660_0
EColi4661_0,C95_EColi4661_0,C90_EColi4661_0,C70_EColi4661_0,C50_EColi4661_0,C40_EColi4661_0,C30_EColi1759_2
EColi4662_0,C95_EColi4662_0,C90_EColi4662_0,C70_EColi4662_0,C50_EColi4662_0,C40_EColi4662_0,C30_EColi5605_0
EColi4663_2,C95_EColi4663_2,C90_EColi4663_2,C70_EColi4663_2,C50_EColi4663_2,C40_EColi4663_2,C30_EColi4663_2
EColi4664_0,C95_EColi4664_0,C90_EColi4664_0,C70_EColi4664_0,C50_EColi4664_0,C40_EColi4664_0,C30_EColi4664_0
EColi4665_0,C95_EColi4665_0,C90_EColi4665_0,C70_EColi4665_0,C50_EColi4665_0,C40_EColi4665_0,C30_EColi4665_0
EColi4666_1,C95_EColi4666_1,C90_EColi4666_1,C70_EColi4666_1,C50_EColi4666_1,C40_EColi4666_1,C30_EColi4666_1
EColi4667_0,C95_EColi4667_0,C90_EColi4667_0,C70_EColi4667_0,C50_EColi4667_0,C40_EColi4667_0,C30_EColi4667_0
EColi4668_2,C95_EColi4668_2,C90_EColi4668_2,C70_EColi4668_2,C50_EColi4668_2,C40_EColi4668_2,C30_EColi4668_2
EColi4669_2,C95_EColi4669_2,C90_EColi4669_2,C70_EColi4669_2,C50_EColi4419_2,C40_EColi4419_2,C30_EColi4419_2
EColi4670_2,C95_EColi4670_2,C90_EColi4670_2,C70_EColi4670_2,C50_EColi4670_2,C40_EColi4670_2,C30_EColi4670_2
EColi4671_2,C95_EColi4671_2,C90_EColi4671_2,C70_EColi4671_2,C50_EColi4420_2,C40_EColi2151_0,C30_EColi2151_0
EColi4672_1,C95_EColi4672_1,C90_EColi4672_1,C70_EColi4672_1,C50_EColi4672_1,C40_EColi4672_1,C30_EColi2918_0
EColi4673_2,C95_EColi4673_2,C90_EColi4673_2,C70_EColi4673_2,C50_EColi6001_2,C40_EColi6001_2,C30_EColi6001_2
EColi4674_2,C95_EColi4674_2,C90_EColi4674_2,C70_EColi4674_2,C50_EColi4674_2,C40_EColi4674_2,C30_EColi5905_2
EColi4675_2,C95_EColi4675_2,C90_EColi4675_2,C70_EColi4675_2,C50_EColi4675_2,C40_EColi4675_2,C30_EColi827_2
EColi4676_2,C95_EColi4676_2,C90_EColi4676_2,C70_EColi4676_2,C50_EColi4676_2,C40_EColi4676_2,C30_EColi4676_2
EColi4677_2,C95_EColi4677_2,C90_EColi4677_2,C70_EColi4677_2,C50_EColi4677_2,C40_EColi2152_0,C30_EColi2152_0
EColi4678_2,C95_EColi4678_2,C90_EColi4678_2,C70_EColi4678_2,C50_EColi4678_2,C40_EColi486_1,C30_EColi4546_0
EColi4679_2,C95_EColi4679_2,C90_EColi4679_2,C70_EColi4679_2,C50_EColi4679_2,C40_EColi6304_1,C30_EColi1321_1
EColi4680_2,C95_EColi4680_2,C90_EColi4680_2,C70_EColi4680_2,C50_EColi4680_2,C40_EColi4680_2,C30_EColi4680_2
EColi4681_1,C95_EColi4681_1,C90_EColi4681_1,C70_EColi4681_1,C50_EColi4681_1,C40_EColi4681_1,C30_EColi1520_2
EColi4682_2,C95_EColi4682_2,C90_EColi4682_2,C70_EColi4682_2,C50_EColi4682_2,C40_EColi4682_2,C30_EColi5091_2
EColi4683_1,C95_EColi4683_1,C90_EColi4683_1,C70_EColi4683_1,C50_EColi4683_1,C40_EColi4683_1,C30_EColi4683_1
EColi4684_2,C95_EColi4684_2,C90_EColi4684_2,C70_EColi4684_2,C50_EColi4684_2,C40_EColi5684_1,C30_EColi2457_2
EColi4685_2,C95_EColi4685_2,C90_EColi4685_2,C70_EColi4685_2,C50_EColi4685_2,C40_EColi4685_2,C30_EColi4685_2
EColi4686_0,C95_EColi4686_0,C90_EColi4686_0,C70_EColi4686_0,C50_EColi4686_0,C40_EColi4686_0,C30_EColi4686_0
EColi4687_2,C95_EColi4687_2,C90_EColi4687_2,C70_EColi4687_2,C50_EColi4687_2,C40_EColi4687_2,C30_EColi231_2
EColi4688_2,C95_EColi4688_2,C90_EColi4688_2,C70_EColi4688_2,C50_EColi279_2,C40_EColi279_2,C30_EColi279_2
EColi4689_0,C95_EColi4689_0,C90_EColi4689_0,C70_EColi4689_0,C50_EColi4689_0,C40_EColi4689_0,C30_EColi5908_0
EColi4690_1,C95_EColi4690_1,C90_EColi4690_1,C70_EColi4690_1,C50_EColi4690_1,C40_EColi4690_1,C30_EColi3490_1
EColi4691_0,C95_EColi4691_0,C90_EColi4691_0,C70_EColi4691_0,C50_EColi4691_0,C40_EColi4691_0,C30_EColi5567_0
EColi4692_0,C95_EColi4692_0,C90_EColi4692_0,C70_EColi4692_0,C50_EColi4692_0,C40_EColi4692_0,C30_EColi4692_0
EColi4693_2,C95_EColi4693_2,C90_EColi4693_2,C70_EColi4693_2,C50_EColi4693_2,C40_EColi4693_2,C30_EColi4693_2
EColi4694_0,C95_EColi4694_0,C90_EColi4694_0,C70_EColi4694_0,C50_EColi4694_0,C40_EColi4694_0,C30_EColi4694_0
EColi4695_0,C95_EColi4695_0,C90_EColi4695_0,C70_EColi4695_0,C50_EColi4695_0,C40_EColi4695_0,C30_EColi4695_0
EColi4696_2,C95_EColi4696_2,C90_EColi4696_2,C70_EColi4696_2,C50_EColi4696_2,C40_EColi5680_0,C30_EColi5680_0
EColi4697_1,C95_EColi4697_1,C90_EColi4697_1,C70_EColi4697_1,C50_EColi4697_1,C40_EColi4697_1,C30_EColi2383_0
EColi4698_0,C95_EColi4698_0,C90_EColi4698_0,C70_EColi4698_0,C50_EColi4698_0,C40_EColi127_1,C30_EColi127_1
EColi4699_0,C95_EColi4699_0,C90_EColi4699_0,C70_EColi4699_0,C50_EColi4699_0,C40_EColi4699_0,C30_EColi4999_1
EColi4800_2,C95_EColi4800_2,C90_EColi4800_2,C70_EColi4800_2,C50_EColi4800_2,C40_EColi4800_2,C30_EColi4800_2
EColi4801_0,C95_EColi4801_0,C90_EColi4801_0,C70_EColi4801_0,C50_EColi4801_0,C40_EColi300_2,C30_EColi300_2
EColi4802_0,C95_EColi4802_0,C90_EColi4802_0,C70_EColi4802_0,C50_EColi5811_0,C40_EColi5811_0,C30_EColi5811_0
EColi4803_0,C95_EColi4803_0,C90_EColi4803_0,C70_EColi4803_0,C50_EColi4803_0,C40_EColi4803_0,C30_EColi3512_0
EColi4804_0,C95_EColi4804_0,C90_EColi4804_0,C70_EColi4804_0,C50_EColi4804_0,C40_EColi4255_2,C30_EColi1349_2
EColi4805_2,C95_EColi4805_2,C90_EColi4805_2,C70_EColi4805_2,C50_EColi5301_1,C40_EColi5301_1,C30_EColi93_1
EColi4806_0,C95_EColi4806_0,C90_EColi4806_0,C70_EColi4806_0,C50_EColi3381_1,C40_EColi3381_1,C30_EColi3381_1
EColi4807_0,C95_EColi4807_0,C90_EColi4807_0,C70_EColi4807_0,C50_EColi4807_0,C40_EColi4807_0,C30_EColi863_0
EColi4808_2,C95_EColi4808_2,C90_EColi4808_2,C70_EColi4808_2,C50_EColi4808_2,C40_EColi4808_2,C30_EColi4808_2
EColi4809_0,C95_EColi4809_0,C90_EColi4809_0,C70_EColi4809_0,C50_EColi4809_0,C40_EColi4809_0,C30_EColi4809_0
EColi4810_1,C95_EColi4810_1,C90_EColi4810_1,C70_EColi4810_1,C50_EColi4810_1,C40_EColi4810_1,C30_EColi913_2
EColi4811_1,C95_EColi4811_1,C90_EColi4811_1,C70_EColi4811_1,C50_EColi4811_1,C40_EColi4811_1,C30_EColi3334_2
EColi4812_1,C95_EColi4812_1,C90_EColi4812_1,C70_EColi4812_1,C50_EColi4812_1,C40_EColi4812_1,C30_EColi4812_1
EColi4813_0,C95_EColi4813_0,C90_EColi4813_0,C70_EColi4813_0,C50_EColi4813_0,C40_EColi4813_0,C30_EColi4813_0
EColi4814_1,C95_EColi4814_1,C90_EColi4814_1,C70_EColi4814_1,C50_EColi4032_0,C40_EColi1593_1,C30_EColi2825_2
EColi4815_1,C95_EColi4815_1,C90_EColi4815_1,C70_EColi4815_1,C50_EColi4815_1,C40_EColi3145_2,C30_EColi1387_0
EColi4816_0,C95_EColi4816_0,C90_EColi4816_0,C70_EColi4816_0,C50_EColi4816_0,C40_EColi4816_0,C30_EColi5373_0
EColi4817_1,C95_EColi4817_1,C90_EColi4817_1,C70_EColi4817_1,C50_EColi4817_1,C40_EColi4817_1,C30_EColi3359_2
EColi4818_1,C95_EColi4818_1,C90_EColi4818_1,C70_EColi4818_1,C50_EColi4818_1,C40_EColi4818_1,C30_EColi1977_1
EColi4819_0,C95_EColi4819_0,C90_EColi4819_0,C70_EColi4819_0,C50_EColi4819_0,C40_EColi4819_0,C30_EColi4819_0
EColi4820_2,C95_EColi4820_2,C90_EColi4820_2,C70_EColi4820_2,C50_EColi4820_2,C40_EColi1936_0,C30_EColi1936_0
EColi4821_0,C95_EColi4821_0,C90_EColi4821_0,C70_EColi4821_0,C50_EColi4821_0,C40_EColi4821_0,C30_EColi5411_1
EColi4822_1,C95_EColi4822_1,C90_EColi4822_1,C70_EColi4822_1,C50_EColi4822_1,C40_EColi4822_1,C30_EColi4822_1
EColi4823_0,C95_EColi4823_0,C90_EColi4823_0,C70_EColi4823_0,C50_EColi4823_0,C40_EColi4823_0,C30_EColi4823_0
EColi4824_0,C95_EColi4824_0,C90_EColi4824_0,C70_EColi4824_0,C50_EColi4824_0,C40_EColi4824_0,C30_EColi4824_0
EColi4825_0,C95_EColi4825_0,C90_EColi4825_0,C70_EColi4825_0,C50_EColi4825_0,C40_EColi4825_0,C30_EColi4825_0
EColi4826_0,C95_EColi4826_0,C90_EColi4826_0,C70_EColi4826_0,C50_EColi4826_0,C40_EColi4826_0,C30_EColi2639_2
EColi4827_2,C95_EColi4827_2,C90_EColi4827_2,C70_EColi4827_2,C50_EColi4827_2,C40_EColi4827_2,C30_EColi4827_2
EColi4828_0,C95_EColi4828_0,C90_EColi4828_0,C70_EColi4828_0,C50_EColi4828_0,C40_EColi4846_0,C30_EColi1540_0
EColi4829_2,C95_EColi4829_2,C90_EColi4829_2,C70_EColi4829_2,C50_EColi4829_2,C40_EColi4999_1,C30_EColi4999_1
EColi4830_0,C95_EColi4830_0,C90_EColi4830_0,C70_EColi4830_0,C50_EColi4830_0,C40_EColi4830_0,C30_EColi4830_0
EColi4831_0,C95_EColi4831_0,C90_EColi4831_0,C70_EColi4831_0,C50_EColi4831_0,C40_EColi4831_0,C30_EColi4831_0
EColi4832_2,C95_EColi4832_2,C90_EColi4832_2,C70_EColi4832_2,C50_EColi4832_2,C40_EColi4832_2,C30_EColi4832_2
EColi4833_0,C95_EColi4833_0,C90_EColi4833_0,C70_EColi4833_0,C50_EColi4833_0,C40_EColi4833_0,C30_EColi4833_0
EColi4834_0,C95_EColi4834_0,C90_EColi4834_0,C70_EColi4834_0,C50_EColi4834_0,C40_EColi4834_0,C30_EColi4834_0
EColi4835_1,C95_EColi4835_1,C90_EColi4835_1,C70_EColi4835_1,C50_EColi4835_1,C40_EColi4835_1,C30_EColi2198_0
EColi4836_1,C95_EColi4836_1,C90_EColi4836_1,C70_EColi4836_1,C50_EColi4836_1,C40_EColi4836_1,C30_EColi4836_1
EColi4837_0,C95_EColi4837_0,C90_EColi4837_0,C70_EColi4837_0,C50_EColi4837_0,C40_EColi4837_0,C30_EColi4837_0
EColi4838_1,C95_EColi4838_1,C90_EColi4838_1,C70_EColi4838_1,C50_EColi4838_1,C40_EColi4838_1,C30_EColi4838_1
EColi4839_1,C95_EColi4839_1,C90_EColi4839_1,C70_EColi4839_1,C50_EColi4839_1,C40_EColi4839_1,C30_EColi4839_1
EColi4840_2,C95_EColi4840_2,C90_EColi4840_2,C70_EColi4840_2,C50_EColi526_1,C40_EColi527_0,C30_EColi527_0
EColi4841_2,C95_EColi4841_2,C90_EColi4841_2,C70_EColi4841_2,C50_EColi918_1,C40_EColi918_1,C30_EColi918_1
EColi4842_2,C95_EColi4842_2,C90_EColi4842_2,C70_EColi4842_2,C50_EColi4842_2,C40_EColi4842_2,C30_EColi4800_2
EColi4843_0,C95_EColi4843_0,C90_EColi4843_0,C70_EColi4843_0,C50_EColi4843_0,C40_EColi4843_0,C30_EColi4843_0
EColi4844_0,C95_EColi4844_0,C90_EColi4844_0,C70_EColi4844_0,C50_EColi4844_0,C40_EColi4844_0,C30_EColi4844_0
EColi4845_1,C95_EColi4845_1,C90_EColi4845_1,C70_EColi4845_1,C50_EColi3451_1,C40_EColi3451_1,C30_EColi660_0
EColi4846_0,C95_EColi4846_0,C90_EColi4846_0,C70_EColi4846_0,C50_EColi4846_0,C40_EColi4846_0,C30_EColi5505_0
EColi4847_0,C95_EColi4847_0,C90_EColi4847_0,C70_EColi4847_0,C50_EColi4847_0,C40_EColi1535_2,C30_EColi1535_2
EColi4848_0,C95_EColi4848_0,C90_EColi4848_0,C70_EColi4848_0,C50_EColi4848_0,C40_EColi4848_0,C30_EColi4848_0
EColi4849_0,C95_EColi4849_0,C90_EColi4849_0,C70_EColi4849_0,C50_EColi6185_1,C40_EColi738_1,C30_EColi738_1
EColi4850_0,C95_EColi4850_0,C90_EColi4850_0,C70_EColi4850_0,C50_EColi4850_0,C40_EColi4850_0,C30_EColi472_0
EColi4851_0,C95_EColi4851_0,C90_EColi4851_0,C70_EColi4851_0,C50_EColi4851_0,C40_EColi4851_0,C30_EColi4452_0
EColi4852_0,C95_EColi4852_0,C90_EColi4852_0,C70_EColi4852_0,C50_EColi4852_0,C40_EColi3826_1,C30_EColi2348_0
EColi4853_0,C95_EColi4853_0,C90_EColi4853_0,C70_EColi4853_0,C50_EColi4853_0,C40_EColi486_1,C30_EColi4546_0
EColi4854_0,C95_EColi4854_0,C90_EColi4854_0,C70_EColi4854_0,C50_EColi4854_0,C40_EColi4854_0,C30_EColi3512_0
EColi4855_0,C95_EColi4855_0,C90_EColi4855_0,C70_EColi4855_0,C50_EColi4855_0,C40_EColi4855_0,C30_EColi4855_0
EColi4856_1,C95_EColi4856_1,C90_EColi4856_1,C70_EColi4856_1,C50_EColi4856_1,C40_EColi4856_1,C30_EColi4856_1
EColi4857_0,C95_EColi4857_0,C90_EColi4857_0,C70_EColi4857_0,C50_EColi4857_0,C40_EColi4857_0,C30_EColi4857_0
EColi4858_0,C95_EColi4858_0,C90_EColi4858_0,C70_EColi4858_0,C50_EColi4858_0,C40_EColi4858_0,C30_EColi4858_0
EColi4859_2,C95_EColi4859_2,C90_EColi4859_2,C70_EColi4859_2,C50_EColi4859_2,C40_EColi4859_2,C30_EColi4859_2
EColi4860_0,C95_EColi4860_0,C90_EColi4860_0,C70_EColi4860_0,C50_EColi4860_0,C40_EColi4860_0,C30_EColi4860_0
EColi4861_0,C95_EColi4861_0,C90_EColi4861_0,C70_EColi4861_0,C50_EColi4861_0,C40_EColi4861_0,C30_EColi2770_0
EColi4862_0,C95_EColi4862_0,C90_EColi4862_0,C70_EColi4862_0,C50_EColi4862_0,C40_EColi4862_0,C30_EColi4862_0
EColi4863_1,C95_EColi4863_1,C90_EColi4863_1,C70_EColi4863_1,C50_EColi4863_1,C40_EColi4863_1,C30_EColi1308_0
EColi4864_0,C95_EColi4864_0,C90_EColi4864_0,C70_EColi4864_0,C50_EColi4864_0,C40_EColi4864_0,C30_EColi4864_0
EColi4865_0,C95_EColi4865_0,C90_EColi4865_0,C70_EColi4865_0,C50_EColi4865_0,C40_EColi4865_0,C30_EColi4865_0
EColi4866_2,C95_EColi4866_2,C90_EColi4866_2,C70_EColi4866_2,C50_EColi4866_2,C40_EColi4866_2,C30_EColi4866_2
EColi4867_0,C95_EColi4867_0,C90_EColi4867_0,C70_EColi4867_0,C50_EColi4867_0,C40_EColi100_0,C30_EColi1596_1
EColi4868_2,C95_EColi4868_2,C90_EColi4868_2,C70_EColi4868_2,C50_EColi4868_2,C40_EColi4868_2,C30_EColi4868_2
EColi4869_2,C95_EColi4869_2,C90_EColi4869_2,C70_EColi4869_2,C50_EColi4869_2,C40_EColi4869_2,C30_EColi4869_2
EColi4870_2,C95_EColi4870_2,C90_EColi4870_2,C70_EColi4870_2,C50_EColi4870_2,C40_EColi4870_2,C30_EColi2811_1
EColi4871_0,C95_EColi4871_0,C90_EColi4871_0,C70_EColi4871_0,C50_EColi4871_0,C40_EColi3391_1,C30_EColi3391_1
EColi4872_0,C95_EColi4872_0,C90_EColi4872_0,C70_EColi4872_0,C50_EColi5213_1,C40_EColi3177_1,C30_EColi3177_1
EColi4873_0,C95_EColi4873_0,C90_EColi4873_0,C70_EColi4873_0,C50_EColi4873_0,C40_EColi4873_0,C30_EColi6286_1
EColi4874_2,C95_EColi4874_2,C90_EColi4874_2,C70_EColi4874_2,C50_EColi4874_2,C40_EColi4874_2,C30_EColi4874_2
EColi4875_2,C95_EColi4875_2,C90_EColi4875_2,C70_EColi4875_2,C50_EColi4875_2,C40_EColi4875_2,C30_EColi5890_0
EColi4876_0,C95_EColi4876_0,C90_EColi4876_0,C70_EColi4876_0,C50_EColi4876_0,C40_EColi4876_0,C30_EColi4876_0
EColi4877_0,C95_EColi4877_0,C90_EColi4877_0,C70_EColi4877_0,C50_EColi4877_0,C40_EColi4877_0,C30_EColi5443_0
EColi4878_0,C95_EColi4878_0,C90_EColi4878_0,C70_EColi4878_0,C50_EColi4878_0,C40_EColi3188_2,C30_EColi3188_2
EColi4879_2,C95_EColi4879_2,C90_EColi4879_2,C70_EColi4879_2,C50_EColi827_2,C40_EColi1370_0,C30_EColi827_2
EColi4880_2,C95_EColi4880_2,C90_EColi4880_2,C70_EColi4880_2,C50_EColi4880_2,C40_EColi4880_2,C30_EColi5855_0
EColi4881_2,C95_EColi4881_2,C90_EColi4881_2,C70_EColi4881_2,C50_EColi4881_2,C40_EColi6312_1,C30_EColi6312_1
EColi4882_2,C95_EColi4882_2,C90_EColi4882_2,C70_EColi4882_2,C50_EColi4882_2,C40_EColi4882_2,C30_EColi4882_2
EColi4883_0,C95_EColi4883_0,C90_EColi4883_0,C70_EColi4883_0,C50_EColi4883_0,C40_EColi4883_0,C30_EColi4883_0
EColi4884_0,C95_EColi4884_0,C90_EColi4884_0,C70_EColi4884_0,C50_EColi3238_0,C40_EColi3238_0,C30_EColi3355_0
EColi4885_0,C95_EColi4885_0,C90_EColi4885_0,C70_EColi4885_0,C50_EColi4562_0,C40_EColi5506_0,C30_EColi5506_0
EColi4886_0,C95_EColi4886_0,C90_EColi4886_0,C70_EColi4886_0,C50_EColi4886_0,C40_EColi675_0,C30_EColi863_0
EColi4887_2,C95_EColi4887_2,C90_EColi4887_2,C70_EColi4887_2,C50_EColi4887_2,C40_EColi1807_2,C30_EColi4887_2
EColi4888_1,C95_EColi4888_1,C90_EColi4888_1,C70_EColi4888_1,C50_EColi4888_1,C40_EColi4888_1,C30_EColi4888_1
EColi4889_2,C95_EColi4889_2,C90_EColi4889_2,C70_EColi4889_2,C50_EColi5101_1,C40_EColi5101_1,C30_EColi5101_1
EColi4890_2,C95_EColi4890_2,C90_EColi4890_2,C70_EColi4890_2,C50_EColi4890_2,C40_EColi4890_2,C30_EColi4890_2
EColi4891_2,C95_EColi4891_2,C90_EColi4891_2,C70_EColi4891_2,C50_EColi290_0,C40_EColi290_0,C30_EColi290_0
EColi4892_2,C95_EColi4892_2,C90_EColi4892_2,C70_EColi4892_2,C50_EColi4892_2,C40_EColi4892_2,C30_EColi4794_2
EColi4893_2,C95_EColi4893_2,C90_EColi4893_2,C70_EColi4893_2,C50_EColi305_2,C40_EColi305_2,C30_EColi1664_0
EColi4894_2,C95_EColi4894_2,C90_EColi4894_2,C70_EColi4894_2,C50_EColi4894_2,C40_EColi4894_2,C30_EColi4894_2
EColi4895_2,C95_EColi4895_2,C90_EColi4895_2,C70_EColi4895_2,C50_EColi4895_2,C40_EColi4895_2,C30_EColi4895_2
EColi4896_0,C95_EColi4896_0,C90_EColi4896_0,C70_EColi4896_0,C50_EColi5453_0,C40_EColi5453_0,C30_EColi5453_0
EColi4897_2,C95_EColi4897_2,C90_EColi4897_2,C70_EColi4897_2,C50_EColi4897_2,C40_EColi4897_2,C30_EColi4897_2
EColi4898_2,C95_EColi4898_2,C90_EColi4898_2,C70_EColi4898_2,C50_EColi4898_2,C40_EColi4898_2,C30_EColi4898_2
EColi4899_1,C95_EColi4899_1,C90_EColi4899_1,C70_EColi4899_1,C50_EColi4899_1,C40_EColi2172_1,C30_EColi2172_1
EColi5000_1,C95_EColi5000_1,C90_EColi5000_1,C70_EColi5000_1,C50_EColi5000_1,C40_EColi5000_1,C30_EColi5000_1
EColi5001_2,C95_EColi5001_2,C90_EColi5001_2,C70_EColi5001_2,C50_EColi5001_2,C40_EColi5001_2,C30_EColi5855_0
EColi5002_0,C95_EColi5002_0,C90_EColi5002_0,C70_EColi5002_0,C50_EColi5002_0,C40_EColi4196_0,C30_EColi4196_0
EColi5003_0,C95_EColi5003_0,C90_EColi5003_0,C70_EColi5003_0,C50_EColi5003_0,C40_EColi5003_0,C30_EColi3606_2
EColi5004_2,C95_EColi5004_2,C90_EColi5004_2,C70_EColi5004_2,C50_EColi5004_2,C40_EColi5004_2,C30_EColi5004_2
EColi5005_1,C95_EColi5005_1,C90_EColi5005_1,C70_EColi5005_1,C50_EColi5005_1,C40_EColi5005_1,C30_EColi5005_1
EColi5006_0,C95_EColi5006_0,C90_EColi5006_0,C70_EColi5006_0,C50_EColi5006_0,C40_EColi5006_0,C30_EColi5006_0
EColi5007_0,C95_EColi5007_0,C90_EColi5007_0,C70_EColi5007_0,C50_EColi5007_0,C40_EColi5007_0,C30_EColi5007_0
EColi5008_1,C95_EColi5008_1,C90_EColi5008_1,C70_EColi5008_1,C50_EColi5008_1,C40_EColi2136_0,C30_EColi2136_0
EColi5009_0,C95_EColi5009_0,C90_EColi5009_0,C70_EColi5009_0,C50_EColi5009_0,C40_EColi5009_0,C30_EColi5009_0
EColi5010_1,C95_EColi5010_1,C90_EColi5010_1,C70_EColi5010_1,C50_EColi5010_1,C40_EColi5010_1,C30_EColi5010_1
EColi5011_0,C95_EColi5011_0,C90_EColi5011_0,C70_EColi5011_0,C50_EColi5011_0,C40_EColi3360_1,C30_EColi3360_1
EColi5012_1,C95_EColi5012_1,C90_EColi5012_1,C70_EColi5012_1,C50_EColi5012_1,C40_EColi5012_1,C30_EColi5012_1
EColi5013_2,C95_EColi5013_2,C90_EColi5013_2,C70_EColi5013_2,C50_EColi5013_2,C40_EColi5013_2,C30_EColi5013_2
EColi5014_1,C95_EColi5014_1,C90_EColi5014_1,C70_EColi5014_1,C50_EColi5014_1,C40_EColi5015_2,C30_EColi2048_2
EColi5015_2,C95_EColi5015_2,C90_EColi5015_2,C70_EColi5015_2,C50_EColi5015_2,C40_EColi5015_2,C30_EColi2048_2
EColi5016_0,C95_EColi5016_0,C90_EColi5016_0,C70_EColi5016_0,C50_EColi4903_0,C40_EColi913_2,C30_EColi913_2
EColi5017_0,C95_EColi5017_0,C90_EColi5017_0,C70_EColi5017_0,C50_EColi5017_0,C40_EColi5017_0,C30_EColi5046_0
EColi5018_2,C95_EColi5018_2,C90_EColi5018_2,C70_EColi5018_2,C50_EColi4772_2,C40_EColi4670_2,C30_EColi4670_2
EColi5019_2,C95_EColi5019_2,C90_EColi5019_2,C70_EColi5019_2,C50_EColi5019_2,C40_EColi5019_2,C30_EColi5019_2
EColi5020_0,C95_EColi5020_0,C90_EColi5020_0,C70_EColi5020_0,C50_EColi5020_0,C40_EColi5020_0,C30_EColi81_1
EColi5021_1,C95_EColi5021_1,C90_EColi5021_1,C70_EColi5021_1,C50_EColi5021_1,C40_EColi5021_1,C30_EColi5021_1
EColi5022_0,C95_EColi5022_0,C90_EColi5022_0,C70_EColi5022_0,C50_EColi5022_0,C40_EColi5022_0,C30_EColi5022_0
EColi5023_0,C95_EColi5023_0,C90_EColi5023_0,C70_EColi5023_0,C50_EColi5023_0,C40_EColi5023_0,C30_EColi5023_0
EColi5024_0,C95_EColi5024_0,C90_EColi5024_0,C70_EColi5024_0,C50_EColi5024_0,C40_EColi5024_0,C30_EColi5024_0
EColi5025_1,C95_EColi5025_1,C90_EColi5025_1,C70_EColi5025_1,C50_EColi5025_1,C40_EColi5025_1,C30_EColi5025_1
EColi5026_0,C95_EColi5026_0,C90_EColi5026_0,C70_EColi5026_0,C50_EColi5026_0,C40_EColi5026_0,C30_EColi1945_1
EColi5027_0,C95_EColi5027_0,C90_EColi5027_0,C70_EColi5027_0,C50_EColi5027_0,C40_EColi5027_0,C30_EColi5027_0
EColi5028_0,C95_EColi5028_0,C90_EColi5028_0,C70_EColi5028_0,C50_EColi5028_0,C40_EColi5028_0,C30_EColi5432_0
EColi5029_1,C95_EColi5029_1,C90_EColi5029_1,C70_EColi5029_1,C50_EColi5029_1,C40_EColi1411_2,C30_EColi6064_0
EColi5030_1,C95_EColi5030_1,C90_EColi5030_1,C70_EColi5030_1,C50_EColi5030_1,C40_EColi2723_2,C30_EColi2723_2
EColi5031_0,C95_EColi5031_0,C90_EColi5031_0,C70_EColi5031_0,C50_EColi5031_0,C40_EColi5031_0,C30_EColi5031_0
EColi5032_2,C95_EColi5032_2,C90_EColi5032_2,C70_EColi5032_2,C50_EColi5032_2,C40_EColi5032_2,C30_EColi5032_2
EColi5033_2,C95_EColi5033_2,C90_EColi5033_2,C70_EColi5033_2,C50_EColi5033_2,C40_EColi5033_2,C30_EColi5033_2
EColi5034_0,C95_EColi5034_0,C90_EColi5034_0,C70_EColi5034_0,C50_EColi5034_0,C40_EColi5034_0,C30_EColi5034_0
EColi5035_0,C95_EColi5035_0,C90_EColi5035_0,C70_EColi5035_0,C50_EColi5035_0,C40_EColi5035_0,C30_EColi5035_0
EColi5036_1,C95_EColi5036_1,C90_EColi5036_1,C70_EColi5036_1,C50_EColi5036_1,C40_EColi4136_1,C30_EColi4136_1
EColi5037_1,C95_EColi5037_1,C90_EColi5037_1,C70_EColi5037_1,C50_EColi5037_1,C40_EColi5037_1,C30_EColi1778_2
EColi5038_1,C95_EColi5038_1,C90_EColi5038_1,C70_EColi5038_1,C50_EColi5038_1,C40_EColi5038_1,C30_EColi5038_1
EColi5039_2,C95_EColi5039_2,C90_EColi5039_2,C70_EColi5039_2,C50_EColi5039_2,C40_EColi5039_2,C30_EColi5039_2
EColi5040_2,C95_EColi5040_2,C90_EColi5040_2,C70_EColi5040_2,C50_EColi5040_2,C40_EColi5040_2,C30_EColi5067_0
EColi5041_2,C95_EColi5041_2,C90_EColi5041_2,C70_EColi5041_2,C50_EColi5041_2,C40_EColi5041_2,C30_EColi5041_2
EColi5042_2,C95_EColi5042_2,C90_EColi5042_2,C70_EColi5042_2,C50_EColi5042_2,C40_EColi3850_0,C30_EColi3850_0
EColi5043_0,C95_EColi5043_0,C90_EColi5043_0,C70_EColi5043_0,C50_EColi5043_0,C40_EColi5043_0,C30_EColi5043_0
EColi5044_1,C95_EColi5044_1,C90_EColi5044_1,C70_EColi5044_1,C50_EColi5044_1,C40_EColi5044_1,C30_EColi5044_1
EColi5045_2,C95_EColi5045_2,C90_EColi5045_2,C70_EColi5045_2,C50_EColi1652_1,C40_EColi1652_1,C30_EColi1652_1
EColi5046_0,C95_EColi5046_0,C90_EColi5046_0,C70_EColi5046_0,C50_EColi5046_0,C40_EColi5046_0,C30_EColi5046_0
EColi5047_0,C95_EColi5047_0,C90_EColi5047_0,C70_EColi5047_0,C50_EColi5047_0,C40_EColi5047_0,C30_EColi5047_0
EColi5048_1,C95_EColi5048_1,C90_EColi5048_1,C70_EColi5048_1,C50_EColi5048_1,C40_EColi5048_1,C30_EColi5048_1
EColi5049_0,C95_EColi5049_0,C90_EColi5049_0,C70_EColi5049_0,C50_EColi4903_0,C40_EColi913_2,C30_EColi913_2
EColi5050_1,C95_EColi5050_1,C90_EColi5050_1,C70_EColi5050_1,C50_EColi3473_2,C40_EColi3473_2,C30_EColi3473_2
EColi5051_2,C95_EColi5051_2,C90_EColi5051_2,C70_EColi5051_2,C50_EColi5051_2,C40_EColi1607_1,C30_EColi3083_2
EColi5052_1,C95_EColi5052_1,C90_EColi5052_1,C70_EColi5052_1,C50_EColi5052_1,C40_EColi5052_1,C30_EColi5052_1
EColi5053_0,C95_EColi5053_0,C90_EColi5053_0,C70_EColi5053_0,C50_EColi5053_0,C40_EColi5053_0,C30_EColi5053_0
EColi5054_2,C95_EColi5054_2,C90_EColi5054_2,C70_EColi5054_2,C50_EColi5054_2,C40_EColi5054_2,C30_EColi5054_2
EColi5055_1,C95_EColi5055_1,C90_EColi5055_1,C70_EColi5055_1,C50_EColi5888_1,C40_EColi5888_1,C30_EColi5888_1
EColi5056_1,C95_EColi5056_1,C90_EColi5056_1,C70_EColi5056_1,C50_EColi5056_1,C40_EColi1059_2,C30_EColi1059_2
EColi5057_2,C95_EColi5057_2,C90_EColi5057_2,C70_EColi5057_2,C50_EColi605_2,C40_EColi2305_2,C30_EColi2305_2
EColi5058_1,C95_EColi5058_1,C90_EColi5058_1,C70_EColi5058_1,C50_EColi5058_1,C40_EColi5058_1,C30_EColi5058_1
EColi5059_2,C95_EColi5059_2,C90_EColi5059_2,C70_EColi5059_2,C50_EColi554_0,C40_EColi554_0,C30_EColi554_0
EColi5060_1,C95_EColi5060_1,C90_EColi5060_1,C70_EColi5060_1,C50_EColi5060_1,C40_EColi4332_1,C30_EColi5712_2
EColi5061_1,C95_EColi5061_1,C90_EColi5061_1,C70_EColi5061_1,C50_EColi5061_1,C40_EColi5061_1,C30_EColi5061_1
EColi5062_1,C95_EColi5062_1,C90_EColi5062_1,C70_EColi5062_1,C50_EColi5062_1,C40_EColi5062_1,C30_EColi5062_1
EColi5063_1,C95_EColi5063_1,C90_EColi5063_1,C70_EColi5063_1,C50_EColi3235_2,C40_EColi2021_2,C30_EColi6029_0
EColi5064_1,C95_EColi5064_1,C90_EColi5064_1,C70_EColi5064_1,C50_EColi5064_1,C40_EColi5064_1,C30_EColi2273_2
EColi5065_0,C95_EColi5065_0,C90_EColi5065_0,C70_EColi5065_0,C50_EColi5065_0,C40_EColi5065_0,C30_EColi5065_0
EColi5066_1,C95_EColi5066_1,C90_EColi5066_1,C70_EColi5066_1,C50_EColi5066_1,C40_EColi627_0,C30_EColi627_0
EColi5067_0,C95_EColi5067_0,C90_EColi5067_0,C70_EColi5067_0,C50_EColi5067_0,C40_EColi5067_0,C30_EColi5067_0
EColi5068_0,C95_EColi5068_0,C90_EColi5068_0,C70_EColi5068_0,C50_EColi5068_0,C40_EColi5068_0,C30_EColi2281_0
EColi5069_0,C95_EColi5069_0,C90_EColi5069_0,C70_EColi5069_0,C50_EColi5069_0,C40_EColi5251_1,C30_EColi5251_1
EColi5070_0,C95_EColi5070_0,C90_EColi5070_0,C70_EColi5070_0,C50_EColi5070_0,C40_EColi5070_0,C30_EColi5070_0
EColi5071_0,C95_EColi5071_0,C90_EColi5071_0,C70_EColi5071_0,C50_EColi5071_0,C40_EColi5071_0,C30_EColi5071_0
EColi5072_1,C95_EColi5072_1,C90_EColi5072_1,C70_EColi5072_1,C50_EColi5072_1,C40_EColi5072_1,C30_EColi6074_2
EColi5073_2,C95_EColi5073_2,C90_EColi5073_2,C70_EColi5073_2,C50_EColi3478_2,C40_EColi3478_2,C30_EColi3478_2
EColi5074_2,C95_EColi5074_2,C90_EColi5074_2,C70_EColi5074_2,C50_EColi541_2,C40_EColi541_2,C30_EColi541_2
EColi5075_1,C95_EColi5075_1,C90_EColi5075_1,C70_EColi5075_1,C50_EColi5075_1,C40_EColi5075_1,C30_EColi1647_1
EColi5076_1,C95_EColi5076_1,C90_EColi5076_1,C70_EColi5076_1,C50_EColi5076_1,C40_EColi5076_1,C30_EColi5076_1
EColi5077_0,C95_EColi5077_0,C90_EColi5077_0,C70_EColi5077_0,C50_EColi5077_0,C40_EColi5077_0,C30_EColi4302_0
EColi5078_0,C95_EColi5078_0,C90_EColi5078_0,C70_EColi5078_0,C50_EColi5078_0,C40_EColi5078_0,C30_EColi5078_0
EColi5079_0,C95_EColi5079_0,C90_EColi5079_0,C70_EColi5079_0,C50_EColi5079_0,C40_EColi5079_0,C30_EColi5079_0
EColi5080_0,C95_EColi5080_0,C90_EColi5080_0,C70_EColi5080_0,C50_EColi5080_0,C40_EColi5080_0,C30_EColi1469_2
EColi5081_0,C95_EColi5081_0,C90_EColi5081_0,C70_EColi5081_0,C50_EColi5081_0,C40_EColi5081_0,C30_EColi1043_1
EColi5082_1,C95_EColi5082_1,C90_EColi5082_1,C70_EColi5082_1,C50_EColi4602_1,C40_EColi105_1,C30_EColi105_1
EColi5083_0,C95_EColi5083_0,C90_EColi5083_0,C70_EColi5083_0,C50_EColi5083_0,C40_EColi3317_0,C30_EColi3317_0
EColi5084_1,C95_EColi5084_1,C90_EColi5084_1,C70_EColi5084_1,C50_EColi5084_1,C40_EColi5084_1,C30_EColi5084_1
EColi5085_0,C95_EColi5085_0,C90_EColi5085_0,C70_EColi5085_0,C50_EColi5085_0,C40_EColi5085_0,C30_EColi3635_0
EColi5086_0,C95_EColi5086_0,C90_EColi5086_0,C70_EColi5086_0,C50_EColi5086_0,C40_EColi5086_0,C30_EColi5086_0
EColi5087_1,C95_EColi5087_1,C90_EColi5087_1,C70_EColi5087_1,C50_EColi5087_1,C40_EColi5087_1,C30_EColi2985_2
EColi5088_0,C95_EColi5088_0,C90_EColi5088_0,C70_EColi5088_0,C50_EColi1888_1,C40_EColi5454_2,C30_EColi4695_0
EColi5089_1,C95_EColi5089_1,C90_EColi5089_1,C70_EColi5089_1,C50_EColi6117_1,C40_EColi6117_1,C30_EColi3233_1
EColi5090_1,C95_EColi5090_1,C90_EColi5090_1,C70_EColi5090_1,C50_EColi5090_1,C40_EColi3433_1,C30_EColi3433_1
EColi5091_2,C95_EColi5091_2,C90_EColi5091_2,C70_EColi5091_2,C50_EColi5091_2,C40_EColi5091_2,C30_EColi5091_2
EColi5092_1,C95_EColi5092_1,C90_EColi5092_1,C70_EColi5092_1,C50_EColi5092_1,C40_EColi5092_1,C30_EColi5092_1
EColi5093_2,C95_EColi5093_2,C90_EColi5093_2,C70_EColi5093_2,C50_EColi5093_2,C40_EColi5093_2,C30_EColi2415_2
EColi5094_1,C95_EColi5094_1,C90_EColi5094_1,C70_EColi5094_1,C50_EColi5094_1,C40_EColi5094_1,C30_EColi5094_1
EColi5095_0,C95_EColi5095_0,C90_EColi5095_0,C70_EColi5095_0,C50_EColi5095_0,C40_EColi5095_0,C30_EColi1927_0
EColi5096_2,C95_EColi5096_2,C90_EColi5096_2,C70_EColi5096_2,C50_EColi5096_2,C40_EColi5096_2,C30_EColi5096_2
EColi5097_2,C95_EColi5097_2,C90_EColi5097_2,C70_EColi5097_2,C50_EColi5097_2,C40_EColi5097_2,C30_EColi5097_2
EColi5098_2,C95_EColi5098_2,C90_EColi5098_2,C70_EColi5098_2,C50_EColi5098_2,C40_EColi5098_2,C30_EColi5098_2
EColi5099_0,C95_EColi5099_0,C90_EColi5099_0,C70_EColi5099_0,C50_EColi4816_0,C40_EColi3371_0,C30_EColi5373_0
EColi5200_2,C95_EColi5200_2,C90_EColi5200_2,C70_EColi5200_2,C50_EColi1510_1,C40_EColi1510_1,C30_EColi1510_1
EColi5201_0,C95_EColi5201_0,C90_EColi5201_0,C70_EColi5201_0,C50_EColi5201_0,C40_EColi5201_0,C30_EColi5201_0
EColi5202_0,C95_EColi5202_0,C90_EColi5202_0,C70_EColi5202_0,C50_EColi5202_0,C40_EColi5202_0,C30_EColi5202_0
EColi5203_1,C95_EColi5203_1,C90_EColi5203_1,C70_EColi5203_1,C50_EColi1510_1,C40_EColi1510_1,C30_EColi1510_1
EColi5204_1,C95_EColi5204_1,C90_EColi5204_1,C70_EColi5204_1,C50_EColi5204_1,C40_EColi4773_2,C30_EColi4773_2
EColi5205_2,C95_EColi5205_2,C90_EColi5205_2,C70_EColi5205_2,C50_EColi5205_2,C40_EColi5205_2,C30_EColi1416_1
EColi5206_1,C95_EColi5206_1,C90_EColi5206_1,C70_EColi5206_1,C50_EColi5206_1,C40_EColi3737_2,C30_EColi3737_2
EColi5207_1,C95_EColi5207_1,C90_EColi5207_1,C70_EColi5207_1,C50_EColi5207_1,C40_EColi5207_1,C30_EColi5207_1
EColi5208_1,C95_EColi5208_1,C90_EColi5208_1,C70_EColi5208_1,C50_EColi149_2,C40_EColi149_2,C30_EColi149_2
EColi5209_1,C95_EColi5209_1,C90_EColi5209_1,C70_EColi5209_1,C50_EColi5209_1,C40_EColi1914_0,C30_EColi1914_0
EColi5210_1,C95_EColi5210_1,C90_EColi5210_1,C70_EColi5210_1,C50_EColi5210_1,C40_EColi5210_1,C30_EColi5210_1
EColi5211_1,C95_EColi5211_1,C90_EColi5211_1,C70_EColi5211_1,C50_EColi5211_1,C40_EColi5211_1,C30_EColi5211_1
EColi5212_1,C95_EColi5212_1,C90_EColi5212_1,C70_EColi5212_1,C50_EColi5212_1,C40_EColi5212_1,C30_EColi1100_1
EColi5213_1,C95_EColi5213_1,C90_EColi5213_1,C70_EColi5213_1,C50_EColi5213_1,C40_EColi3177_1,C30_EColi3177_1
EColi5214_1,C95_EColi5214_1,C90_EColi5214_1,C70_EColi5214_1,C50_EColi5214_1,C40_EColi5214_1,C30_EColi5214_1
EColi5215_1,C95_EColi5215_1,C90_EColi5215_1,C70_EColi5215_1,C50_EColi3942_2,C40_EColi2805_0,C30_EColi1100_1
EColi5216_1,C95_EColi5216_1,C90_EColi5216_1,C70_EColi5216_1,C50_EColi5216_1,C40_EColi5216_1,C30_EColi2851_2
EColi5217_0,C95_EColi5217_0,C90_EColi5217_0,C70_EColi5217_0,C50_EColi5217_0,C40_EColi4432_2,C30_EColi2021_2
EColi5218_0,C95_EColi5218_0,C90_EColi5218_0,C70_EColi5218_0,C50_EColi5218_0,C40_EColi5218_0,C30_EColi209_2
EColi5219_0,C95_EColi5219_0,C90_EColi5219_0,C70_EColi5219_0,C50_EColi5219_0,C40_EColi218_0,C30_EColi218_0
EColi5220_1,C95_EColi5220_1,C90_EColi5220_1,C70_EColi5220_1,C50_EColi3188_2,C40_EColi3188_2,C30_EColi3188_2
EColi5221_1,C95_EColi5221_1,C90_EColi5221_1,C70_EColi5221_1,C50_EColi5221_1,C40_EColi2902_2,C30_EColi2902_2
EColi5222_1,C95_EColi5222_1,C90_EColi5222_1,C70_EColi5222_1,C50_EColi5222_1,C40_EColi5222_1,C30_EColi1446_0
EColi5223_1,C95_EColi5223_1,C90_EColi5223_1,C70_EColi5223_1,C50_EColi5223_1,C40_EColi5223_1,C30_EColi5223_1
EColi5224_1,C95_EColi5224_1,C90_EColi5224_1,C70_EColi5224_1,C50_EColi5224_1,C40_EColi5224_1,C30_EColi1342_2
EColi5225_1,C95_EColi5225_1,C90_EColi5225_1,C70_EColi5225_1,C50_EColi5225_1,C40_EColi3968_2,C30_EColi3373_2
EColi5226_1,C95_EColi5226_1,C90_EColi5226_1,C70_EColi5226_1,C50_EColi5226_1,C40_EColi5226_1,C30_EColi1746_2
EColi5227_1,C95_EColi5227_1,C90_EColi5227_1,C70_EColi5227_1,C50_EColi5227_1,C40_EColi5505_0,C30_EColi5505_0
EColi5228_2,C95_EColi5228_2,C90_EColi5228_2,C70_EColi5228_2,C50_EColi5228_2,C40_EColi5228_2,C30_EColi5234_1
EColi5229_1,C95_EColi5229_1,C90_EColi5229_1,C70_EColi5229_1,C50_EColi3522_2,C40_EColi3522_2,C30_EColi3650_0
EColi5230_1,C95_EColi5230_1,C90_EColi5230_1,C70_EColi5230_1,C50_EColi5230_1,C40_EColi3512_0,C30_EColi3512_0
EColi5231_1,C95_EColi5231_1,C90_EColi5231_1,C70_EColi5231_1,C50_EColi5231_1,C40_EColi1231_2,C30_EColi1231_2
EColi5232_1,C95_EColi5232_1,C90_EColi5232_1,C70_EColi5232_1,C50_EColi5232_1,C40_EColi5232_1,C30_EColi5232_1
EColi5233_1,C95_EColi5233_1,C90_EColi5233_1,C70_EColi5233_1,C50_EColi5233_1,C40_EColi5233_1,C30_EColi895_0
EColi5234_1,C95_EColi5234_1,C90_EColi5234_1,C70_EColi5234_1,C50_EColi5234_1,C40_EColi5234_1,C30_EColi5234_1
EColi5235_1,C95_EColi5235_1,C90_EColi5235_1,C70_EColi5235_1,C50_EColi5235_1,C40_EColi5235_1,C30_EColi3060_0
EColi5236_1,C95_EColi5236_1,C90_EColi5236_1,C70_EColi5236_1,C50_EColi5236_1,C40_EColi5236_1,C30_EColi5236_1
EColi5237_1,C95_EColi5237_1,C90_EColi5237_1,C70_EColi5237_1,C50_EColi5237_1,C40_EColi5237_1,C30_EColi5237_1
EColi5238_1,C95_EColi5238_1,C90_EColi5238_1,C70_EColi5238_1,C50_EColi5238_1,C40_EColi5238_1,C30_EColi5238_1
EColi5239_1,C95_EColi5239_1,C90_EColi5239_1,C70_EColi5239_1,C50_EColi3845_0,C40_EColi3845_0,C30_EColi3845_0
EColi5240_2,C95_EColi5240_2,C90_EColi5240_2,C70_EColi5240_2,C50_EColi5240_2,C40_EColi3872_1,C30_EColi3854_1
EColi5241_1,C95_EColi5241_1,C90_EColi5241_1,C70_EColi5241_1,C50_EColi5241_1,C40_EColi5241_1,C30_EColi5241_1
EColi5242_1,C95_EColi5242_1,C90_EColi5242_1,C70_EColi5242_1,C50_EColi5242_1,C40_EColi5242_1,C30_EColi5242_1
EColi5243_1,C95_EColi5243_1,C90_EColi5243_1,C70_EColi5243_1,C50_EColi5243_1,C40_EColi6227_1,C30_EColi6227_1
EColi5244_1,C95_EColi5244_1,C90_EColi5244_1,C70_EColi5244_1,C50_EColi5244_1,C40_EColi5244_1,C30_EColi5244_1
EColi5245_1,C95_EColi5245_1,C90_EColi5245_1,C70_EColi5245_1,C50_EColi5245_1,C40_EColi5245_1,C30_EColi5245_1
EColi5246_1,C95_EColi5246_1,C90_EColi5246_1,C70_EColi5246_1,C50_EColi5246_1,C40_EColi5246_1,C30_EColi5246_1
EColi5247_1,C95_EColi5247_1,C90_EColi5247_1,C70_EColi5247_1,C50_EColi5209_1,C40_EColi1914_0,C30_EColi1914_0
EColi5248_1,C95_EColi5248_1,C90_EColi5248_1,C70_EColi5248_1,C50_EColi5248_1,C40_EColi5248_1,C30_EColi1363_1
EColi5249_1,C95_EColi5249_1,C90_EColi5249_1,C70_EColi5249_1,C50_EColi5249_1,C40_EColi5249_1,C30_EColi4512_0
EColi5250_1,C95_EColi5250_1,C90_EColi5250_1,C70_EColi5250_1,C50_EColi5250_1,C40_EColi4500_0,C30_EColi4500_0
EColi5251_1,C95_EColi5251_1,C90_EColi5251_1,C70_EColi5251_1,C50_EColi5251_1,C40_EColi5251_1,C30_EColi5251_1
EColi5252_1,C95_EColi5252_1,C90_EColi5252_1,C70_EColi5252_1,C50_EColi5252_1,C40_EColi5252_1,C30_EColi3004_0
EColi5253_1,C95_EColi5253_1,C90_EColi5253_1,C70_EColi5253_1,C50_EColi5253_1,C40_EColi5253_1,C30_EColi5253_1
EColi5254_1,C95_EColi5254_1,C90_EColi5254_1,C70_EColi5254_1,C50_EColi5254_1,C40_EColi5254_1,C30_EColi5254_1
EColi5255_1,C95_EColi5255_1,C90_EColi5255_1,C70_EColi5255_1,C50_EColi5255_1,C40_EColi5255_1,C30_EColi5255_1
EColi5256_1,C95_EColi5256_1,C90_EColi5256_1,C70_EColi5256_1,C50_EColi5256_1,C40_EColi5256_1,C30_EColi5256_1
EColi5257_1,C95_EColi5257_1,C90_EColi5257_1,C70_EColi5257_1,C50_EColi5257_1,C40_EColi5257_1,C30_EColi5257_1
EColi5258_1,C95_EColi5258_1,C90_EColi5258_1,C70_EColi5258_1,C50_EColi5258_1,C40_EColi5258_1,C30_EColi5258_1
EColi5259_0,C95_EColi5259_0,C90_EColi5259_0,C70_EColi5259_0,C50_EColi5259_0,C40_EColi5259_0,C30_EColi5259_0
EColi5260_1,C95_EColi5260_1,C90_EColi5260_1,C70_EColi5260_1,C50_EColi5260_1,C40_EColi5260_1,C30_EColi2170_2
EColi5261_1,C95_EColi5261_1,C90_EColi5261_1,C70_EColi5261_1,C50_EColi5261_1,C40_EColi5261_1,C30_EColi5261_1
EColi5262_1,C95_EColi5262_1,C90_EColi5262_1,C70_EColi5262_1,C50_EColi444_2,C40_EColi1024_2,C30_EColi1024_2
EColi5263_2,C95_EColi5263_2,C90_EColi5263_2,C70_EColi5263_2,C50_EColi5263_2,C40_EColi258_2,C30_EColi660_0
EColi5264_2,C95_EColi5264_2,C90_EColi5264_2,C70_EColi5264_2,C50_EColi5264_2,C40_EColi5264_2,C30_EColi2549_2
EColi5265_2,C95_EColi5265_2,C90_EColi5265_2,C70_EColi5265_2,C50_EColi5265_2,C40_EColi5265_2,C30_EColi5265_2
EColi5266_2,C95_EColi5266_2,C90_EColi5266_2,C70_EColi5266_2,C50_EColi5266_2,C40_EColi5266_2,C30_EColi5266_2
EColi5267_2,C95_EColi5267_2,C90_EColi5267_2,C70_EColi5267_2,C50_EColi5267_2,C40_EColi5267_2,C30_EColi5267_2
EColi5268_2,C95_EColi5268_2,C90_EColi5268_2,C70_EColi5268_2,C50_EColi5268_2,C40_EColi5268_2,C30_EColi5268_2
EColi5269_1,C95_EColi5269_1,C90_EColi5269_1,C70_EColi5269_1,C50_EColi5269_1,C40_EColi5269_1,C30_EColi5269_1
EColi5270_1,C95_EColi5270_1,C90_EColi5270_1,C70_EColi5270_1,C50_EColi5270_1,C40_EColi4617_0,C30_EColi4617_0
EColi5271_1,C95_EColi5271_1,C90_EColi5271_1,C70_EColi5271_1,C50_EColi5271_1,C40_EColi5271_1,C30_EColi5271_1
EColi5272_2,C95_EColi5272_2,C90_EColi5272_2,C70_EColi5272_2,C50_EColi5272_2,C40_EColi5272_2,C30_EColi5272_2
EColi5273_1,C95_EColi5273_1,C90_EColi5273_1,C70_EColi5273_1,C50_EColi5273_1,C40_EColi3688_2,C30_EColi6166_2
EColi5274_2,C95_EColi5274_2,C90_EColi5274_2,C70_EColi5274_2,C50_EColi5274_2,C40_EColi5274_2,C30_EColi4111_0
EColi5275_1,C95_EColi5275_1,C90_EColi5275_1,C70_EColi5275_1,C50_EColi5275_1,C40_EColi2610_0,C30_EColi1778_2
EColi5276_1,C95_EColi5276_1,C90_EColi5276_1,C70_EColi5276_1,C50_EColi5276_1,C40_EColi5276_1,C30_EColi2412_2
EColi5277_1,C95_EColi5277_1,C90_EColi5277_1,C70_EColi5277_1,C50_EColi5277_1,C40_EColi5277_1,C30_EColi5277_1
EColi5278_1,C95_EColi5278_1,C90_EColi5278_1,C70_EColi5278_1,C50_EColi5278_1,C40_EColi5278_1,C30_EColi5278_1
EColi5279_1,C95_EColi5279_1,C90_EColi5279_1,C70_EColi5279_1,C50_EColi5279_1,C40_EColi5279_1,C30_EColi4413_0
EColi5280_1,C95_EColi5280_1,C90_EColi5280_1,C70_EColi5280_1,C50_EColi5280_1,C40_EColi5280_1,C30_EColi3271_0
EColi5281_1,C95_EColi5281_1,C90_EColi5281_1,C70_EColi5281_1,C50_EColi5281_1,C40_EColi4694_0,C30_EColi4694_0
EColi5282_1,C95_EColi5282_1,C90_EColi5282_1,C70_EColi5282_1,C50_EColi2894_0,C40_EColi2894_0,C30_EColi2894_0
EColi5283_1,C95_EColi5283_1,C90_EColi5283_1,C70_EColi5283_1,C50_EColi5283_1,C40_EColi2823_2,C30_EColi2823_2
EColi5284_1,C95_EColi5284_1,C90_EColi5284_1,C70_EColi5284_1,C50_EColi5284_1,C40_EColi5284_1,C30_EColi5284_1
EColi5285_1,C95_EColi5285_1,C90_EColi5285_1,C70_EColi5285_1,C50_EColi3142_0,C40_EColi3142_0,C30_EColi5908_0
EColi5286_1,C95_EColi5286_1,C90_EColi5286_1,C70_EColi5286_1,C50_EColi5286_1,C40_EColi5286_1,C30_EColi4238_1
EColi5287_1,C95_EColi5287_1,C90_EColi5287_1,C70_EColi5287_1,C50_EColi5287_1,C40_EColi4615_0,C30_EColi863_0
EColi5288_1,C95_EColi5288_1,C90_EColi5288_1,C70_EColi5288_1,C50_EColi5288_1,C40_EColi5288_1,C30_EColi5288_1
EColi5289_1,C95_EColi5289_1,C90_EColi5289_1,C70_EColi5289_1,C50_EColi5289_1,C40_EColi5289_1,C30_EColi5289_1
EColi5290_1,C95_EColi5290_1,C90_EColi5290_1,C70_EColi5290_1,C50_EColi5290_1,C40_EColi5290_1,C30_EColi5290_1
EColi5291_1,C95_EColi5291_1,C90_EColi5291_1,C70_EColi5291_1,C50_EColi5291_1,C40_EColi5291_1,C30_EColi5291_1
EColi5292_1,C95_EColi5292_1,C90_EColi5292_1,C70_EColi5292_1,C50_EColi5292_1,C40_EColi5292_1,C30_EColi5292_1
EColi5293_1,C95_EColi5293_1,C90_EColi5293_1,C70_EColi5293_1,C50_EColi2711_0,C40_EColi2711_0,C30_EColi2711_0
EColi5294_2,C95_EColi5294_2,C90_EColi5294_2,C70_EColi5294_2,C50_EColi6222_1,C40_EColi6222_1,C30_EColi6222_1
EColi5295_1,C95_EColi5295_1,C90_EColi5295_1,C70_EColi5295_1,C50_EColi5295_1,C40_EColi5295_1,C30_EColi5295_1
EColi5296_1,C95_EColi5296_1,C90_EColi5296_1,C70_EColi5296_1,C50_EColi5317_1,C40_EColi5317_1,C30_EColi5317_1
EColi5297_1,C95_EColi5297_1,C90_EColi5297_1,C70_EColi5297_1,C50_EColi5297_1,C40_EColi5297_1,C30_EColi4700_0
EColi5298_1,C95_EColi5298_1,C90_EColi5298_1,C70_EColi5298_1,C50_EColi5298_1,C40_EColi1879_0,C30_EColi1879_0
EColi5299_1,C95_EColi5299_1,C90_EColi5299_1,C70_EColi5299_1,C50_EColi5299_1,C40_EColi5299_1,C30_EColi5299_1
EColi5500_0,C95_EColi5500_0,C90_EColi5500_0,C70_EColi5500_0,C50_EColi5500_0,C40_EColi5500_0,C30_EColi5500_0
EColi5501_0,C95_EColi5501_0,C90_EColi5501_0,C70_EColi5501_0,C50_EColi5501_0,C40_EColi5501_0,C30_EColi4351_0
EColi5502_2,C95_EColi5502_2,C90_EColi5502_2,C70_EColi5502_2,C50_EColi5502_2,C40_EColi5502_2,C30_EColi5502_2
EColi5503_0,C95_EColi5503_0,C90_EColi5503_0,C70_EColi5503_0,C50_EColi5503_0,C40_EColi5503_0,C30_EColi3763_0
EColi5504_0,C95_EColi5504_0,C90_EColi5504_0,C70_EColi5504_0,C50_EColi5504_0,C40_EColi5504_0,C30_EColi5504_0
EColi5505_0,C95_EColi5505_0,C90_EColi5505_0,C70_EColi5505_0,C50_EColi5505_0,C40_EColi5505_0,C30_EColi5505_0
EColi5506_0,C95_EColi5506_0,C90_EColi5506_0,C70_EColi5506_0,C50_EColi4562_0,C40_EColi5506_0,C30_EColi5506_0
EColi5507_1,C95_EColi5507_1,C90_EColi5507_1,C70_EColi5507_1,C50_EColi1058_0,C40_EColi1058_0,C30_EColi1058_0
EColi5508_0,C95_EColi5508_0,C90_EColi5508_0,C70_EColi5508_0,C50_EColi5508_0,C40_EColi5508_0,C30_EColi5508_0
EColi5509_0,C95_EColi5509_0,C90_EColi5509_0,C70_EColi5509_0,C50_EColi5509_0,C40_EColi4518_0,C30_EColi4518_0
EColi5510_2,C95_EColi5510_2,C90_EColi5510_2,C70_EColi5510_2,C50_EColi5510_2,C40_EColi5510_2,C30_EColi5510_2
EColi5511_0,C95_EColi5511_0,C90_EColi5511_0,C70_EColi5511_0,C50_EColi5511_0,C40_EColi5511_0,C30_EColi4180_1
EColi5512_0,C95_EColi5512_0,C90_EColi5512_0,C70_EColi5512_0,C50_EColi5512_0,C40_EColi5512_0,C30_EColi5351_0
EColi5513_0,C95_EColi5513_0,C90_EColi5513_0,C70_EColi5513_0,C50_EColi5513_0,C40_EColi5513_0,C30_EColi5513_0
EColi5514_0,C95_EColi5514_0,C90_EColi5514_0,C70_EColi5514_0,C50_EColi5514_0,C40_EColi5514_0,C30_EColi5514_0
EColi5515_0,C95_EColi5515_0,C90_EColi5515_0,C70_EColi5515_0,C50_EColi5515_0,C40_EColi5515_0,C30_EColi4546_0
EColi5516_0,C95_EColi5516_0,C90_EColi5516_0,C70_EColi5516_0,C50_EColi159_2,C40_EColi159_2,C30_EColi159_2
EColi5517_2,C95_EColi5517_2,C90_EColi5517_2,C70_EColi5517_2,C50_EColi5517_2,C40_EColi5517_2,C30_EColi5517_2
EColi5518_2,C95_EColi5518_2,C90_EColi5518_2,C70_EColi5518_2,C50_EColi5518_2,C40_EColi5518_2,C30_EColi2548_2
EColi5519_0,C95_EColi5519_0,C90_EColi5519_0,C70_EColi5519_0,C50_EColi5519_0,C40_EColi2693_2,C30_EColi2693_2
EColi5520_0,C95_EColi5520_0,C90_EColi5520_0,C70_EColi5520_0,C50_EColi5520_0,C40_EColi5520_0,C30_EColi5520_0
EColi5521_0,C95_EColi5521_0,C90_EColi5521_0,C70_EColi5521_0,C50_EColi5521_0,C40_EColi5521_0,C30_EColi5521_0
EColi5522_2,C95_EColi5522_2,C90_EColi5522_2,C70_EColi5522_2,C50_EColi5522_2,C40_EColi5522_2,C30_EColi5522_2
EColi5523_2,C95_EColi5523_2,C90_EColi5523_2,C70_EColi5523_2,C50_EColi5523_2,C40_EColi5523_2,C30_EColi5523_2
EColi5524_2,C95_EColi5524_2,C90_EColi5524_2,C70_EColi5524_2,C50_EColi5524_2,C40_EColi5524_2,C30_EColi5524_2
EColi5525_2,C95_EColi5525_2,C90_EColi5525_2,C70_EColi5525_2,C50_EColi5525_2,C40_EColi5525_2,C30_EColi5525_2
EColi5526_2,C95_EColi5526_2,C90_EColi5526_2,C70_EColi5526_2,C50_EColi5526_2,C40_EColi5526_2,C30_EColi5526_2
EColi5527_2,C95_EColi5527_2,C90_EColi5527_2,C70_EColi5527_2,C50_EColi5527_2,C40_EColi5527_2,C30_EColi5527_2
EColi5528_2,C95_EColi5528_2,C90_EColi5528_2,C70_EColi5528_2,C50_EColi5528_2,C40_EColi5528_2,C30_EColi5528_2
EColi5529_2,C95_EColi5529_2,C90_EColi5529_2,C70_EColi5529_2,C50_EColi5529_2,C40_EColi5529_2,C30_EColi5529_2
EColi5530_2,C95_EColi5530_2,C90_EColi5530_2,C70_EColi5530_2,C50_EColi5530_2,C40_EColi5530_2,C30_EColi5530_2
EColi5531_2,C95_EColi5531_2,C90_EColi5531_2,C70_EColi5531_2,C50_EColi5531_2,C40_EColi5531_2,C30_EColi5531_2
EColi5532_0,C95_EColi5532_0,C90_EColi5532_0,C70_EColi5532_0,C50_EColi5532_0,C40_EColi5532_0,C30_EColi5532_0
EColi5533_2,C95_EColi5533_2,C90_EColi5533_2,C70_EColi5533_2,C50_EColi5473_2,C40_EColi5473_2,C30_EColi5473_2
EColi5534_0,C95_EColi5534_0,C90_EColi5534_0,C70_EColi5534_0,C50_EColi5534_0,C40_EColi3238_0,C30_EColi5567_0
EColi5535_0,C95_EColi5535_0,C90_EColi5535_0,C70_EColi5535_0,C50_EColi5535_0,C40_EColi5535_0,C30_EColi5535_0
EColi5536_0,C95_EColi5536_0,C90_EColi5536_0,C70_EColi5536_0,C50_EColi5536_0,C40_EColi5536_0,C30_EColi5536_0
EColi5537_0,C95_EColi5537_0,C90_EColi5537_0,C70_EColi5537_0,C50_EColi5537_0,C40_EColi5537_0,C30_EColi5537_0
EColi5538_0,C95_EColi5538_0,C90_EColi5538_0,C70_EColi5538_0,C50_EColi5538_0,C40_EColi5538_0,C30_EColi1246_0
EColi5539_0,C95_EColi5539_0,C90_EColi5539_0,C70_EColi5539_0,C50_EColi5539_0,C40_EColi5539_0,C30_EColi5539_0
EColi5540_0,C95_EColi5540_0,C90_EColi5540_0,C70_EColi5540_0,C50_EColi5540_0,C40_EColi4694_0,C30_EColi4694_0
EColi5541_0,C95_EColi5541_0,C90_EColi5541_0,C70_EColi5541_0,C50_EColi5541_0,C40_EColi5541_0,C30_EColi5797_0
EColi5542_0,C95_EColi5542_0,C90_EColi5542_0,C70_EColi5542_0,C50_EColi5542_0,C40_EColi5542_0,C30_EColi5542_0
EColi5543_0,C95_EColi5543_0,C90_EColi5543_0,C70_EColi5543_0,C50_EColi5543_0,C40_EColi674_0,C30_EColi674_0
EColi5544_0,C95_EColi5544_0,C90_EColi5544_0,C70_EColi5544_0,C50_EColi5544_0,C40_EColi5544_0,C30_EColi5544_0
EColi5545_2,C95_EColi5545_2,C90_EColi5545_2,C70_EColi5545_2,C50_EColi5545_2,C40_EColi5439_2,C30_EColi5439_2
EColi5546_2,C95_EColi5546_2,C90_EColi5546_2,C70_EColi5546_2,C50_EColi898_1,C40_EColi4687_2,C30_EColi231_2
EColi5547_1,C95_EColi5547_1,C90_EColi5547_1,C70_EColi5547_1,C50_EColi5547_1,C40_EColi5547_1,C30_EColi2101_1
EColi5548_2,C95_EColi5548_2,C90_EColi5548_2,C70_EColi5548_2,C50_EColi5548_2,C40_EColi1914_0,C30_EColi1914_0
EColi5549_0,C95_EColi5549_0,C90_EColi5549_0,C70_EColi5549_0,C50_EColi5549_0,C40_EColi5549_0,C30_EColi5549_0
EColi5550_1,C95_EColi5550_1,C90_EColi5550_1,C70_EColi5550_1,C50_EColi5550_1,C40_EColi3046_0,C30_EColi3754_0
EColi5551_2,C95_EColi5551_2,C90_EColi5551_2,C70_EColi5551_2,C50_EColi5551_2,C40_EColi3704_2,C30_EColi3704_2
EColi5552_1,C95_EColi5552_1,C90_EColi5552_1,C70_EColi5552_1,C50_EColi5552_1,C40_EColi5552_1,C30_EColi2530_0
EColi5553_1,C95_EColi5553_1,C90_EColi5553_1,C70_EColi5553_1,C50_EColi5553_1,C40_EColi5553_1,C30_EColi5553_1
EColi5554_1,C95_EColi5554_1,C90_EColi5554_1,C70_EColi5554_1,C50_EColi5554_1,C40_EColi5554_1,C30_EColi5554_1
EColi5555_2,C95_EColi5555_2,C90_EColi5555_2,C70_EColi5555_2,C50_EColi5555_2,C40_EColi116_2,C30_EColi1215_2
EColi5556_0,C95_EColi5556_0,C90_EColi5556_0,C70_EColi5556_0,C50_EColi5556_0,C40_EColi5556_0,C30_EColi5556_0
EColi5557_1,C95_EColi5557_1,C90_EColi5557_1,C70_EColi5557_1,C50_EColi5557_1,C40_EColi5557_1,C30_EColi5557_1
EColi5558_1,C95_EColi5558_1,C90_EColi5558_1,C70_EColi5558_1,C50_EColi5558_1,C40_EColi5558_1,C30_EColi5558_1
EColi5559_0,C95_EColi5559_0,C90_EColi5559_0,C70_EColi5559_0,C50_EColi5559_0,C40_EColi5559_0,C30_EColi5559_0
EColi5560_0,C95_EColi5560_0,C90_EColi5560_0,C70_EColi5560_0,C50_EColi5560_0,C40_EColi5560_0,C30_EColi104_0
EColi5561_0,C95_EColi5561_0,C90_EColi5561_0,C70_EColi5561_0,C50_EColi5561_0,C40_EColi5561_0,C30_EColi88_0
EColi5562_0,C95_EColi5562_0,C90_EColi5562_0,C70_EColi5562_0,C50_EColi5562_0,C40_EColi5562_0,C30_EColi5562_0
EColi5563_0,C95_EColi5563_0,C90_EColi5563_0,C70_EColi5563_0,C50_EColi5020_0,C40_EColi5020_0,C30_EColi81_1
EColi5564_0,C95_EColi5564_0,C90_EColi5564_0,C70_EColi5564_0,C50_EColi5564_0,C40_EColi5564_0,C30_EColi5564_0
EColi5565_0,C95_EColi5565_0,C90_EColi5565_0,C70_EColi5565_0,C50_EColi5565_0,C40_EColi4558_0,C30_EColi4558_0
EColi5566_0,C95_EColi5566_0,C90_EColi5566_0,C70_EColi5566_0,C50_EColi5566_0,C40_EColi5566_0,C30_EColi5566_0
EColi5567_0,C95_EColi5567_0,C90_EColi5567_0,C70_EColi5567_0,C50_EColi5567_0,C40_EColi5567_0,C30_EColi5567_0
EColi5568_1,C95_EColi5568_1,C90_EColi5568_1,C70_EColi5568_1,C50_EColi5568_1,C40_EColi5568_1,C30_EColi660_0
EColi5569_1,C95_EColi5569_1,C90_EColi5569_1,C70_EColi5569_1,C50_EColi5569_1,C40_EColi5569_1,C30_EColi5569_1
EColi5570_2,C95_EColi5570_2,C90_EColi5570_2,C70_EColi5570_2,C50_EColi5570_2,C40_EColi6307_1,C30_EColi6307_1
EColi5571_0,C95_EColi5571_0,C90_EColi5571_0,C70_EColi5571_0,C50_EColi3734_0,C40_EColi4582_0,C30_EColi4582_0
EColi5572_0,C95_EColi5572_0,C90_EColi5572_0,C70_EColi5572_0,C50_EColi5572_0,C40_EColi5572_0,C30_EColi5572_0
EColi5573_1,C95_EColi5573_1,C90_EColi5573_1,C70_EColi5573_1,C50_EColi518_0,C40_EColi5863_0,C30_EColi5863_0
EColi5574_2,C95_EColi5574_2,C90_EColi5574_2,C70_EColi5574_2,C50_EColi5574_2,C40_EColi5574_2,C30_EColi5574_2
EColi5575_2,C95_EColi5575_2,C90_EColi5575_2,C70_EColi5575_2,C50_EColi149_2,C40_EColi149_2,C30_EColi149_2
EColi5576_2,C95_EColi5576_2,C90_EColi5576_2,C70_EColi5576_2,C50_EColi5537_0,C40_EColi5537_0,C30_EColi5394_0
EColi5577_0,C95_EColi5577_0,C90_EColi5577_0,C70_EColi5577_0,C50_EColi5577_0,C40_EColi4047_1,C30_EColi4047_1
EColi5578_2,C95_EColi5578_2,C90_EColi5578_2,C70_EColi5578_2,C50_EColi5578_2,C40_EColi5578_2,C30_EColi6189_1
EColi5579_0,C95_EColi5579_0,C90_EColi5579_0,C70_EColi5579_0,C50_EColi5579_0,C40_EColi5580_0,C30_EColi1758_2
EColi5580_0,C95_EColi5580_0,C90_EColi5580_0,C70_EColi5580_0,C50_EColi5580_0,C40_EColi5580_0,C30_EColi1758_2
EColi5581_0,C95_EColi5581_0,C90_EColi5581_0,C70_EColi5581_0,C50_EColi5581_0,C40_EColi5581_0,C30_EColi5581_0
EColi5582_0,C95_EColi5582_0,C90_EColi5582_0,C70_EColi5582_0,C50_EColi2499_1,C40_EColi2499_1,C30_EColi2499_1
EColi5583_2,C95_EColi5583_2,C90_EColi5583_2,C70_EColi5583_2,C50_EColi5583_2,C40_EColi5583_2,C30_EColi5583_2
EColi5584_0,C95_EColi5584_0,C90_EColi5584_0,C70_EColi5584_0,C50_EColi5584_0,C40_EColi5584_0,C30_EColi5584_0
EColi5585_2,C95_EColi5585_2,C90_EColi5585_2,C70_EColi5585_2,C50_EColi5585_2,C40_EColi5585_2,C30_EColi5585_2
EColi5586_0,C95_EColi5586_0,C90_EColi5586_0,C70_EColi5586_0,C50_EColi5586_0,C40_EColi5586_0,C30_EColi5586_0
EColi5587_0,C95_EColi5587_0,C90_EColi5587_0,C70_EColi5587_0,C50_EColi5587_0,C40_EColi5587_0,C30_EColi2283_1
EColi5588_2,C95_EColi5588_2,C90_EColi5588_2,C70_EColi5588_2,C50_EColi5588_2,C40_EColi5588_2,C30_EColi2655_0
EColi5589_2,C95_EColi5589_2,C90_EColi5589_2,C70_EColi5589_2,C50_EColi5589_2,C40_EColi5589_2,C30_EColi5589_2
EColi5590_2,C95_EColi5590_2,C90_EColi5590_2,C70_EColi5590_2,C50_EColi5590_2,C40_EColi5590_2,C30_EColi5590_2
EColi5591_0,C95_EColi5591_0,C90_EColi5591_0,C70_EColi5591_0,C50_EColi5591_0,C40_EColi5591_0,C30_EColi6112_0
EColi5592_0,C95_EColi5592_0,C90_EColi5592_0,C70_EColi5592_0,C50_EColi5885_0,C40_EColi2693_2,C30_EColi2693_2
EColi5593_2,C95_EColi5593_2,C90_EColi5593_2,C70_EColi5593_2,C50_EColi605_2,C40_EColi2305_2,C30_EColi2305_2
EColi5594_0,C95_EColi5594_0,C90_EColi5594_0,C70_EColi5594_0,C50_EColi5594_0,C40_EColi5594_0,C30_EColi5594_0
EColi5595_0,C95_EColi5595_0,C90_EColi5595_0,C70_EColi5595_0,C50_EColi5595_0,C40_EColi5595_0,C30_EColi5595_0
EColi5596_1,C95_EColi5596_1,C90_EColi5596_1,C70_EColi5596_1,C50_EColi5596_1,C40_EColi5596_1,C30_EColi5596_1
EColi5597_0,C95_EColi5597_0,C90_EColi5597_0,C70_EColi5597_0,C50_EColi860_0,C40_EColi2499_1,C30_EColi2499_1
EColi5598_2,C95_EColi5598_2,C90_EColi5598_2,C70_EColi5598_2,C50_EColi5598_2,C40_EColi5598_2,C30_EColi5598_2
EColi5599_2,C95_EColi5599_2,C90_EColi5599_2,C70_EColi5599_2,C50_EColi5599_2,C40_EColi5599_2,C30_EColi2775_2
EColi5600_1,C95_EColi5600_1,C90_EColi5600_1,C70_EColi5600_1,C50_EColi5600_1,C40_EColi5600_1,C30_EColi5600_1
EColi5601_0,C95_EColi5601_0,C90_EColi5601_0,C70_EColi5601_0,C50_EColi5601_0,C40_EColi5633_0,C30_EColi5633_0
EColi5602_0,C95_EColi5602_0,C90_EColi5602_0,C70_EColi5602_0,C50_EColi5602_0,C40_EColi5602_0,C30_EColi5602_0
EColi5603_0,C95_EColi5603_0,C90_EColi5603_0,C70_EColi5603_0,C50_EColi5603_0,C40_EColi5603_0,C30_EColi4546_0
EColi5604_0,C95_EColi5604_0,C90_EColi5604_0,C70_EColi5604_0,C50_EColi4567_0,C40_EColi4567_0,C30_EColi4567_0
EColi5605_0,C95_EColi5605_0,C90_EColi5605_0,C70_EColi5605_0,C50_EColi5605_0,C40_EColi5605_0,C30_EColi5605_0
EColi5606_0,C95_EColi5606_0,C90_EColi5606_0,C70_EColi5606_0,C50_EColi5606_0,C40_EColi5606_0,C30_EColi5606_0
EColi5607_0,C95_EColi5607_0,C90_EColi5607_0,C70_EColi5607_0,C50_EColi5607_0,C40_EColi5607_0,C30_EColi5607_0
EColi5608_2,C95_EColi5608_2,C90_EColi5608_2,C70_EColi5608_2,C50_EColi5608_2,C40_EColi5608_2,C30_EColi5608_2
EColi5609_2,C95_EColi5609_2,C90_EColi5609_2,C70_EColi5609_2,C50_EColi5609_2,C40_EColi5609_2,C30_EColi5609_2
EColi5610_2,C95_EColi5610_2,C90_EColi5610_2,C70_EColi5610_2,C50_EColi5610_2,C40_EColi5610_2,C30_EColi514_2
EColi5611_2,C95_EColi5611_2,C90_EColi5611_2,C70_EColi5611_2,C50_EColi5611_2,C40_EColi3105_2,C30_EColi3105_2
EColi5612_2,C95_EColi5612_2,C90_EColi5612_2,C70_EColi5612_2,C50_EColi5612_2,C40_EColi2734_2,C30_EColi2734_2
EColi5613_2,C95_EColi5613_2,C90_EColi5613_2,C70_EColi5613_2,C50_EColi5613_2,C40_EColi5613_2,C30_EColi5613_2
EColi5614_2,C95_EColi5614_2,C90_EColi5614_2,C70_EColi5614_2,C50_EColi5614_2,C40_EColi5614_2,C30_EColi5614_2
EColi5615_0,C95_EColi5615_0,C90_EColi5615_0,C70_EColi5615_0,C50_EColi5615_0,C40_EColi5615_0,C30_EColi5615_0
EColi5616_0,C95_EColi5616_0,C90_EColi5616_0,C70_EColi5616_0,C50_EColi5616_0,C40_EColi2610_0,C30_EColi1778_2
EColi5617_0,C95_EColi5617_0,C90_EColi5617_0,C70_EColi5617_0,C50_EColi5816_0,C40_EColi5816_0,C30_EColi5816_0
EColi5618_1,C95_EColi5618_1,C90_EColi5618_1,C70_EColi5618_1,C50_EColi5618_1,C40_EColi5618_1,C30_EColi5618_1
EColi5619_0,C95_EColi5619_0,C90_EColi5619_0,C70_EColi5619_0,C50_EColi5619_0,C40_EColi5619_0,C30_EColi5619_0
EColi5620_0,C95_EColi5620_0,C90_EColi5620_0,C70_EColi5620_0,C50_EColi5620_0,C40_EColi5620_0,C30_EColi5620_0
EColi5621_0,C95_EColi5621_0,C90_EColi5621_0,C70_EColi5621_0,C50_EColi5621_0,C40_EColi2610_0,C30_EColi1778_2
EColi5622_0,C95_EColi5622_0,C90_EColi5622_0,C70_EColi5622_0,C50_EColi5622_0,C40_EColi5622_0,C30_EColi5622_0
EColi5623_1,C95_EColi5623_1,C90_EColi5623_1,C70_EColi5623_1,C50_EColi5623_1,C40_EColi5623_1,C30_EColi5623_1
EColi5624_0,C95_EColi5624_0,C90_EColi5624_0,C70_EColi5624_0,C50_EColi5624_0,C40_EColi5624_0,C30_EColi5624_0
EColi5625_1,C95_EColi5625_1,C90_EColi5625_1,C70_EColi5625_1,C50_EColi5625_1,C40_EColi5625_1,C30_EColi5625_1
EColi5626_1,C95_EColi5626_1,C90_EColi5626_1,C70_EColi5626_1,C50_EColi5626_1,C40_EColi5626_1,C30_EColi5626_1
EColi5627_0,C95_EColi5627_0,C90_EColi5627_0,C70_EColi5627_0,C50_EColi5627_0,C40_EColi5627_0,C30_EColi5627_0
EColi5628_0,C95_EColi5628_0,C90_EColi5628_0,C70_EColi5628_0,C50_EColi5628_0,C40_EColi5628_0,C30_EColi5628_0
EColi5629_0,C95_EColi5629_0,C90_EColi5629_0,C70_EColi5629_0,C50_EColi5629_0,C40_EColi5629_0,C30_EColi5629_0
EColi5630_0,C95_EColi5630_0,C90_EColi5630_0,C70_EColi5630_0,C50_EColi5630_0,C40_EColi5630_0,C30_EColi4084_2
EColi5631_0,C95_EColi5631_0,C90_EColi5631_0,C70_EColi5631_0,C50_EColi5631_0,C40_EColi5631_0,C30_EColi5631_0
EColi5632_2,C95_EColi5632_2,C90_EColi5632_2,C70_EColi5632_2,C50_EColi5632_2,C40_EColi5632_2,C30_EColi2465_0
EColi5633_0,C95_EColi5633_0,C90_EColi5633_0,C70_EColi5633_0,C50_EColi5633_0,C40_EColi5633_0,C30_EColi5633_0
EColi5634_2,C95_EColi5634_2,C90_EColi5634_2,C70_EColi5634_2,C50_EColi5634_2,C40_EColi5634_2,C30_EColi5351_0
EColi5635_0,C95_EColi5635_0,C90_EColi5635_0,C70_EColi5635_0,C50_EColi5635_0,C40_EColi552_0,C30_EColi704_1
EColi5636_0,C95_EColi5636_0,C90_EColi5636_0,C70_EColi5636_0,C50_EColi4567_0,C40_EColi4567_0,C30_EColi4567_0
EColi5637_0,C95_EColi5637_0,C90_EColi5637_0,C70_EColi5637_0,C50_EColi5637_0,C40_EColi5637_0,C30_EColi5292_1
EColi5638_2,C95_EColi5638_2,C90_EColi5638_2,C70_EColi5638_2,C50_EColi5638_2,C40_EColi5638_2,C30_EColi5638_2
EColi5639_0,C95_EColi5639_0,C90_EColi5639_0,C70_EColi5639_0,C50_EColi5280_1,C40_EColi5280_1,C30_EColi3271_0
EColi5640_0,C95_EColi5640_0,C90_EColi5640_0,C70_EColi5640_0,C50_EColi4563_0,C40_EColi4563_0,C30_EColi4563_0
EColi5641_0,C95_EColi5641_0,C90_EColi5641_0,C70_EColi5641_0,C50_EColi5641_0,C40_EColi5641_0,C30_EColi5641_0
EColi5642_0,C95_EColi5642_0,C90_EColi5642_0,C70_EColi5642_0,C50_EColi5642_0,C40_EColi5642_0,C30_EColi5642_0
EColi5643_0,C95_EColi5643_0,C90_EColi5643_0,C70_EColi5643_0,C50_EColi5535_0,C40_EColi5535_0,C30_EColi5535_0
EColi5644_1,C95_EColi5644_1,C90_EColi5644_1,C70_EColi5644_1,C50_EColi5644_1,C40_EColi5644_1,C30_EColi6121_1
EColi5645_0,C95_EColi5645_0,C90_EColi5645_0,C70_EColi5645_0,C50_EColi5645_0,C40_EColi3238_0,C30_EColi3355_0
EColi5646_2,C95_EColi5646_2,C90_EColi5646_2,C70_EColi5646_2,C50_EColi5646_2,C40_EColi5646_2,C30_EColi5646_2
EColi5647_0,C95_EColi5647_0,C90_EColi5647_0,C70_EColi5647_0,C50_EColi5647_0,C40_EColi5647_0,C30_EColi5647_0
EColi5648_1,C95_EColi5648_1,C90_EColi5648_1,C70_EColi5648_1,C50_EColi5648_1,C40_EColi5648_1,C30_EColi5648_1
EColi5649_0,C95_EColi5649_0,C90_EColi5649_0,C70_EColi5649_0,C50_EColi5649_0,C40_EColi5649_0,C30_EColi5649_0
EColi5650_2,C95_EColi5650_2,C90_EColi5650_2,C70_EColi5650_2,C50_EColi5650_2,C40_EColi5650_2,C30_EColi5650_2
EColi5651_1,C95_EColi5651_1,C90_EColi5651_1,C70_EColi5651_1,C50_EColi5651_1,C40_EColi5651_1,C30_EColi5651_1
EColi5652_0,C95_EColi5652_0,C90_EColi5652_0,C70_EColi5652_0,C50_EColi5652_0,C40_EColi5652_0,C30_EColi5652_0
EColi5653_2,C95_EColi5653_2,C90_EColi5653_2,C70_EColi5653_2,C50_EColi5653_2,C40_EColi5653_2,C30_EColi5653_2
EColi5654_1,C95_EColi5654_1,C90_EColi5654_1,C70_EColi5654_1,C50_EColi5654_1,C40_EColi5654_1,C30_EColi5654_1
EColi5655_0,C95_EColi5655_0,C90_EColi5655_0,C70_EColi5655_0,C50_EColi5655_0,C40_EColi5655_0,C30_EColi5655_0
EColi5656_0,C95_EColi5656_0,C90_EColi5656_0,C70_EColi5656_0,C50_EColi4352_0,C40_EColi4352_0,C30_EColi4512_0
EColi5657_0,C95_EColi5657_0,C90_EColi5657_0,C70_EColi5657_0,C50_EColi5657_0,C40_EColi2283_1,C30_EColi2283_1
EColi5658_0,C95_EColi5658_0,C90_EColi5658_0,C70_EColi5658_0,C50_EColi5658_0,C40_EColi5658_0,C30_EColi5658_0
EColi5659_0,C95_EColi5659_0,C90_EColi5659_0,C70_EColi5659_0,C50_EColi5659_0,C40_EColi3185_0,C30_EColi3185_0
EColi5660_0,C95_EColi5660_0,C90_EColi5660_0,C70_EColi5660_0,C50_EColi5660_0,C40_EColi5660_0,C30_EColi3141_1
EColi5661_0,C95_EColi5661_0,C90_EColi5661_0,C70_EColi5661_0,C50_EColi5661_0,C40_EColi5535_0,C30_EColi5535_0
EColi5662_0,C95_EColi5662_0,C90_EColi5662_0,C70_EColi5662_0,C50_EColi5662_0,C40_EColi5662_0,C30_EColi5662_0
EColi5663_0,C95_EColi5663_0,C90_EColi5663_0,C70_EColi5663_0,C50_EColi5663_0,C40_EColi5663_0,C30_EColi5663_0
EColi5664_0,C95_EColi5664_0,C90_EColi5664_0,C70_EColi5664_0,C50_EColi5664_0,C40_EColi5664_0,C30_EColi5664_0
EColi5665_2,C95_EColi5665_2,C90_EColi5665_2,C70_EColi5665_2,C50_EColi5665_2,C40_EColi2260_1,C30_EColi2260_1
EColi5666_0,C95_EColi5666_0,C90_EColi5666_0,C70_EColi5666_0,C50_EColi3537_0,C40_EColi3537_0,C30_EColi3250_0
EColi5667_1,C95_EColi5667_1,C90_EColi5667_1,C70_EColi5667_1,C50_EColi5667_1,C40_EColi5667_1,C30_EColi5667_1
EColi5668_0,C95_EColi5668_0,C90_EColi5668_0,C70_EColi5668_0,C50_EColi5668_0,C40_EColi5668_0,C30_EColi5668_0
EColi5669_2,C95_EColi5669_2,C90_EColi5669_2,C70_EColi5669_2,C50_EColi5669_2,C40_EColi4675_2,C30_EColi5404_2
EColi5670_2,C95_EColi5670_2,C90_EColi5670_2,C70_EColi5670_2,C50_EColi4404_2,C40_EColi4440_2,C30_EColi5981_2
EColi5671_2,C95_EColi5671_2,C90_EColi5671_2,C70_EColi5671_2,C50_EColi5671_2,C40_EColi5671_2,C30_EColi5671_2
EColi5672_2,C95_EColi5672_2,C90_EColi5672_2,C70_EColi5672_2,C50_EColi5399_2,C40_EColi4434_2,C30_EColi4434_2
EColi5673_1,C95_EColi5673_1,C90_EColi5673_1,C70_EColi5673_1,C50_EColi5673_1,C40_EColi5673_1,C30_EColi5673_1
EColi5674_2,C95_EColi5674_2,C90_EColi5674_2,C70_EColi5674_2,C50_EColi5674_2,C40_EColi5674_2,C30_EColi5674_2
EColi5675_2,C95_EColi5675_2,C90_EColi5675_2,C70_EColi5675_2,C50_EColi5675_2,C40_EColi5675_2,C30_EColi4781_2
EColi5676_2,C95_EColi5676_2,C90_EColi5676_2,C70_EColi5676_2,C50_EColi5676_2,C40_EColi5676_2,C30_EColi3553_1
EColi5677_2,C95_EColi5677_2,C90_EColi5677_2,C70_EColi5677_2,C50_EColi5677_2,C40_EColi495_1,C30_EColi5677_2
EColi5678_2,C95_EColi5678_2,C90_EColi5678_2,C70_EColi5678_2,C50_EColi5678_2,C40_EColi4440_2,C30_EColi5981_2
EColi5679_2,C95_EColi5679_2,C90_EColi5679_2,C70_EColi5679_2,C50_EColi5679_2,C40_EColi5679_2,C30_EColi3099_2
EColi5680_0,C95_EColi5680_0,C90_EColi5680_0,C70_EColi5680_0,C50_EColi5680_0,C40_EColi5680_0,C30_EColi5680_0
EColi5681_0,C95_EColi5681_0,C90_EColi5681_0,C70_EColi5681_0,C50_EColi5681_0,C40_EColi5681_0,C30_EColi5681_0
EColi5682_0,C95_EColi5682_0,C90_EColi5682_0,C70_EColi5682_0,C50_EColi5682_0,C40_EColi5682_0,C30_EColi5682_0
EColi5683_2,C95_EColi5683_2,C90_EColi5683_2,C70_EColi5683_2,C50_EColi5683_2,C40_EColi5683_2,C30_EColi5683_2
EColi5684_1,C95_EColi5684_1,C90_EColi5684_1,C70_EColi5684_1,C50_EColi5684_1,C40_EColi5684_1,C30_EColi2457_2
EColi5685_2,C95_EColi5685_2,C90_EColi5685_2,C70_EColi5685_2,C50_EColi5685_2,C40_EColi5684_1,C30_EColi2457_2
EColi5686_0,C95_EColi5686_0,C90_EColi5686_0,C70_EColi5686_0,C50_EColi5686_0,C40_EColi5686_0,C30_EColi5686_0
EColi5687_0,C95_EColi5687_0,C90_EColi5687_0,C70_EColi5687_0,C50_EColi5687_0,C40_EColi5687_0,C30_EColi382_0
EColi5688_2,C95_EColi5688_2,C90_EColi5688_2,C70_EColi5688_2,C50_EColi3713_1,C40_EColi1530_0,C30_EColi1530_0
EColi5689_2,C95_EColi5689_2,C90_EColi5689_2,C70_EColi5689_2,C50_EColi5689_2,C40_EColi2061_0,C30_EColi1463_0
EColi5690_2,C95_EColi5690_2,C90_EColi5690_2,C70_EColi5690_2,C50_EColi5690_2,C40_EColi5690_2,C30_EColi5690_2
EColi5691_2,C95_EColi5691_2,C90_EColi5691_2,C70_EColi5691_2,C50_EColi5691_2,C40_EColi5691_2,C30_EColi5691_2
EColi5692_1,C95_EColi5692_1,C90_EColi5692_1,C70_EColi5692_1,C50_EColi5692_1,C40_EColi2127_2,C30_EColi5769_1
EColi5693_1,C95_EColi5693_1,C90_EColi5693_1,C70_EColi5693_1,C50_EColi5693_1,C40_EColi5693_1,C30_EColi5693_1
EColi5694_2,C95_EColi5694_2,C90_EColi5694_2,C70_EColi5694_2,C50_EColi5694_2,C40_EColi5694_2,C30_EColi5694_2
EColi5695_0,C95_EColi5695_0,C90_EColi5695_0,C70_EColi5695_0,C50_EColi5695_0,C40_EColi5695_0,C30_EColi6204_1
EColi5696_0,C95_EColi5696_0,C90_EColi5696_0,C70_EColi5696_0,C50_EColi5696_0,C40_EColi5696_0,C30_EColi5696_0
EColi5697_1,C95_EColi5697_1,C90_EColi5697_1,C70_EColi5697_1,C50_EColi5699_1,C40_EColi5699_1,C30_EColi2382_0
EColi5698_2,C95_EColi5698_2,C90_EColi5698_2,C70_EColi5698_2,C50_EColi5698_2,C40_EColi5698_2,C30_EColi5698_2
EColi5699_1,C95_EColi5699_1,C90_EColi5699_1,C70_EColi5699_1,C50_EColi5699_1,C40_EColi5699_1,C30_EColi2382_0
EColi5900_2,C95_EColi5900_2,C90_EColi5900_2,C70_EColi5900_2,C50_EColi5900_2,C40_EColi3240_2,C30_EColi3240_2
EColi5901_1,C95_EColi5901_1,C90_EColi5901_1,C70_EColi5901_1,C50_EColi6089_1,C40_EColi6089_1,C30_EColi6089_1
EColi5902_0,C95_EColi5902_0,C90_EColi5902_0,C70_EColi5902_0,C50_EColi5902_0,C40_EColi3238_0,C30_EColi5567_0
EColi5903_2,C95_EColi5903_2,C90_EColi5903_2,C70_EColi5903_2,C50_EColi5903_2,C40_EColi4902_2,C30_EColi6029_0
EColi5904_2,C95_EColi5904_2,C90_EColi5904_2,C70_EColi5904_2,C50_EColi5904_2,C40_EColi2168_1,C30_EColi2168_1
EColi5905_2,C95_EColi5905_2,C90_EColi5905_2,C70_EColi5905_2,C50_EColi5905_2,C40_EColi5905_2,C30_EColi5905_2
EColi5906_2,C95_EColi5906_2,C90_EColi5906_2,C70_EColi5906_2,C50_EColi5906_2,C40_EColi5906_2,C30_EColi5947_0
EColi5907_2,C95_EColi5907_2,C90_EColi5907_2,C70_EColi5907_2,C50_EColi1614_0,C40_EColi119_0,C30_EColi119_0
EColi5908_0,C95_EColi5908_0,C90_EColi5908_0,C70_EColi5908_0,C50_EColi5908_0,C40_EColi5908_0,C30_EColi5908_0
EColi5909_0,C95_EColi5909_0,C90_EColi5909_0,C70_EColi5909_0,C50_EColi5909_0,C40_EColi5909_0,C30_EColi5909_0
EColi5910_0,C95_EColi5910_0,C90_EColi5910_0,C70_EColi5910_0,C50_EColi5910_0,C40_EColi5910_0,C30_EColi5910_0
EColi5911_0,C95_EColi5911_0,C90_EColi5911_0,C70_EColi5911_0,C50_EColi5911_0,C40_EColi5911_0,C30_EColi5911_0
EColi5912_0,C95_EColi5912_0,C90_EColi5912_0,C70_EColi5912_0,C50_EColi5912_0,C40_EColi5912_0,C30_EColi5912_0
EColi5913_0,C95_EColi5913_0,C90_EColi5913_0,C70_EColi5913_0,C50_EColi5913_0,C40_EColi5913_0,C30_EColi5913_0
EColi5914_2,C95_EColi5914_2,C90_EColi5914_2,C70_EColi5914_2,C50_EColi5914_2,C40_EColi178_1,C30_EColi178_1
EColi5915_0,C95_EColi5915_0,C90_EColi5915_0,C70_EColi5915_0,C50_EColi5915_0,C40_EColi5915_0,C30_EColi5915_0
EColi5916_0,C95_EColi5916_0,C90_EColi5916_0,C70_EColi5916_0,C50_EColi5916_0,C40_EColi5916_0,C30_EColi5916_0
EColi5917_2,C95_EColi5917_2,C90_EColi5917_2,C70_EColi5917_2,C50_EColi5917_2,C40_EColi5917_2,C30_EColi5917_2
EColi5918_0,C95_EColi5918_0,C90_EColi5918_0,C70_EColi5918_0,C50_EColi5918_0,C40_EColi5918_0,C30_EColi5918_0
EColi5919_2,C95_EColi5919_2,C90_EColi5919_2,C70_EColi5919_2,C50_EColi5919_2,C40_EColi5919_2,C30_EColi5919_2
EColi5920_2,C95_EColi5920_2,C90_EColi5920_2,C70_EColi5920_2,C50_EColi5920_2,C40_EColi5920_2,C30_EColi5920_2
EColi5921_2,C95_EColi5921_2,C90_EColi5921_2,C70_EColi5921_2,C50_EColi5921_2,C40_EColi5921_2,C30_EColi5921_2
EColi5922_2,C95_EColi5922_2,C90_EColi5922_2,C70_EColi5922_2,C50_EColi5922_2,C40_EColi5922_2,C30_EColi5917_2
EColi5923_2,C95_EColi5923_2,C90_EColi5923_2,C70_EColi5923_2,C50_EColi5923_2,C40_EColi5923_2,C30_EColi5923_2
EColi5924_1,C95_EColi5924_1,C90_EColi5924_1,C70_EColi5924_1,C50_EColi5924_1,C40_EColi5924_1,C30_EColi5924_1
EColi5925_0,C95_EColi5925_0,C90_EColi5925_0,C70_EColi5925_0,C50_EColi1510_1,C40_EColi1510_1,C30_EColi1510_1
EColi5926_1,C95_EColi5926_1,C90_EColi5926_1,C70_EColi5926_1,C50_EColi5926_1,C40_EColi5926_1,C30_EColi5926_1
EColi5927_1,C95_EColi5927_1,C90_EColi5927_1,C70_EColi5927_1,C50_EColi5927_1,C40_EColi5927_1,C30_EColi5927_1
EColi5928_0,C95_EColi5928_0,C90_EColi5928_0,C70_EColi5928_0,C50_EColi5928_0,C40_EColi5928_0,C30_EColi5928_0
EColi5929_0,C95_EColi5929_0,C90_EColi5929_0,C70_EColi5929_0,C50_EColi5929_0,C40_EColi783_1,C30_EColi3536_1
EColi5930_1,C95_EColi5930_1,C90_EColi5930_1,C70_EColi5930_1,C50_EColi5930_1,C40_EColi5930_1,C30_EColi5930_1
EColi5931_2,C95_EColi5931_2,C90_EColi5931_2,C70_EColi5931_2,C50_EColi5931_2,C40_EColi5931_2,C30_EColi5931_2
EColi5932_2,C95_EColi5932_2,C90_EColi5932_2,C70_EColi5932_2,C50_EColi5932_2,C40_EColi5932_2,C30_EColi5932_2
EColi5933_0,C95_EColi5933_0,C90_EColi5933_0,C70_EColi5933_0,C50_EColi5933_0,C40_EColi2106_2,C30_EColi2106_2
EColi5934_0,C95_EColi5934_0,C90_EColi5934_0,C70_EColi5934_0,C50_EColi5934_0,C40_EColi5934_0,C30_EColi5934_0
EColi5935_1,C95_EColi5935_1,C90_EColi5935_1,C70_EColi5935_1,C50_EColi5935_1,C40_EColi5935_1,C30_EColi5935_1
EColi5936_0,C95_EColi5936_0,C90_EColi5936_0,C70_EColi5936_0,C50_EColi5830_0,C40_EColi3950_0,C30_EColi5706_1
EColi5937_1,C95_EColi5937_1,C90_EColi5937_1,C70_EColi5937_1,C50_EColi5937_1,C40_EColi5937_1,C30_EColi5937_1
EColi5938_2,C95_EColi5938_2,C90_EColi5938_2,C70_EColi5938_2,C50_EColi5938_2,C40_EColi5938_2,C30_EColi5938_2
EColi5939_0,C95_EColi5939_0,C90_EColi5939_0,C70_EColi5939_0,C50_EColi5939_0,C40_EColi4789_0,C30_EColi4789_0
EColi5940_0,C95_EColi5940_0,C90_EColi5940_0,C70_EColi5940_0,C50_EColi5940_0,C40_EColi5940_0,C30_EColi5940_0
EColi5941_1,C95_EColi5941_1,C90_EColi5941_1,C70_EColi5941_1,C50_EColi5941_1,C40_EColi5941_1,C30_EColi279_2
EColi5942_0,C95_EColi5942_0,C90_EColi5942_0,C70_EColi5942_0,C50_EColi5942_0,C40_EColi5942_0,C30_EColi5942_0
EColi5943_2,C95_EColi5943_2,C90_EColi5943_2,C70_EColi5943_2,C50_EColi3403_0,C40_EColi2504_2,C30_EColi3403_0
EColi5944_1,C95_EColi5944_1,C90_EColi5944_1,C70_EColi5944_1,C50_EColi5944_1,C40_EColi5944_1,C30_EColi5944_1
EColi5945_2,C95_EColi5945_2,C90_EColi5945_2,C70_EColi5945_2,C50_EColi5945_2,C40_EColi5945_2,C30_EColi5945_2
EColi5946_0,C95_EColi5946_0,C90_EColi5946_0,C70_EColi5946_0,C50_EColi5946_0,C40_EColi5946_0,C30_EColi5946_0
EColi5947_0,C95_EColi5947_0,C90_EColi5947_0,C70_EColi5947_0,C50_EColi5947_0,C40_EColi5947_0,C30_EColi5947_0
EColi5948_0,C95_EColi5948_0,C90_EColi5948_0,C70_EColi5948_0,C50_EColi5948_0,C40_EColi570_0,C30_EColi570_0
EColi5949_0,C95_EColi5949_0,C90_EColi5949_0,C70_EColi5949_0,C50_EColi5949_0,C40_EColi5949_0,C30_EColi5949_0
EColi5950_1,C95_EColi5950_1,C90_EColi5950_1,C70_EColi5950_1,C50_EColi5950_1,C40_EColi5950_1,C30_EColi5950_1
EColi5951_1,C95_EColi5951_1,C90_EColi5951_1,C70_EColi5951_1,C50_EColi5951_1,C40_EColi5951_1,C30_EColi1672_0
EColi5952_2,C95_EColi5952_2,C90_EColi5952_2,C70_EColi5952_2,C50_EColi5952_2,C40_EColi5952_2,C30_EColi5952_2
EColi5953_1,C95_EColi5953_1,C90_EColi5953_1,C70_EColi5953_1,C50_EColi5953_1,C40_EColi3449_2,C30_EColi5129_0
EColi5954_1,C95_EColi5954_1,C90_EColi5954_1,C70_EColi5954_1,C50_EColi5954_1,C40_EColi5954_1,C30_EColi5954_1
EColi5955_0,C95_EColi5955_0,C90_EColi5955_0,C70_EColi5955_0,C50_EColi5955_0,C40_EColi5955_0,C30_EColi2126_1
EColi5956_0,C95_EColi5956_0,C90_EColi5956_0,C70_EColi5956_0,C50_EColi5956_0,C40_EColi5956_0,C30_EColi5956_0
EColi5957_0,C95_EColi5957_0,C90_EColi5957_0,C70_EColi5957_0,C50_EColi5957_0,C40_EColi5957_0,C30_EColi1017_0
EColi5958_0,C95_EColi5958_0,C90_EColi5958_0,C70_EColi5958_0,C50_EColi5958_0,C40_EColi5958_0,C30_EColi5958_0
EColi5959_0,C95_EColi5959_0,C90_EColi5959_0,C70_EColi5959_0,C50_EColi5959_0,C40_EColi5959_0,C30_EColi5959_0
EColi5960_0,C95_EColi5960_0,C90_EColi5960_0,C70_EColi5960_0,C50_EColi5960_0,C40_EColi5960_0,C30_EColi5960_0
EColi5961_0,C95_EColi5961_0,C90_EColi5961_0,C70_EColi5961_0,C50_EColi5961_0,C40_EColi5961_0,C30_EColi5961_0
EColi5962_0,C95_EColi5962_0,C90_EColi5962_0,C70_EColi5962_0,C50_EColi5962_0,C40_EColi4171_0,C30_EColi4171_0
EColi5963_0,C95_EColi5963_0,C90_EColi5963_0,C70_EColi5963_0,C50_EColi5963_0,C40_EColi1914_0,C30_EColi1914_0
EColi5964_2,C95_EColi5964_2,C90_EColi5964_2,C70_EColi5964_2,C50_EColi5964_2,C40_EColi5964_2,C30_EColi5964_2
EColi5965_1,C95_EColi5965_1,C90_EColi5965_1,C70_EColi5965_1,C50_EColi5965_1,C40_EColi3150_2,C30_EColi3150_2
EColi5966_2,C95_EColi5966_2,C90_EColi5966_2,C70_EColi5966_2,C50_EColi5966_2,C40_EColi5966_2,C30_EColi5966_2
EColi5967_2,C95_EColi5967_2,C90_EColi5967_2,C70_EColi5967_2,C50_EColi4970_1,C40_EColi4970_1,C30_EColi6029_0
EColi5968_2,C95_EColi5968_2,C90_EColi5968_2,C70_EColi5968_2,C50_EColi5968_2,C40_EColi312_2,C30_EColi1290_1
EColi5969_2,C95_EColi5969_2,C90_EColi5969_2,C70_EColi5969_2,C50_EColi5969_2,C40_EColi5969_2,C30_EColi5969_2
EColi5970_2,C95_EColi5970_2,C90_EColi5970_2,C70_EColi5970_2,C50_EColi5970_2,C40_EColi5970_2,C30_EColi5970_2
EColi5971_2,C95_EColi5971_2,C90_EColi5971_2,C70_EColi5971_2,C50_EColi5971_2,C40_EColi5971_2,C30_EColi5971_2
EColi5972_2,C95_EColi5972_2,C90_EColi5972_2,C70_EColi5972_2,C50_EColi5972_2,C40_EColi1446_0,C30_EColi1446_0
EColi5973_1,C95_EColi5973_1,C90_EColi5973_1,C70_EColi5973_1,C50_EColi2121_2,C40_EColi4432_2,C30_EColi6029_0
EColi5974_0,C95_EColi5974_0,C90_EColi5974_0,C70_EColi5974_0,C50_EColi5974_0,C40_EColi5974_0,C30_EColi5974_0
EColi5975_2,C95_EColi5975_2,C90_EColi5975_2,C70_EColi5975_2,C50_EColi5975_2,C40_EColi5975_2,C30_EColi5975_2
EColi5976_0,C95_EColi5976_0,C90_EColi5976_0,C70_EColi5976_0,C50_EColi5976_0,C40_EColi5976_0,C30_EColi5976_0
EColi5977_1,C95_EColi5977_1,C90_EColi5977_1,C70_EColi5977_1,C50_EColi5977_1,C40_EColi5983_2,C30_EColi5983_2
EColi5978_1,C95_EColi5978_1,C90_EColi5978_1,C70_EColi5978_1,C50_EColi5978_1,C40_EColi2158_2,C30_EColi2166_2
EColi5979_1,C95_EColi5979_1,C90_EColi5979_1,C70_EColi5979_1,C50_EColi5979_1,C40_EColi5979_1,C30_EColi5979_1
EColi5980_2,C95_EColi5980_2,C90_EColi5980_2,C70_EColi5980_2,C50_EColi2720_1,C40_EColi2720_1,C30_EColi3690_2
EColi5981_2,C95_EColi5981_2,C90_EColi5981_2,C70_EColi5981_2,C50_EColi5981_2,C40_EColi5981_2,C30_EColi5981_2
EColi5982_2,C95_EColi5982_2,C90_EColi5982_2,C70_EColi5982_2,C50_EColi5982_2,C40_EColi5982_2,C30_EColi5982_2
EColi5983_2,C95_EColi5983_2,C90_EColi5983_2,C70_EColi5983_2,C50_EColi5983_2,C40_EColi5983_2,C30_EColi5983_2
EColi5984_2,C95_EColi5984_2,C90_EColi5984_2,C70_EColi5984_2,C50_EColi5984_2,C40_EColi5984_2,C30_EColi5650_2
EColi5985_2,C95_EColi5985_2,C90_EColi5985_2,C70_EColi5985_2,C50_EColi981_1,C40_EColi981_1,C30_EColi981_1
EColi5986_1,C95_EColi5986_1,C90_EColi5986_1,C70_EColi5986_1,C50_EColi5986_1,C40_EColi5986_1,C30_EColi5986_1
EColi5987_2,C95_EColi5987_2,C90_EColi5987_2,C70_EColi5987_2,C50_EColi5987_2,C40_EColi5987_2,C30_EColi5987_2
EColi5988_1,C95_EColi5988_1,C90_EColi5988_1,C70_EColi5988_1,C50_EColi5988_1,C40_EColi5988_1,C30_EColi5988_1
EColi5989_0,C95_EColi5989_0,C90_EColi5989_0,C70_EColi5989_0,C50_EColi5989_0,C40_EColi5989_0,C30_EColi5989_0
EColi5990_2,C95_EColi5990_2,C90_EColi5990_2,C70_EColi5990_2,C50_EColi5990_2,C40_EColi5990_2,C30_EColi5990_2
EColi5991_2,C95_EColi5991_2,C90_EColi5991_2,C70_EColi5991_2,C50_EColi5991_2,C40_EColi5991_2,C30_EColi5991_2
EColi5992_1,C95_EColi5992_1,C90_EColi5992_1,C70_EColi5992_1,C50_EColi5992_1,C40_EColi5992_1,C30_EColi5992_1
EColi5993_2,C95_EColi5993_2,C90_EColi5993_2,C70_EColi5993_2,C50_EColi5993_2,C40_EColi121_2,C30_EColi121_2
EColi5994_0,C95_EColi5994_0,C90_EColi5994_0,C70_EColi5994_0,C50_EColi5994_0,C40_EColi5994_0,C30_EColi5994_0
EColi5995_1,C95_EColi5995_1,C90_EColi5995_1,C70_EColi5995_1,C50_EColi5995_1,C40_EColi5995_1,C30_EColi674_0
EColi5996_2,C95_EColi5996_2,C90_EColi5996_2,C70_EColi5996_2,C50_EColi5996_2,C40_EColi5996_2,C30_EColi5740_1
EColi5997_0,C95_EColi5997_0,C90_EColi5997_0,C70_EColi5997_0,C50_EColi5997_0,C40_EColi5997_0,C30_EColi5997_0
EColi5998_1,C95_EColi5998_1,C90_EColi5998_1,C70_EColi5998_1,C50_EColi5998_1,C40_EColi5998_1,C30_EColi1778_2
EColi5999_2,C95_EColi5999_2,C90_EColi5999_2,C70_EColi5999_2,C50_EColi4666_1,C40_EColi4666_1,C30_EColi4666_1
EColi352_0,C95_EColi352_0,C90_EColi352_0,C70_EColi352_0,C50_EColi352_0,C40_EColi352_0,C30_EColi5453_0
EColi353_1,C95_EColi353_1,C90_EColi353_1,C70_EColi353_1,C50_EColi353_1,C40_EColi4255_2,C30_EColi1349_2
EColi354_1,C95_EColi354_1,C90_EColi354_1,C70_EColi354_1,C50_EColi354_1,C40_EColi354_1,C30_EColi354_1
EColi355_0,C95_EColi355_0,C90_EColi355_0,C70_EColi355_0,C50_EColi355_0,C40_EColi355_0,C30_EColi355_0
EColi356_1,C95_EColi356_1,C90_EColi356_1,C70_EColi356_1,C50_EColi356_1,C40_EColi356_1,C30_EColi356_1
EColi357_0,C95_EColi357_0,C90_EColi357_0,C70_EColi357_0,C50_EColi4777_0,C40_EColi761_1,C30_EColi761_1
EColi358_1,C95_EColi358_1,C90_EColi358_1,C70_EColi358_1,C50_EColi358_1,C40_EColi358_1,C30_EColi358_1
EColi359_2,C95_EColi359_2,C90_EColi359_2,C70_EColi359_2,C50_EColi359_2,C40_EColi359_2,C30_EColi231_2
EColi360_0,C95_EColi360_0,C90_EColi360_0,C70_EColi360_0,C50_EColi360_0,C40_EColi360_0,C30_EColi360_0
EColi361_0,C95_EColi361_0,C90_EColi361_0,C70_EColi361_0,C50_EColi361_0,C40_EColi361_0,C30_EColi361_0
EColi362_2,C95_EColi362_2,C90_EColi362_2,C70_EColi362_2,C50_EColi362_2,C40_EColi362_2,C30_EColi362_2
EColi363_2,C95_EColi363_2,C90_EColi363_2,C70_EColi363_2,C50_EColi363_2,C40_EColi363_2,C30_EColi363_2
EColi364_1,C95_EColi364_1,C90_EColi364_1,C70_EColi364_1,C50_EColi364_1,C40_EColi364_1,C30_EColi364_1
EColi365_2,C95_EColi365_2,C90_EColi365_2,C70_EColi365_2,C50_EColi365_2,C40_EColi365_2,C30_EColi784_1
EColi366_1,C95_EColi366_1,C90_EColi366_1,C70_EColi366_1,C50_EColi366_1,C40_EColi6280_1,C30_EColi6280_1
EColi367_0,C95_EColi367_0,C90_EColi367_0,C70_EColi367_0,C50_EColi367_0,C40_EColi367_0,C30_EColi784_1
EColi368_1,C95_EColi368_1,C90_EColi368_1,C70_EColi368_1,C50_EColi368_1,C40_EColi368_1,C30_EColi6280_1
EColi369_1,C95_EColi369_1,C90_EColi369_1,C70_EColi369_1,C50_EColi369_1,C40_EColi369_1,C30_EColi369_1
EColi370_0,C95_EColi370_0,C90_EColi370_0,C70_EColi370_0,C50_EColi370_0,C40_EColi370_0,C30_EColi1801_0
EColi371_1,C95_EColi371_1,C90_EColi371_1,C70_EColi371_1,C50_EColi371_1,C40_EColi239_0,C30_EColi239_0
EColi372_0,C95_EColi372_0,C90_EColi372_0,C70_EColi372_0,C50_EColi372_0,C40_EColi372_0,C30_EColi372_0
EColi373_0,C95_EColi373_0,C90_EColi373_0,C70_EColi373_0,C50_EColi373_0,C40_EColi373_0,C30_EColi373_0
EColi374_0,C95_EColi374_0,C90_EColi374_0,C70_EColi374_0,C50_EColi374_0,C40_EColi294_0,C30_EColi1746_2
EColi375_0,C95_EColi375_0,C90_EColi375_0,C70_EColi375_0,C50_EColi375_0,C40_EColi375_0,C30_EColi375_0
EColi376_1,C95_EColi376_1,C90_EColi376_1,C70_EColi376_1,C50_EColi376_1,C40_EColi376_1,C30_EColi376_1
EColi377_0,C95_EColi377_0,C90_EColi377_0,C70_EColi377_0,C50_EColi377_0,C40_EColi377_0,C30_EColi373_0
EColi378_0,C95_EColi378_0,C90_EColi378_0,C70_EColi378_0,C50_EColi378_0,C40_EColi378_0,C30_EColi378_0
EColi379_1,C95_EColi379_1,C90_EColi379_1,C70_EColi379_1,C50_EColi379_1,C40_EColi379_1,C30_EColi379_1
EColi380_0,C95_EColi380_0,C90_EColi380_0,C70_EColi380_0,C50_EColi380_0,C40_EColi380_0,C30_EColi1922_0
EColi381_0,C95_EColi381_0,C90_EColi381_0,C70_EColi381_0,C50_EColi381_0,C40_EColi381_0,C30_EColi784_1
EColi382_0,C95_EColi382_0,C90_EColi382_0,C70_EColi382_0,C50_EColi382_0,C40_EColi382_0,C30_EColi382_0
EColi383_1,C95_EColi383_1,C90_EColi383_1,C70_EColi383_1,C50_EColi383_1,C40_EColi383_1,C30_EColi383_1
EColi384_0,C95_EColi384_0,C90_EColi384_0,C70_EColi384_0,C50_EColi384_0,C40_EColi384_0,C30_EColi384_0
EColi385_2,C95_EColi385_2,C90_EColi385_2,C70_EColi385_2,C50_EColi385_2,C40_EColi385_2,C30_EColi385_2
EColi386_2,C95_EColi386_2,C90_EColi386_2,C70_EColi386_2,C50_EColi386_2,C40_EColi386_2,C30_EColi806_0
EColi387_1,C95_EColi387_1,C90_EColi387_1,C70_EColi387_1,C50_EColi387_1,C40_EColi387_1,C30_EColi387_1
EColi388_0,C95_EColi388_0,C90_EColi388_0,C70_EColi388_0,C50_EColi388_0,C40_EColi388_0,C30_EColi3460_0
EColi389_0,C95_EColi389_0,C90_EColi389_0,C70_EColi389_0,C50_EColi389_0,C40_EColi389_0,C30_EColi389_0
EColi390_0,C95_EColi390_0,C90_EColi390_0,C70_EColi390_0,C50_EColi390_0,C40_EColi390_0,C30_EColi390_0
EColi391_0,C95_EColi391_0,C90_EColi391_0,C70_EColi391_0,C50_EColi391_0,C40_EColi391_0,C30_EColi814_2
EColi392_1,C95_EColi392_1,C90_EColi392_1,C70_EColi392_1,C50_EColi392_1,C40_EColi392_1,C30_EColi392_1
EColi393_1,C95_EColi393_1,C90_EColi393_1,C70_EColi393_1,C50_EColi393_1,C40_EColi3422_1,C30_EColi3422_1
EColi394_1,C95_EColi394_1,C90_EColi394_1,C70_EColi394_1,C50_EColi394_1,C40_EColi1263_2,C30_EColi1263_2
EColi395_0,C95_EColi395_0,C90_EColi395_0,C70_EColi395_0,C50_EColi395_0,C40_EColi395_0,C30_EColi395_0
EColi396_0,C95_EColi396_0,C90_EColi396_0,C70_EColi396_0,C50_EColi396_0,C40_EColi5994_0,C30_EColi5994_0
EColi397_0,C95_EColi397_0,C90_EColi397_0,C70_EColi397_0,C50_EColi397_0,C40_EColi397_0,C30_EColi1268_0
EColi398_0,C95_EColi398_0,C90_EColi398_0,C70_EColi398_0,C50_EColi398_0,C40_EColi5080_0,C30_EColi1469_2
EColi399_1,C95_EColi399_1,C90_EColi399_1,C70_EColi399_1,C50_EColi399_1,C40_EColi399_1,C30_EColi399_1
EColi500_0,C95_EColi500_0,C90_EColi500_0,C70_EColi500_0,C50_EColi500_0,C40_EColi500_0,C30_EColi500_0
EColi501_0,C95_EColi501_0,C90_EColi501_0,C70_EColi501_0,C50_EColi501_0,C40_EColi501_0,C30_EColi3952_2
EColi502_1,C95_EColi502_1,C90_EColi502_1,C70_EColi502_1,C50_EColi502_1,C40_EColi502_1,C30_EColi502_1
EColi503_0,C95_EColi503_0,C90_EColi503_0,C70_EColi503_0,C50_EColi503_0,C40_EColi910_2,C30_EColi910_2
EColi504_2,C95_EColi504_2,C90_EColi504_2,C70_EColi504_2,C50_EColi504_2,C40_EColi504_2,C30_EColi504_2
EColi505_1,C95_EColi505_1,C90_EColi505_1,C70_EColi505_1,C50_EColi505_1,C40_EColi505_1,C30_EColi505_1
EColi506_2,C95_EColi506_2,C90_EColi506_2,C70_EColi506_2,C50_EColi506_2,C40_EColi506_2,C30_EColi506_2
EColi507_0,C95_EColi507_0,C90_EColi507_0,C70_EColi507_0,C50_EColi507_0,C40_EColi507_0,C30_EColi507_0
EColi508_1,C95_EColi508_1,C90_EColi508_1,C70_EColi508_1,C50_EColi6304_1,C40_EColi6304_1,C30_EColi1321_1
EColi509_0,C95_EColi509_0,C90_EColi509_0,C70_EColi509_0,C50_EColi6304_1,C40_EColi6304_1,C30_EColi509_0
EColi510_2,C95_EColi510_2,C90_EColi510_2,C70_EColi510_2,C50_EColi510_2,C40_EColi510_2,C30_EColi3105_2
EColi511_1,C95_EColi511_1,C90_EColi511_1,C70_EColi511_1,C50_EColi511_1,C40_EColi4409_2,C30_EColi4409_2
EColi512_2,C95_EColi512_2,C90_EColi512_2,C70_EColi512_2,C50_EColi512_2,C40_EColi512_2,C30_EColi4692_0
EColi513_2,C95_EColi513_2,C90_EColi513_2,C70_EColi513_2,C50_EColi915_0,C40_EColi915_0,C30_EColi915_0
EColi514_2,C95_EColi514_2,C90_EColi514_2,C70_EColi514_2,C50_EColi514_2,C40_EColi514_2,C30_EColi514_2
EColi515_1,C95_EColi515_1,C90_EColi515_1,C70_EColi515_1,C50_EColi515_1,C40_EColi515_1,C30_EColi5845_1
EColi516_2,C95_EColi516_2,C90_EColi516_2,C70_EColi516_2,C50_EColi516_2,C40_EColi516_2,C30_EColi3515_1
EColi517_2,C95_EColi517_2,C90_EColi517_2,C70_EColi517_2,C50_EColi517_2,C40_EColi2794_0,C30_EColi2794_0
EColi518_0,C95_EColi518_0,C90_EColi518_0,C70_EColi518_0,C50_EColi518_0,C40_EColi518_0,C30_EColi2450_0
EColi519_1,C95_EColi519_1,C90_EColi519_1,C70_EColi519_1,C50_EColi519_1,C40_EColi519_1,C30_EColi1007_1
EColi520_0,C95_EColi520_0,C90_EColi520_0,C70_EColi520_0,C50_EColi520_0,C40_EColi520_0,C30_EColi520_0
EColi521_2,C95_EColi521_2,C90_EColi521_2,C70_EColi521_2,C50_EColi1825_2,C40_EColi4902_2,C30_EColi6029_0
EColi522_1,C95_EColi522_1,C90_EColi522_1,C70_EColi522_1,C50_EColi522_1,C40_EColi522_1,C30_EColi522_1
EColi523_0,C95_EColi523_0,C90_EColi523_0,C70_EColi523_0,C50_EColi523_0,C40_EColi523_0,C30_EColi523_0
EColi524_1,C95_EColi524_1,C90_EColi524_1,C70_EColi524_1,C50_EColi524_1,C40_EColi524_1,C30_EColi524_1
EColi525_1,C95_EColi525_1,C90_EColi525_1,C70_EColi525_1,C50_EColi5333_1,C40_EColi3575_2,C30_EColi1574_0
EColi526_1,C95_EColi526_1,C90_EColi526_1,C70_EColi526_1,C50_EColi526_1,C40_EColi527_0,C30_EColi527_0
EColi527_0,C95_EColi527_0,C90_EColi527_0,C70_EColi527_0,C50_EColi527_0,C40_EColi527_0,C30_EColi527_0
EColi528_2,C95_EColi528_2,C90_EColi528_2,C70_EColi528_2,C50_EColi528_2,C40_EColi528_2,C30_EColi529_1
EColi529_1,C95_EColi529_1,C90_EColi529_1,C70_EColi529_1,C50_EColi529_1,C40_EColi529_1,C30_EColi529_1
EColi530_2,C95_EColi530_2,C90_EColi530_2,C70_EColi530_2,C50_EColi530_2,C40_EColi530_2,C30_EColi2105_2
EColi531_1,C95_EColi531_1,C90_EColi531_1,C70_EColi531_1,C50_EColi531_1,C40_EColi531_1,C30_EColi2921_1
EColi532_0,C95_EColi532_0,C90_EColi532_0,C70_EColi532_0,C50_EColi532_0,C40_EColi532_0,C30_EColi532_0
EColi533_2,C95_EColi533_2,C90_EColi533_2,C70_EColi533_2,C50_EColi533_2,C40_EColi533_2,C30_EColi6341_0
EColi534_1,C95_EColi534_1,C90_EColi534_1,C70_EColi534_1,C50_EColi1131_1,C40_EColi401_2,C30_EColi401_2
EColi535_1,C95_EColi535_1,C90_EColi535_1,C70_EColi535_1,C50_EColi535_1,C40_EColi535_1,C30_EColi535_1
EColi536_2,C95_EColi536_2,C90_EColi536_2,C70_EColi536_2,C50_EColi1825_2,C40_EColi4902_2,C30_EColi6029_0
EColi537_1,C95_EColi537_1,C90_EColi537_1,C70_EColi537_1,C50_EColi537_1,C40_EColi519_1,C30_EColi1007_1
EColi538_1,C95_EColi538_1,C90_EColi538_1,C70_EColi538_1,C50_EColi538_1,C40_EColi538_1,C30_EColi538_1
EColi539_2,C95_EColi539_2,C90_EColi539_2,C70_EColi539_2,C50_EColi539_2,C40_EColi4336_2,C30_EColi6102_0
EColi540_2,C95_EColi540_2,C90_EColi540_2,C70_EColi540_2,C50_EColi540_2,C40_EColi540_2,C30_EColi540_2
EColi541_2,C95_EColi541_2,C90_EColi541_2,C70_EColi541_2,C50_EColi541_2,C40_EColi541_2,C30_EColi541_2
EColi542_2,C95_EColi542_2,C90_EColi542_2,C70_EColi542_2,C50_EColi542_2,C40_EColi542_2,C30_EColi542_2
EColi543_2,C95_EColi543_2,C90_EColi543_2,C70_EColi543_2,C50_EColi543_2,C40_EColi543_2,C30_EColi1362_1
EColi544_0,C95_EColi544_0,C90_EColi544_0,C70_EColi544_0,C50_EColi544_0,C40_EColi544_0,C30_EColi544_0
EColi545_2,C95_EColi545_2,C90_EColi545_2,C70_EColi545_2,C50_EColi545_2,C40_EColi545_2,C30_EColi545_2
EColi546_0,C95_EColi546_0,C90_EColi546_0,C70_EColi546_0,C50_EColi546_0,C40_EColi546_0,C30_EColi1363_1
EColi547_0,C95_EColi547_0,C90_EColi547_0,C70_EColi547_0,C50_EColi547_0,C40_EColi547_0,C30_EColi5232_1
EColi548_1,C95_EColi548_1,C90_EColi548_1,C70_EColi548_1,C50_EColi701_0,C40_EColi701_0,C30_EColi1363_1
EColi549_2,C95_EColi549_2,C90_EColi549_2,C70_EColi549_2,C50_EColi3042_0,C40_EColi1236_2,C30_EColi1236_2
EColi550_2,C95_EColi550_2,C90_EColi550_2,C70_EColi550_2,C50_EColi2875_2,C40_EColi2875_2,C30_EColi2875_2
EColi551_1,C95_EColi551_1,C90_EColi551_1,C70_EColi551_1,C50_EColi126_1,C40_EColi126_1,C30_EColi123_2
EColi552_0,C95_EColi552_0,C90_EColi552_0,C70_EColi552_0,C50_EColi552_0,C40_EColi552_0,C30_EColi704_1
EColi553_0,C95_EColi553_0,C90_EColi553_0,C70_EColi553_0,C50_EColi553_0,C40_EColi704_1,C30_EColi704_1
EColi554_0,C95_EColi554_0,C90_EColi554_0,C70_EColi554_0,C50_EColi554_0,C40_EColi554_0,C30_EColi554_0
EColi555_2,C95_EColi555_2,C90_EColi555_2,C70_EColi555_2,C50_EColi555_2,C40_EColi2805_0,C30_EColi555_2
EColi556_2,C95_EColi556_2,C90_EColi556_2,C70_EColi556_2,C50_EColi556_2,C40_EColi2851_2,C30_EColi2851_2
EColi557_2,C95_EColi557_2,C90_EColi557_2,C70_EColi557_2,C50_EColi557_2,C40_EColi557_2,C30_EColi557_2
EColi558_0,C95_EColi558_0,C90_EColi558_0,C70_EColi558_0,C50_EColi558_0,C40_EColi558_0,C30_EColi558_0
EColi559_0,C95_EColi559_0,C90_EColi559_0,C70_EColi559_0,C50_EColi559_0,C40_EColi559_0,C30_EColi559_0
EColi560_1,C95_EColi560_1,C90_EColi560_1,C70_EColi560_1,C50_EColi560_1,C40_EColi560_1,C30_EColi2219_2
EColi561_0,C95_EColi561_0,C90_EColi561_0,C70_EColi561_0,C50_EColi561_0,C40_EColi561_0,C30_EColi2757_2
EColi562_0,C95_EColi562_0,C90_EColi562_0,C70_EColi562_0,C50_EColi710_0,C40_EColi710_0,C30_EColi710_0
EColi563_2,C95_EColi563_2,C90_EColi563_2,C70_EColi563_2,C50_EColi563_2,C40_EColi563_2,C30_EColi4164_0
EColi564_0,C95_EColi564_0,C90_EColi564_0,C70_EColi564_0,C50_EColi564_0,C40_EColi564_0,C30_EColi564_0
EColi565_0,C95_EColi565_0,C90_EColi565_0,C70_EColi565_0,C50_EColi5515_0,C40_EColi5515_0,C30_EColi4546_0
EColi566_0,C95_EColi566_0,C90_EColi566_0,C70_EColi566_0,C50_EColi566_0,C40_EColi566_0,C30_EColi566_0
EColi567_2,C95_EColi567_2,C90_EColi567_2,C70_EColi567_2,C50_EColi567_2,C40_EColi567_2,C30_EColi145_2
EColi568_1,C95_EColi568_1,C90_EColi568_1,C70_EColi568_1,C50_EColi568_1,C40_EColi568_1,C30_EColi568_1
EColi569_2,C95_EColi569_2,C90_EColi569_2,C70_EColi569_2,C50_EColi569_2,C40_EColi5385_0,C30_EColi5385_0
EColi570_0,C95_EColi570_0,C90_EColi570_0,C70_EColi570_0,C50_EColi570_0,C40_EColi570_0,C30_EColi570_0
EColi571_1,C95_EColi571_1,C90_EColi571_1,C70_EColi571_1,C50_EColi571_1,C40_EColi571_1,C30_EColi571_1
EColi572_1,C95_EColi572_1,C90_EColi572_1,C70_EColi572_1,C50_EColi572_1,C40_EColi572_1,C30_EColi5585_2
EColi573_0,C95_EColi573_0,C90_EColi573_0,C70_EColi573_0,C50_EColi573_0,C40_EColi572_1,C30_EColi5585_2
EColi574_0,C95_EColi574_0,C90_EColi574_0,C70_EColi574_0,C50_EColi574_0,C40_EColi5338_1,C30_EColi5338_1
EColi575_0,C95_EColi575_0,C90_EColi575_0,C70_EColi575_0,C50_EColi2839_2,C40_EColi2839_2,C30_EColi2839_2
EColi576_1,C95_EColi576_1,C90_EColi576_1,C70_EColi576_1,C50_EColi576_1,C40_EColi576_1,C30_EColi1803_1
EColi577_0,C95_EColi577_0,C90_EColi577_0,C70_EColi577_0,C50_EColi2351_0,C40_EColi5505_0,C30_EColi5505_0
EColi578_2,C95_EColi578_2,C90_EColi578_2,C70_EColi578_2,C50_EColi578_2,C40_EColi578_2,C30_EColi578_2
EColi579_1,C95_EColi579_1,C90_EColi579_1,C70_EColi579_1,C50_EColi579_1,C40_EColi579_1,C30_EColi1801_0
EColi580_1,C95_EColi580_1,C90_EColi580_1,C70_EColi580_1,C50_EColi580_1,C40_EColi580_1,C30_EColi580_1
EColi581_2,C95_EColi581_2,C90_EColi581_2,C70_EColi581_2,C50_EColi581_2,C40_EColi2642_1,C30_EColi2642_1
EColi582_1,C95_EColi582_1,C90_EColi582_1,C70_EColi582_1,C50_EColi582_1,C40_EColi582_1,C30_EColi582_1
EColi583_1,C95_EColi583_1,C90_EColi583_1,C70_EColi583_1,C50_EColi583_1,C40_EColi583_1,C30_EColi583_1
EColi584_0,C95_EColi584_0,C90_EColi584_0,C70_EColi584_0,C50_EColi584_0,C40_EColi736_1,C30_EColi736_1
EColi585_1,C95_EColi585_1,C90_EColi585_1,C70_EColi585_1,C50_EColi105_1,C40_EColi105_1,C30_EColi105_1
EColi586_1,C95_EColi586_1,C90_EColi586_1,C70_EColi586_1,C50_EColi106_2,C40_EColi106_2,C30_EColi106_2
EColi587_2,C95_EColi587_2,C90_EColi587_2,C70_EColi587_2,C50_EColi587_2,C40_EColi1342_2,C30_EColi1342_2
EColi588_0,C95_EColi588_0,C90_EColi588_0,C70_EColi588_0,C50_EColi588_0,C40_EColi588_0,C30_EColi588_0
EColi589_0,C95_EColi589_0,C90_EColi589_0,C70_EColi589_0,C50_EColi589_0,C40_EColi589_0,C30_EColi589_0
EColi590_0,C95_EColi590_0,C90_EColi590_0,C70_EColi590_0,C50_EColi590_0,C40_EColi590_0,C30_EColi590_0
EColi591_0,C95_EColi591_0,C90_EColi591_0,C70_EColi591_0,C50_EColi591_0,C40_EColi591_0,C30_EColi3060_0
EColi592_2,C95_EColi592_2,C90_EColi592_2,C70_EColi592_2,C50_EColi592_2,C40_EColi126_1,C30_EColi123_2
EColi593_0,C95_EColi593_0,C90_EColi593_0,C70_EColi593_0,C50_EColi593_0,C40_EColi593_0,C30_EColi593_0
EColi594_2,C95_EColi594_2,C90_EColi594_2,C70_EColi594_2,C50_EColi594_2,C40_EColi2535_2,C30_EColi2535_2
EColi595_2,C95_EColi595_2,C90_EColi595_2,C70_EColi595_2,C50_EColi595_2,C40_EColi1042_0,C30_EColi702_1
EColi596_1,C95_EColi596_1,C90_EColi596_1,C70_EColi596_1,C50_EColi596_1,C40_EColi596_1,C30_EColi596_1
EColi597_2,C95_EColi597_2,C90_EColi597_2,C70_EColi597_2,C50_EColi597_2,C40_EColi597_2,C30_EColi597_2
EColi598_1,C95_EColi598_1,C90_EColi598_1,C70_EColi598_1,C50_EColi598_1,C40_EColi598_1,C30_EColi598_1
EColi599_0,C95_EColi599_0,C90_EColi599_0,C70_EColi599_0,C50_EColi599_0,C40_EColi599_0,C30_EColi599_0
EColi700_2,C95_EColi700_2,C90_EColi700_2,C70_EColi700_2,C50_EColi700_2,C40_EColi700_2,C30_EColi700_2
EColi701_0,C95_EColi701_0,C90_EColi701_0,C70_EColi701_0,C50_EColi701_0,C40_EColi701_0,C30_EColi1363_1
EColi702_1,C95_EColi702_1,C90_EColi702_1,C70_EColi702_1,C50_EColi702_1,C40_EColi702_1,C30_EColi702_1
EColi703_0,C95_EColi703_0,C90_EColi703_0,C70_EColi703_0,C50_EColi703_0,C40_EColi703_0,C30_EColi6340_1
EColi704_1,C95_EColi704_1,C90_EColi704_1,C70_EColi704_1,C50_EColi704_1,C40_EColi704_1,C30_EColi704_1
EColi705_2,C95_EColi705_2,C90_EColi705_2,C70_EColi705_2,C50_EColi705_2,C40_EColi705_2,C30_EColi130_2
EColi706_0,C95_EColi706_0,C90_EColi706_0,C70_EColi706_0,C50_EColi706_0,C40_EColi706_0,C30_EColi706_0
EColi707_1,C95_EColi707_1,C90_EColi707_1,C70_EColi707_1,C50_EColi707_1,C40_EColi4052_1,C30_EColi2764_2
EColi708_0,C95_EColi708_0,C90_EColi708_0,C70_EColi708_0,C50_EColi708_0,C40_EColi708_0,C30_EColi708_0
EColi709_1,C95_EColi709_1,C90_EColi709_1,C70_EColi709_1,C50_EColi709_1,C40_EColi709_1,C30_EColi125_2
EColi710_0,C95_EColi710_0,C90_EColi710_0,C70_EColi710_0,C50_EColi710_0,C40_EColi710_0,C30_EColi710_0
EColi711_1,C95_EColi711_1,C90_EColi711_1,C70_EColi711_1,C50_EColi711_1,C40_EColi711_1,C30_EColi640_0
EColi712_1,C95_EColi712_1,C90_EColi712_1,C70_EColi712_1,C50_EColi712_1,C40_EColi704_1,C30_EColi704_1
EColi713_2,C95_EColi713_2,C90_EColi713_2,C70_EColi713_2,C50_EColi2584_2,C40_EColi2584_2,C30_EColi2584_2
EColi714_2,C95_EColi714_2,C90_EColi714_2,C70_EColi714_2,C50_EColi714_2,C40_EColi714_2,C30_EColi1100_1
EColi715_2,C95_EColi715_2,C90_EColi715_2,C70_EColi715_2,C50_EColi715_2,C40_EColi715_2,C30_EColi715_2
EColi716_2,C95_EColi716_2,C90_EColi716_2,C70_EColi716_2,C50_EColi716_2,C40_EColi716_2,C30_EColi5351_0
EColi717_0,C95_EColi717_0,C90_EColi717_0,C70_EColi717_0,C50_EColi717_0,C40_EColi570_0,C30_EColi570_0
EColi718_0,C95_EColi718_0,C90_EColi718_0,C70_EColi718_0,C50_EColi718_0,C40_EColi718_0,C30_EColi718_0
EColi719_0,C95_EColi719_0,C90_EColi719_0,C70_EColi719_0,C50_EColi719_0,C40_EColi719_0,C30_EColi719_0
EColi720_2,C95_EColi720_2,C90_EColi720_2,C70_EColi720_2,C50_EColi720_2,C40_EColi720_2,C30_EColi720_2
EColi721_1,C95_EColi721_1,C90_EColi721_1,C70_EColi721_1,C50_EColi721_1,C40_EColi721_1,C30_EColi5585_2
EColi722_1,C95_EColi722_1,C90_EColi722_1,C70_EColi722_1,C50_EColi722_1,C40_EColi722_1,C30_EColi722_1
EColi723_0,C95_EColi723_0,C90_EColi723_0,C70_EColi723_0,C50_EColi723_0,C40_EColi723_0,C30_EColi723_0
EColi724_1,C95_EColi724_1,C90_EColi724_1,C70_EColi724_1,C50_EColi724_1,C40_EColi724_1,C30_EColi724_1
EColi725_0,C95_EColi725_0,C90_EColi725_0,C70_EColi725_0,C50_EColi725_0,C40_EColi725_0,C30_EColi725_0
EColi726_1,C95_EColi726_1,C90_EColi726_1,C70_EColi726_1,C50_EColi726_1,C40_EColi726_1,C30_EColi726_1
EColi727_2,C95_EColi727_2,C90_EColi727_2,C70_EColi727_2,C50_EColi727_2,C40_EColi727_2,C30_EColi6119_1
EColi728_1,C95_EColi728_1,C90_EColi728_1,C70_EColi728_1,C50_EColi728_1,C40_EColi728_1,C30_EColi728_1
EColi729_0,C95_EColi729_0,C90_EColi729_0,C70_EColi729_0,C50_EColi729_0,C40_EColi729_0,C30_EColi4061_2
EColi730_2,C95_EColi730_2,C90_EColi730_2,C70_EColi730_2,C50_EColi827_2,C40_EColi827_2,C30_EColi827_2
EColi731_0,C95_EColi731_0,C90_EColi731_0,C70_EColi731_0,C50_EColi731_0,C40_EColi5724_0,C30_EColi5724_0
EColi732_0,C95_EColi732_0,C90_EColi732_0,C70_EColi732_0,C50_EColi5162_2,C40_EColi3074_0,C30_EColi3074_0
EColi733_0,C95_EColi733_0,C90_EColi733_0,C70_EColi733_0,C50_EColi733_0,C40_EColi4238_1,C30_EColi4238_1
EColi734_2,C95_EColi734_2,C90_EColi734_2,C70_EColi734_2,C50_EColi734_2,C40_EColi734_2,C30_EColi734_2
EColi735_1,C95_EColi735_1,C90_EColi735_1,C70_EColi735_1,C50_EColi738_1,C40_EColi738_1,C30_EColi738_1
EColi736_1,C95_EColi736_1,C90_EColi736_1,C70_EColi736_1,C50_EColi736_1,C40_EColi736_1,C30_EColi736_1
EColi737_2,C95_EColi737_2,C90_EColi737_2,C70_EColi737_2,C50_EColi447_1,C40_EColi447_1,C30_EColi447_1
EColi738_1,C95_EColi738_1,C90_EColi738_1,C70_EColi738_1,C50_EColi738_1,C40_EColi738_1,C30_EColi738_1
EColi739_2,C95_EColi739_2,C90_EColi739_2,C70_EColi739_2,C50_EColi739_2,C40_EColi739_2,C30_EColi734_2
EColi740_2,C95_EColi740_2,C90_EColi740_2,C70_EColi740_2,C50_EColi740_2,C40_EColi740_2,C30_EColi740_2
EColi741_0,C95_EColi741_0,C90_EColi741_0,C70_EColi741_0,C50_EColi741_0,C40_EColi741_0,C30_EColi4768_0
EColi742_2,C95_EColi742_2,C90_EColi742_2,C70_EColi742_2,C50_EColi742_2,C40_EColi742_2,C30_EColi742_2
EColi743_1,C95_EColi743_1,C90_EColi743_1,C70_EColi743_1,C50_EColi743_1,C40_EColi743_1,C30_EColi743_1
EColi744_1,C95_EColi744_1,C90_EColi744_1,C70_EColi744_1,C50_EColi744_1,C40_EColi744_1,C30_EColi744_1
EColi745_2,C95_EColi745_2,C90_EColi745_2,C70_EColi745_2,C50_EColi745_2,C40_EColi745_2,C30_EColi745_2
EColi746_2,C95_EColi746_2,C90_EColi746_2,C70_EColi746_2,C50_EColi746_2,C40_EColi746_2,C30_EColi5309_0
EColi747_0,C95_EColi747_0,C90_EColi747_0,C70_EColi747_0,C50_EColi747_0,C40_EColi747_0,C30_EColi747_0
EColi748_0,C95_EColi748_0,C90_EColi748_0,C70_EColi748_0,C50_EColi748_0,C40_EColi748_0,C30_EColi748_0
EColi749_1,C95_EColi749_1,C90_EColi749_1,C70_EColi749_1,C50_EColi749_1,C40_EColi749_1,C30_EColi749_1
EColi750_0,C95_EColi750_0,C90_EColi750_0,C70_EColi750_0,C50_EColi750_0,C40_EColi750_0,C30_EColi749_1
EColi751_2,C95_EColi751_2,C90_EColi751_2,C70_EColi751_2,C50_EColi751_2,C40_EColi751_2,C30_EColi5309_0
EColi752_2,C95_EColi752_2,C90_EColi752_2,C70_EColi752_2,C50_EColi752_2,C40_EColi752_2,C30_EColi752_2
EColi753_0,C95_EColi753_0,C90_EColi753_0,C70_EColi753_0,C50_EColi753_0,C40_EColi753_0,C30_EColi753_0
EColi754_0,C95_EColi754_0,C90_EColi754_0,C70_EColi754_0,C50_EColi754_0,C40_EColi754_0,C30_EColi754_0
EColi755_1,C95_EColi755_1,C90_EColi755_1,C70_EColi755_1,C50_EColi755_1,C40_EColi755_1,C30_EColi755_1
EColi756_0,C95_EColi756_0,C90_EColi756_0,C70_EColi756_0,C50_EColi756_0,C40_EColi756_0,C30_EColi756_0
EColi757_0,C95_EColi757_0,C90_EColi757_0,C70_EColi757_0,C50_EColi757_0,C40_EColi757_0,C30_EColi757_0
EColi758_2,C95_EColi758_2,C90_EColi758_2,C70_EColi758_2,C50_EColi758_2,C40_EColi358_1,C30_EColi358_1
EColi759_2,C95_EColi759_2,C90_EColi759_2,C70_EColi759_2,C50_EColi759_2,C40_EColi759_2,C30_EColi759_2
EColi760_2,C95_EColi760_2,C90_EColi760_2,C70_EColi760_2,C50_EColi760_2,C40_EColi1914_0,C30_EColi1914_0
EColi761_1,C95_EColi761_1,C90_EColi761_1,C70_EColi761_1,C50_EColi761_1,C40_EColi761_1,C30_EColi761_1
EColi762_2,C95_EColi762_2,C90_EColi762_2,C70_EColi762_2,C50_EColi762_2,C40_EColi762_2,C30_EColi762_2
EColi763_1,C95_EColi763_1,C90_EColi763_1,C70_EColi763_1,C50_EColi763_1,C40_EColi763_1,C30_EColi217_1
EColi764_1,C95_EColi764_1,C90_EColi764_1,C70_EColi764_1,C50_EColi764_1,C40_EColi358_1,C30_EColi358_1
EColi765_2,C95_EColi765_2,C90_EColi765_2,C70_EColi765_2,C50_EColi765_2,C40_EColi358_1,C30_EColi358_1
EColi766_2,C95_EColi766_2,C90_EColi766_2,C70_EColi766_2,C50_EColi2635_0,C40_EColi2635_0,C30_EColi2635_0
EColi767_2,C95_EColi767_2,C90_EColi767_2,C70_EColi767_2,C50_EColi767_2,C40_EColi358_1,C30_EColi358_1
EColi768_0,C95_EColi768_0,C90_EColi768_0,C70_EColi768_0,C50_EColi768_0,C40_EColi768_0,C30_EColi768_0
EColi769_2,C95_EColi769_2,C90_EColi769_2,C70_EColi769_2,C50_EColi769_2,C40_EColi769_2,C30_EColi769_2
EColi770_2,C95_EColi770_2,C90_EColi770_2,C70_EColi770_2,C50_EColi770_2,C40_EColi770_2,C30_EColi770_2
EColi771_2,C95_EColi771_2,C90_EColi771_2,C70_EColi771_2,C50_EColi771_2,C40_EColi771_2,C30_EColi771_2
EColi772_1,C95_EColi772_1,C90_EColi772_1,C70_EColi772_1,C50_EColi772_1,C40_EColi1236_2,C30_EColi1236_2
EColi773_1,C95_EColi773_1,C90_EColi773_1,C70_EColi773_1,C50_EColi773_1,C40_EColi773_1,C30_EColi782_2
EColi774_0,C95_EColi774_0,C90_EColi774_0,C70_EColi774_0,C50_EColi774_0,C40_EColi774_0,C30_EColi774_0
EColi775_1,C95_EColi775_1,C90_EColi775_1,C70_EColi775_1,C50_EColi775_1,C40_EColi775_1,C30_EColi559_0
EColi776_0,C95_EColi776_0,C90_EColi776_0,C70_EColi776_0,C50_EColi776_0,C40_EColi776_0,C30_EColi774_0
EColi777_2,C95_EColi777_2,C90_EColi777_2,C70_EColi777_2,C50_EColi777_2,C40_EColi777_2,C30_EColi769_2
EColi778_2,C95_EColi778_2,C90_EColi778_2,C70_EColi778_2,C50_EColi778_2,C40_EColi777_2,C30_EColi769_2
EColi779_2,C95_EColi779_2,C90_EColi779_2,C70_EColi779_2,C50_EColi779_2,C40_EColi779_2,C30_EColi779_2
EColi780_2,C95_EColi780_2,C90_EColi780_2,C70_EColi780_2,C50_EColi780_2,C40_EColi780_2,C30_EColi774_0
EColi781_0,C95_EColi781_0,C90_EColi781_0,C70_EColi781_0,C50_EColi781_0,C40_EColi781_0,C30_EColi774_0
EColi782_2,C95_EColi782_2,C90_EColi782_2,C70_EColi782_2,C50_EColi782_2,C40_EColi782_2,C30_EColi782_2
EColi783_1,C95_EColi783_1,C90_EColi783_1,C70_EColi783_1,C50_EColi783_1,C40_EColi783_1,C30_EColi3536_1
EColi784_1,C95_EColi784_1,C90_EColi784_1,C70_EColi784_1,C50_EColi784_1,C40_EColi784_1,C30_EColi784_1
EColi785_1,C95_EColi785_1,C90_EColi785_1,C70_EColi785_1,C50_EColi785_1,C40_EColi785_1,C30_EColi372_0
EColi786_2,C95_EColi786_2,C90_EColi786_2,C70_EColi786_2,C50_EColi786_2,C40_EColi786_2,C30_EColi383_1
EColi787_1,C95_EColi787_1,C90_EColi787_1,C70_EColi787_1,C50_EColi787_1,C40_EColi787_1,C30_EColi787_1
EColi788_1,C95_EColi788_1,C90_EColi788_1,C70_EColi788_1,C50_EColi788_1,C40_EColi382_0,C30_EColi382_0
EColi789_0,C95_EColi789_0,C90_EColi789_0,C70_EColi789_0,C50_EColi789_0,C40_EColi789_0,C30_EColi789_0
EColi790_0,C95_EColi790_0,C90_EColi790_0,C70_EColi790_0,C50_EColi790_0,C40_EColi790_0,C30_EColi801_0
EColi791_2,C95_EColi791_2,C90_EColi791_2,C70_EColi791_2,C50_EColi791_2,C40_EColi791_2,C30_EColi791_2
EColi792_0,C95_EColi792_0,C90_EColi792_0,C70_EColi792_0,C50_EColi792_0,C40_EColi792_0,C30_EColi787_1
EColi793_2,C95_EColi793_2,C90_EColi793_2,C70_EColi793_2,C50_EColi793_2,C40_EColi793_2,C30_EColi1745_2
EColi794_0,C95_EColi794_0,C90_EColi794_0,C70_EColi794_0,C50_EColi794_0,C40_EColi794_0,C30_EColi960_0
EColi795_1,C95_EColi795_1,C90_EColi795_1,C70_EColi795_1,C50_EColi795_1,C40_EColi789_0,C30_EColi789_0
EColi796_1,C95_EColi796_1,C90_EColi796_1,C70_EColi796_1,C50_EColi796_1,C40_EColi796_1,C30_EColi796_1
EColi797_2,C95_EColi797_2,C90_EColi797_2,C70_EColi797_2,C50_EColi797_2,C40_EColi797_2,C30_EColi372_0
EColi798_1,C95_EColi798_1,C90_EColi798_1,C70_EColi798_1,C50_EColi798_1,C40_EColi379_1,C30_EColi379_1
EColi799_2,C95_EColi799_2,C90_EColi799_2,C70_EColi799_2,C50_EColi799_2,C40_EColi369_1,C30_EColi369_1
EColi900_1,C95_EColi900_1,C90_EColi900_1,C70_EColi900_1,C50_EColi900_1,C40_EColi900_1,C30_EColi145_2
EColi901_0,C95_EColi901_0,C90_EColi901_0,C70_EColi901_0,C50_EColi901_0,C40_EColi901_0,C30_EColi901_0
EColi902_2,C95_EColi902_2,C90_EColi902_2,C70_EColi902_2,C50_EColi3595_2,C40_EColi3595_2,C30_EColi3595_2
EColi903_1,C95_EColi903_1,C90_EColi903_1,C70_EColi903_1,C50_EColi818_1,C40_EColi4956_0,C30_EColi3606_2
EColi904_2,C95_EColi904_2,C90_EColi904_2,C70_EColi904_2,C50_EColi3702_2,C40_EColi3702_2,C30_EColi3702_2
EColi905_0,C95_EColi905_0,C90_EColi905_0,C70_EColi905_0,C50_EColi905_0,C40_EColi905_0,C30_EColi905_0
EColi906_1,C95_EColi906_1,C90_EColi906_1,C70_EColi906_1,C50_EColi906_1,C40_EColi495_1,C30_EColi5677_2
EColi907_2,C95_EColi907_2,C90_EColi907_2,C70_EColi907_2,C50_EColi907_2,C40_EColi907_2,C30_EColi907_2
EColi908_2,C95_EColi908_2,C90_EColi908_2,C70_EColi908_2,C50_EColi908_2,C40_EColi908_2,C30_EColi908_2
EColi909_2,C95_EColi909_2,C90_EColi909_2,C70_EColi909_2,C50_EColi500_0,C40_EColi500_0,C30_EColi500_0
EColi910_2,C95_EColi910_2,C90_EColi910_2,C70_EColi910_2,C50_EColi910_2,C40_EColi910_2,C30_EColi910_2
EColi911_1,C95_EColi911_1,C90_EColi911_1,C70_EColi911_1,C50_EColi911_1,C40_EColi499_2,C30_EColi499_2
EColi912_1,C95_EColi912_1,C90_EColi912_1,C70_EColi912_1,C50_EColi912_1,C40_EColi912_1,C30_EColi912_1
EColi913_2,C95_EColi913_2,C90_EColi913_2,C70_EColi913_2,C50_EColi913_2,C40_EColi913_2,C30_EColi913_2
EColi914_2,C95_EColi914_2,C90_EColi914_2,C70_EColi914_2,C50_EColi914_2,C40_EColi5845_1,C30_EColi5845_1
EColi915_0,C95_EColi915_0,C90_EColi915_0,C70_EColi915_0,C50_EColi915_0,C40_EColi915_0,C30_EColi915_0
EColi916_2,C95_EColi916_2,C90_EColi916_2,C70_EColi916_2,C50_EColi916_2,C40_EColi4925_0,C30_EColi4925_0
EColi917_2,C95_EColi917_2,C90_EColi917_2,C70_EColi917_2,C50_EColi917_2,C40_EColi917_2,C30_EColi917_2
EColi918_1,C95_EColi918_1,C90_EColi918_1,C70_EColi918_1,C50_EColi918_1,C40_EColi918_1,C30_EColi918_1
EColi919_2,C95_EColi919_2,C90_EColi919_2,C70_EColi919_2,C50_EColi919_2,C40_EColi312_2,C30_EColi1290_1
EColi920_1,C95_EColi920_1,C90_EColi920_1,C70_EColi920_1,C50_EColi921_2,C40_EColi921_2,C30_EColi921_2
EColi921_2,C95_EColi921_2,C90_EColi921_2,C70_EColi921_2,C50_EColi921_2,C40_EColi921_2,C30_EColi921_2
EColi922_1,C95_EColi922_1,C90_EColi922_1,C70_EColi922_1,C50_EColi881_0,C40_EColi881_0,C30_EColi881_0
EColi923_2,C95_EColi923_2,C90_EColi923_2,C70_EColi923_2,C50_EColi923_2,C40_EColi923_2,C30_EColi923_2
EColi924_2,C95_EColi924_2,C90_EColi924_2,C70_EColi924_2,C50_EColi406_2,C40_EColi406_2,C30_EColi410_1
EColi925_1,C95_EColi925_1,C90_EColi925_1,C70_EColi925_1,C50_EColi925_1,C40_EColi925_1,C30_EColi925_1
EColi926_1,C95_EColi926_1,C90_EColi926_1,C70_EColi926_1,C50_EColi926_1,C40_EColi926_1,C30_EColi926_1
EColi927_2,C95_EColi927_2,C90_EColi927_2,C70_EColi927_2,C50_EColi927_2,C40_EColi927_2,C30_EColi927_2
EColi928_2,C95_EColi928_2,C90_EColi928_2,C70_EColi928_2,C50_EColi423_1,C40_EColi423_1,C30_EColi841_1
EColi929_2,C95_EColi929_2,C90_EColi929_2,C70_EColi929_2,C50_EColi845_0,C40_EColi849_1,C30_EColi849_1
EColi930_0,C95_EColi930_0,C90_EColi930_0,C70_EColi930_0,C50_EColi930_0,C40_EColi6226_1,C30_EColi6226_1
EColi931_2,C95_EColi931_2,C90_EColi931_2,C70_EColi931_2,C50_EColi859_2,C40_EColi859_2,C30_EColi859_2
EColi932_2,C95_EColi932_2,C90_EColi932_2,C70_EColi932_2,C50_EColi932_2,C40_EColi6009_2,C30_EColi6009_2
EColi933_1,C95_EColi933_1,C90_EColi933_1,C70_EColi933_1,C50_EColi933_1,C40_EColi933_1,C30_EColi933_1
EColi934_2,C95_EColi934_2,C90_EColi934_2,C70_EColi934_2,C50_EColi934_2,C40_EColi5735_2,C30_EColi5880_0
EColi935_2,C95_EColi935_2,C90_EColi935_2,C70_EColi935_2,C50_EColi935_2,C40_EColi935_2,C30_EColi935_2
EColi936_0,C95_EColi936_0,C90_EColi936_0,C70_EColi936_0,C50_EColi936_0,C40_EColi936_0,C30_EColi936_0
EColi937_2,C95_EColi937_2,C90_EColi937_2,C70_EColi937_2,C50_EColi937_2,C40_EColi937_2,C30_EColi937_2
EColi938_0,C95_EColi938_0,C90_EColi938_0,C70_EColi938_0,C50_EColi938_0,C40_EColi938_0,C30_EColi833_1
EColi939_1,C95_EColi939_1,C90_EColi939_1,C70_EColi939_1,C50_EColi939_1,C40_EColi939_1,C30_EColi939_1
EColi940_0,C95_EColi940_0,C90_EColi940_0,C70_EColi940_0,C50_EColi940_0,C40_EColi940_0,C30_EColi940_0
EColi941_2,C95_EColi941_2,C90_EColi941_2,C70_EColi941_2,C50_EColi941_2,C40_EColi941_2,C30_EColi392_1
EColi942_2,C95_EColi942_2,C90_EColi942_2,C70_EColi942_2,C50_EColi942_2,C40_EColi942_2,C30_EColi942_2
EColi943_1,C95_EColi943_1,C90_EColi943_1,C70_EColi943_1,C50_EColi943_1,C40_EColi943_1,C30_EColi943_1
EColi944_2,C95_EColi944_2,C90_EColi944_2,C70_EColi944_2,C50_EColi944_2,C40_EColi649_2,C30_EColi649_2
EColi945_1,C95_EColi945_1,C90_EColi945_1,C70_EColi945_1,C50_EColi945_1,C40_EColi945_1,C30_EColi945_1
EColi946_2,C95_EColi946_2,C90_EColi946_2,C70_EColi946_2,C50_EColi946_2,C40_EColi1510_1,C30_EColi1510_1
EColi947_1,C95_EColi947_1,C90_EColi947_1,C70_EColi947_1,C50_EColi946_2,C40_EColi1510_1,C30_EColi1510_1
EColi948_2,C95_EColi948_2,C90_EColi948_2,C70_EColi948_2,C50_EColi948_2,C40_EColi948_2,C30_EColi734_2
EColi949_1,C95_EColi949_1,C90_EColi949_1,C70_EColi949_1,C50_EColi949_1,C40_EColi5976_0,C30_EColi2032_0
EColi950_1,C95_EColi950_1,C90_EColi950_1,C70_EColi950_1,C50_EColi950_1,C40_EColi950_1,C30_EColi950_1
EColi951_1,C95_EColi951_1,C90_EColi951_1,C70_EColi951_1,C50_EColi951_1,C40_EColi951_1,C30_EColi951_1
EColi952_1,C95_EColi952_1,C90_EColi952_1,C70_EColi952_1,C50_EColi952_1,C40_EColi952_1,C30_EColi4859_2
EColi953_0,C95_EColi953_0,C90_EColi953_0,C70_EColi953_0,C50_EColi953_0,C40_EColi953_0,C30_EColi953_0
EColi954_0,C95_EColi954_0,C90_EColi954_0,C70_EColi954_0,C50_EColi954_0,C40_EColi954_0,C30_EColi954_0
EColi955_1,C95_EColi955_1,C90_EColi955_1,C70_EColi955_1,C50_EColi955_1,C40_EColi955_1,C30_EColi955_1
EColi956_0,C95_EColi956_0,C90_EColi956_0,C70_EColi956_0,C50_EColi956_0,C40_EColi956_0,C30_EColi956_0
EColi957_0,C95_EColi957_0,C90_EColi957_0,C70_EColi957_0,C50_EColi957_0,C40_EColi957_0,C30_EColi957_0
EColi958_0,C95_EColi958_0,C90_EColi958_0,C70_EColi958_0,C50_EColi958_0,C40_EColi958_0,C30_EColi958_0
EColi959_2,C95_EColi959_2,C90_EColi959_2,C70_EColi959_2,C50_EColi959_2,C40_EColi969_0,C30_EColi969_0
EColi960_0,C95_EColi960_0,C90_EColi960_0,C70_EColi960_0,C50_EColi960_0,C40_EColi960_0,C30_EColi960_0
EColi961_0,C95_EColi961_0,C90_EColi961_0,C70_EColi961_0,C50_EColi961_0,C40_EColi961_0,C30_EColi961_0
EColi962_0,C95_EColi962_0,C90_EColi962_0,C70_EColi962_0,C50_EColi962_0,C40_EColi962_0,C30_EColi962_0
EColi963_0,C95_EColi963_0,C90_EColi963_0,C70_EColi963_0,C50_EColi963_0,C40_EColi963_0,C30_EColi296_1
EColi964_0,C95_EColi964_0,C90_EColi964_0,C70_EColi964_0,C50_EColi964_0,C40_EColi961_0,C30_EColi961_0
EColi965_0,C95_EColi965_0,C90_EColi965_0,C70_EColi965_0,C50_EColi965_0,C40_EColi965_0,C30_EColi373_0
EColi966_0,C95_EColi966_0,C90_EColi966_0,C70_EColi966_0,C50_EColi966_0,C40_EColi967_1,C30_EColi967_1
EColi967_1,C95_EColi967_1,C90_EColi967_1,C70_EColi967_1,C50_EColi967_1,C40_EColi967_1,C30_EColi967_1
EColi968_0,C95_EColi968_0,C90_EColi968_0,C70_EColi968_0,C50_EColi964_0,C40_EColi961_0,C30_EColi961_0
EColi969_0,C95_EColi969_0,C90_EColi969_0,C70_EColi969_0,C50_EColi969_0,C40_EColi969_0,C30_EColi969_0
EColi970_0,C95_EColi970_0,C90_EColi970_0,C70_EColi970_0,C50_EColi970_0,C40_EColi970_0,C30_EColi6324_1
EColi971_0,C95_EColi971_0,C90_EColi971_0,C70_EColi971_0,C50_EColi971_0,C40_EColi971_0,C30_EColi3806_1
EColi972_1,C95_EColi972_1,C90_EColi972_1,C70_EColi972_1,C50_EColi972_1,C40_EColi965_0,C30_EColi373_0
EColi973_2,C95_EColi973_2,C90_EColi973_2,C70_EColi973_2,C50_EColi973_2,C40_EColi973_2,C30_EColi1745_2
EColi974_0,C95_EColi974_0,C90_EColi974_0,C70_EColi974_0,C50_EColi965_0,C40_EColi965_0,C30_EColi373_0
EColi975_2,C95_EColi975_2,C90_EColi975_2,C70_EColi975_2,C50_EColi975_2,C40_EColi975_2,C30_EColi975_2
EColi976_0,C95_EColi976_0,C90_EColi976_0,C70_EColi976_0,C50_EColi1402_2,C40_EColi1402_2,C30_EColi998_2
EColi977_0,C95_EColi977_0,C90_EColi977_0,C70_EColi977_0,C50_EColi977_0,C40_EColi3606_2,C30_EColi3606_2
EColi978_1,C95_EColi978_1,C90_EColi978_1,C70_EColi978_1,C50_EColi978_1,C40_EColi978_1,C30_EColi978_1
EColi979_1,C95_EColi979_1,C90_EColi979_1,C70_EColi979_1,C50_EColi979_1,C40_EColi979_1,C30_EColi2885_2
EColi980_2,C95_EColi980_2,C90_EColi980_2,C70_EColi980_2,C50_EColi980_2,C40_EColi980_2,C30_EColi980_2
EColi981_1,C95_EColi981_1,C90_EColi981_1,C70_EColi981_1,C50_EColi981_1,C40_EColi981_1,C30_EColi981_1
EColi982_1,C95_EColi982_1,C90_EColi982_1,C70_EColi982_1,C50_EColi982_1,C40_EColi982_1,C30_EColi982_1
EColi983_0,C95_EColi983_0,C90_EColi983_0,C70_EColi983_0,C50_EColi5273_1,C40_EColi3688_2,C30_EColi6166_2
EColi984_2,C95_EColi984_2,C90_EColi984_2,C70_EColi984_2,C50_EColi984_2,C40_EColi1264_0,C30_EColi901_0
EColi985_1,C95_EColi985_1,C90_EColi985_1,C70_EColi985_1,C50_EColi985_1,C40_EColi985_1,C30_EColi985_1
EColi986_1,C95_EColi986_1,C90_EColi986_1,C70_EColi986_1,C50_EColi986_1,C40_EColi5938_2,C30_EColi5938_2
EColi987_2,C95_EColi987_2,C90_EColi987_2,C70_EColi987_2,C50_EColi987_2,C40_EColi987_2,C30_EColi987_2
EColi988_1,C95_EColi988_1,C90_EColi988_1,C70_EColi988_1,C50_EColi2011_2,C40_EColi1546_2,C30_EColi901_0
EColi989_0,C95_EColi989_0,C90_EColi989_0,C70_EColi989_0,C50_EColi989_0,C40_EColi989_0,C30_EColi989_0
EColi990_0,C95_EColi990_0,C90_EColi990_0,C70_EColi990_0,C50_EColi990_0,C40_EColi990_0,C30_EColi2259_1
EColi991_1,C95_EColi991_1,C90_EColi991_1,C70_EColi991_1,C50_EColi1287_2,C40_EColi1287_2,C30_EColi1287_2
EColi992_1,C95_EColi992_1,C90_EColi992_1,C70_EColi992_1,C50_EColi992_1,C40_EColi992_1,C30_EColi992_1
EColi993_2,C95_EColi993_2,C90_EColi993_2,C70_EColi993_2,C50_EColi993_2,C40_EColi4434_2,C30_EColi4434_2
EColi994_1,C95_EColi994_1,C90_EColi994_1,C70_EColi994_1,C50_EColi994_1,C40_EColi994_1,C30_EColi2775_2
EColi995_0,C95_EColi995_0,C90_EColi995_0,C70_EColi995_0,C50_EColi995_0,C40_EColi995_0,C30_EColi825_1
EColi996_1,C95_EColi996_1,C90_EColi996_1,C70_EColi996_1,C50_EColi996_1,C40_EColi996_1,C30_EColi996_1
EColi997_0,C95_EColi997_0,C90_EColi997_0,C70_EColi997_0,C50_EColi997_0,C40_EColi997_0,C30_EColi997_0
EColi998_2,C95_EColi998_2,C90_EColi998_2,C70_EColi998_2,C50_EColi998_2,C40_EColi998_2,C30_EColi998_2
EColi999_0,C95_EColi999_0,C90_EColi999_0,C70_EColi999_0,C50_EColi999_0,C40_EColi999_0,C30_EColi999_0
EColi1100_1,C95_EColi1100_1,C90_EColi1100_1,C70_EColi1100_1,C50_EColi1100_1,C40_EColi1100_1,C30_EColi1100_1
EColi1101_2,C95_EColi1101_2,C90_EColi1101_2,C70_EColi1101_2,C50_EColi1101_2,C40_EColi1101_2,C30_EColi1101_2
EColi1102_1,C95_EColi1102_1,C90_EColi1102_1,C70_EColi1102_1,C50_EColi1102_1,C40_EColi1102_1,C30_EColi1102_1
EColi1103_2,C95_EColi1103_2,C90_EColi1103_2,C70_EColi1103_2,C50_EColi1103_2,C40_EColi3525_2,C30_EColi3525_2
EColi1104_0,C95_EColi1104_0,C90_EColi1104_0,C70_EColi1104_0,C50_EColi1104_0,C40_EColi6242_1,C30_EColi6242_1
EColi1105_0,C95_EColi1105_0,C90_EColi1105_0,C70_EColi1105_0,C50_EColi1105_0,C40_EColi1105_0,C30_EColi1105_0
EColi1106_1,C95_EColi1106_1,C90_EColi1106_1,C70_EColi1106_1,C50_EColi1106_1,C40_EColi1106_1,C30_EColi1106_1
EColi1107_1,C95_EColi1107_1,C90_EColi1107_1,C70_EColi1107_1,C50_EColi1107_1,C40_EColi1107_1,C30_EColi1107_1
EColi1108_0,C95_EColi1108_0,C90_EColi1108_0,C70_EColi1108_0,C50_EColi1108_0,C40_EColi1108_0,C30_EColi1108_0
EColi1109_0,C95_EColi1109_0,C90_EColi1109_0,C70_EColi1109_0,C50_EColi1109_0,C40_EColi501_0,C30_EColi3952_2
EColi1110_2,C95_EColi1110_2,C90_EColi1110_2,C70_EColi1110_2,C50_EColi1110_2,C40_EColi1110_2,C30_EColi1874_2
EColi1111_1,C95_EColi1111_1,C90_EColi1111_1,C70_EColi1111_1,C50_EColi1111_1,C40_EColi1111_1,C30_EColi1111_1
EColi1112_0,C95_EColi1112_0,C90_EColi1112_0,C70_EColi1112_0,C50_EColi1112_0,C40_EColi1112_0,C30_EColi1112_0
EColi1113_1,C95_EColi1113_1,C90_EColi1113_1,C70_EColi1113_1,C50_EColi2268_0,C40_EColi2268_0,C30_EColi1962_0
EColi1114_0,C95_EColi1114_0,C90_EColi1114_0,C70_EColi1114_0,C50_EColi1114_0,C40_EColi1319_0,C30_EColi4434_2
EColi1115_0,C95_EColi1115_0,C90_EColi1115_0,C70_EColi1115_0,C50_EColi1014_1,C40_EColi527_0,C30_EColi527_0
EColi1116_1,C95_EColi1116_1,C90_EColi1116_1,C70_EColi1116_1,C50_EColi1116_1,C40_EColi3874_2,C30_EColi3874_2
EColi1117_1,C95_EColi1117_1,C90_EColi1117_1,C70_EColi1117_1,C50_EColi1117_1,C40_EColi3844_0,C30_EColi3844_0
EColi1118_2,C95_EColi1118_2,C90_EColi1118_2,C70_EColi1118_2,C50_EColi1116_1,C40_EColi3874_2,C30_EColi3874_2
EColi1119_0,C95_EColi1119_0,C90_EColi1119_0,C70_EColi1119_0,C50_EColi1119_0,C40_EColi1119_0,C30_EColi4785_1
EColi1120_1,C95_EColi1120_1,C90_EColi1120_1,C70_EColi1120_1,C50_EColi1120_1,C40_EColi1120_1,C30_EColi1120_1
EColi1121_1,C95_EColi1121_1,C90_EColi1121_1,C70_EColi1121_1,C50_EColi2738_2,C40_EColi2738_2,C30_EColi2738_2
EColi1122_1,C95_EColi1122_1,C90_EColi1122_1,C70_EColi1122_1,C50_EColi1122_1,C40_EColi1324_0,C30_EColi6102_0
EColi1123_1,C95_EColi1123_1,C90_EColi1123_1,C70_EColi1123_1,C50_EColi1123_1,C40_EColi1123_1,C30_EColi6312_1
EColi1124_1,C95_EColi1124_1,C90_EColi1124_1,C70_EColi1124_1,C50_EColi1124_1,C40_EColi1124_1,C30_EColi1809_2
EColi1125_1,C95_EColi1125_1,C90_EColi1125_1,C70_EColi1125_1,C50_EColi1125_1,C40_EColi1125_1,C30_EColi1125_1
EColi1126_0,C95_EColi1126_0,C90_EColi1126_0,C70_EColi1126_0,C50_EColi1126_0,C40_EColi1126_0,C30_EColi1126_0
EColi1127_2,C95_EColi1127_2,C90_EColi1127_2,C70_EColi1127_2,C50_EColi1127_2,C40_EColi1127_2,C30_EColi1127_2
EColi1128_1,C95_EColi1128_1,C90_EColi1128_1,C70_EColi1128_1,C50_EColi1128_1,C40_EColi1128_1,C30_EColi1128_1
EColi1129_2,C95_EColi1129_2,C90_EColi1129_2,C70_EColi1129_2,C50_EColi981_1,C40_EColi981_1,C30_EColi981_1
EColi1130_1,C95_EColi1130_1,C90_EColi1130_1,C70_EColi1130_1,C50_EColi1130_1,C40_EColi1130_1,C30_EColi2001_1
EColi1131_1,C95_EColi1131_1,C90_EColi1131_1,C70_EColi1131_1,C50_EColi1131_1,C40_EColi401_2,C30_EColi401_2
EColi1132_1,C95_EColi1132_1,C90_EColi1132_1,C70_EColi1132_1,C50_EColi1132_1,C40_EColi1132_1,C30_EColi4022_1
EColi1133_1,C95_EColi1133_1,C90_EColi1133_1,C70_EColi1133_1,C50_EColi1133_1,C40_EColi1000_1,C30_EColi1000_1
EColi1134_0,C95_EColi1134_0,C90_EColi1134_0,C70_EColi1134_0,C50_EColi1134_0,C40_EColi1134_0,C30_EColi1017_0
EColi1135_0,C95_EColi1135_0,C90_EColi1135_0,C70_EColi1135_0,C50_EColi1135_0,C40_EColi1135_0,C30_EColi5870_0
EColi1136_1,C95_EColi1136_1,C90_EColi1136_1,C70_EColi1136_1,C50_EColi1136_1,C40_EColi1136_1,C30_EColi4303_0
EColi1137_0,C95_EColi1137_0,C90_EColi1137_0,C70_EColi1137_0,C50_EColi1137_0,C40_EColi1137_0,C30_EColi1017_0
EColi1138_1,C95_EColi1138_1,C90_EColi1138_1,C70_EColi1138_1,C50_EColi1138_1,C40_EColi1138_1,C30_EColi1138_1
EColi1139_0,C95_EColi1139_0,C90_EColi1139_0,C70_EColi1139_0,C50_EColi1139_0,C40_EColi1139_0,C30_EColi339_0
EColi1140_0,C95_EColi1140_0,C90_EColi1140_0,C70_EColi1140_0,C50_EColi979_1,C40_EColi2885_2,C30_EColi2885_2
EColi1141_0,C95_EColi1141_0,C90_EColi1141_0,C70_EColi1141_0,C50_EColi1141_0,C40_EColi1141_0,C30_EColi1141_0
EColi1142_0,C95_EColi1142_0,C90_EColi1142_0,C70_EColi1142_0,C50_EColi1142_0,C40_EColi1142_0,C30_EColi1142_0
EColi1143_0,C95_EColi1143_0,C90_EColi1143_0,C70_EColi1143_0,C50_EColi1143_0,C40_EColi1143_0,C30_EColi1143_0
EColi1144_0,C95_EColi1144_0,C90_EColi1144_0,C70_EColi1144_0,C50_EColi1144_0,C40_EColi1148_0,C30_EColi5937_1
EColi1145_1,C95_EColi1145_1,C90_EColi1145_1,C70_EColi1145_1,C50_EColi1145_1,C40_EColi1145_1,C30_EColi2439_2
EColi1146_1,C95_EColi1146_1,C90_EColi1146_1,C70_EColi1146_1,C50_EColi1146_1,C40_EColi2438_2,C30_EColi5937_1
EColi1147_0,C95_EColi1147_0,C90_EColi1147_0,C70_EColi1147_0,C50_EColi1147_0,C40_EColi1147_0,C30_EColi1147_0
EColi1148_0,C95_EColi1148_0,C90_EColi1148_0,C70_EColi1148_0,C50_EColi1148_0,C40_EColi1148_0,C30_EColi5937_1
EColi1149_0,C95_EColi1149_0,C90_EColi1149_0,C70_EColi1149_0,C50_EColi1149_0,C40_EColi1149_0,C30_EColi1149_0
EColi1150_1,C95_EColi1150_1,C90_EColi1150_1,C70_EColi1150_1,C50_EColi1150_1,C40_EColi1150_1,C30_EColi1150_1
EColi1151_1,C95_EColi1151_1,C90_EColi1151_1,C70_EColi1151_1,C50_EColi1151_1,C40_EColi1151_1,C30_EColi1151_1
EColi1152_0,C95_EColi1152_0,C90_EColi1152_0,C70_EColi1152_0,C50_EColi3727_1,C40_EColi3727_1,C30_EColi1308_0
EColi1153_2,C95_EColi1153_2,C90_EColi1153_2,C70_EColi1153_2,C50_EColi981_1,C40_EColi981_1,C30_EColi981_1
EColi1154_2,C95_EColi1154_2,C90_EColi1154_2,C70_EColi1154_2,C50_EColi1154_2,C40_EColi1154_2,C30_EColi4747_0
EColi1155_0,C95_EColi1155_0,C90_EColi1155_0,C70_EColi1155_0,C50_EColi1155_0,C40_EColi1155_0,C30_EColi901_0
EColi1156_0,C95_EColi1156_0,C90_EColi1156_0,C70_EColi1156_0,C50_EColi1156_0,C40_EColi1156_0,C30_EColi1156_0
EColi1157_2,C95_EColi1157_2,C90_EColi1157_2,C70_EColi1157_2,C50_EColi1157_2,C40_EColi981_1,C30_EColi981_1
EColi1158_2,C95_EColi1158_2,C90_EColi1158_2,C70_EColi1158_2,C50_EColi1158_2,C40_EColi1818_1,C30_EColi1818_1
EColi1159_1,C95_EColi1159_1,C90_EColi1159_1,C70_EColi1159_1,C50_EColi1159_1,C40_EColi1159_1,C30_EColi2305_2
EColi1160_0,C95_EColi1160_0,C90_EColi1160_0,C70_EColi1160_0,C50_EColi1160_0,C40_EColi1160_0,C30_EColi1160_0
EColi1161_1,C95_EColi1161_1,C90_EColi1161_1,C70_EColi1161_1,C50_EColi1161_1,C40_EColi1161_1,C30_EColi1161_1
EColi1162_2,C95_EColi1162_2,C90_EColi1162_2,C70_EColi1162_2,C50_EColi1162_2,C40_EColi1162_2,C30_EColi2259_1
EColi1163_1,C95_EColi1163_1,C90_EColi1163_1,C70_EColi1163_1,C50_EColi1163_1,C40_EColi1163_1,C30_EColi1163_1
EColi1164_2,C95_EColi1164_2,C90_EColi1164_2,C70_EColi1164_2,C50_EColi1164_2,C40_EColi1164_2,C30_EColi1164_2
EColi1165_0,C95_EColi1165_0,C90_EColi1165_0,C70_EColi1165_0,C50_EColi1165_0,C40_EColi1165_0,C30_EColi2593_0
EColi1166_2,C95_EColi1166_2,C90_EColi1166_2,C70_EColi1166_2,C50_EColi1167_2,C40_EColi1167_2,C30_EColi1167_2
EColi1167_2,C95_EColi1167_2,C90_EColi1167_2,C70_EColi1167_2,C50_EColi1167_2,C40_EColi1167_2,C30_EColi1167_2
EColi1168_1,C95_EColi1168_1,C90_EColi1168_1,C70_EColi1168_1,C50_EColi1092_0,C40_EColi1092_0,C30_EColi1092_0
EColi1169_0,C95_EColi1169_0,C90_EColi1169_0,C70_EColi1169_0,C50_EColi1169_0,C40_EColi1169_0,C30_EColi1169_0
EColi1170_1,C95_EColi1170_1,C90_EColi1170_1,C70_EColi1170_1,C50_EColi1170_1,C40_EColi1170_1,C30_EColi1170_1
EColi1171_1,C95_EColi1171_1,C90_EColi1171_1,C70_EColi1171_1,C50_EColi1171_1,C40_EColi1171_1,C30_EColi1171_1
EColi1172_0,C95_EColi1172_0,C90_EColi1172_0,C70_EColi1172_0,C50_EColi1172_0,C40_EColi1172_0,C30_EColi1172_0
EColi1173_2,C95_EColi1173_2,C90_EColi1173_2,C70_EColi1173_2,C50_EColi1173_2,C40_EColi1173_2,C30_EColi1173_2
EColi1174_2,C95_EColi1174_2,C90_EColi1174_2,C70_EColi1174_2,C50_EColi1174_2,C40_EColi1174_2,C30_EColi1174_2
EColi1175_1,C95_EColi1175_1,C90_EColi1175_1,C70_EColi1175_1,C50_EColi1175_1,C40_EColi1175_1,C30_EColi4635_0
EColi1176_2,C95_EColi1176_2,C90_EColi1176_2,C70_EColi1176_2,C50_EColi1176_2,C40_EColi1176_2,C30_EColi5469_2
EColi1177_0,C95_EColi1177_0,C90_EColi1177_0,C70_EColi1177_0,C50_EColi1177_0,C40_EColi1177_0,C30_EColi625_1
EColi1178_1,C95_EColi1178_1,C90_EColi1178_1,C70_EColi1178_1,C50_EColi1178_1,C40_EColi1178_1,C30_EColi1178_1
EColi1179_0,C95_EColi1179_0,C90_EColi1179_0,C70_EColi1179_0,C50_EColi1179_0,C40_EColi1179_0,C30_EColi1179_0
EColi1180_1,C95_EColi1180_1,C90_EColi1180_1,C70_EColi1180_1,C50_EColi1180_1,C40_EColi1180_1,C30_EColi1180_1
EColi1181_0,C95_EColi1181_0,C90_EColi1181_0,C70_EColi1181_0,C50_EColi1181_0,C40_EColi1181_0,C30_EColi1181_0
EColi1182_1,C95_EColi1182_1,C90_EColi1182_1,C70_EColi1182_1,C50_EColi1182_1,C40_EColi1182_1,C30_EColi1182_1
EColi1183_2,C95_EColi1183_2,C90_EColi1183_2,C70_EColi1183_2,C50_EColi1183_2,C40_EColi1183_2,C30_EColi1183_2
EColi1184_2,C95_EColi1184_2,C90_EColi1184_2,C70_EColi1184_2,C50_EColi1184_2,C40_EColi1184_2,C30_EColi1184_2
EColi1185_1,C95_EColi1185_1,C90_EColi1185_1,C70_EColi1185_1,C50_EColi1185_1,C40_EColi1185_1,C30_EColi4236_0
EColi1186_1,C95_EColi1186_1,C90_EColi1186_1,C70_EColi1186_1,C50_EColi1186_1,C40_EColi1186_1,C30_EColi2366_0
EColi1187_0,C95_EColi1187_0,C90_EColi1187_0,C70_EColi1187_0,C50_EColi1187_0,C40_EColi1187_0,C30_EColi1187_0
EColi1188_0,C95_EColi1188_0,C90_EColi1188_0,C70_EColi1188_0,C50_EColi1188_0,C40_EColi1188_0,C30_EColi1188_0
EColi1189_2,C95_EColi1189_2,C90_EColi1189_2,C70_EColi1189_2,C50_EColi1189_2,C40_EColi1189_2,C30_EColi1189_2
EColi1190_0,C95_EColi1190_0,C90_EColi1190_0,C70_EColi1190_0,C50_EColi1190_0,C40_EColi1190_0,C30_EColi1190_0
EColi1191_0,C95_EColi1191_0,C90_EColi1191_0,C70_EColi1191_0,C50_EColi1191_0,C40_EColi1095_2,C30_EColi1095_2
EColi1192_2,C95_EColi1192_2,C90_EColi1192_2,C70_EColi1192_2,C50_EColi1192_2,C40_EColi1192_2,C30_EColi1192_2
EColi1193_1,C95_EColi1193_1,C90_EColi1193_1,C70_EColi1193_1,C50_EColi1193_1,C40_EColi1193_1,C30_EColi6064_0
EColi1194_1,C95_EColi1194_1,C90_EColi1194_1,C70_EColi1194_1,C50_EColi1194_1,C40_EColi1194_1,C30_EColi1194_1
EColi1195_2,C95_EColi1195_2,C90_EColi1195_2,C70_EColi1195_2,C50_EColi1195_2,C40_EColi1195_2,C30_EColi322_0
EColi1196_2,C95_EColi1196_2,C90_EColi1196_2,C70_EColi1196_2,C50_EColi1196_2,C40_EColi1196_2,C30_EColi1196_2
EColi1197_2,C95_EColi1197_2,C90_EColi1197_2,C70_EColi1197_2,C50_EColi1197_2,C40_EColi1197_2,C30_EColi1197_2
EColi1198_1,C95_EColi1198_1,C90_EColi1198_1,C70_EColi1198_1,C50_EColi1198_1,C40_EColi1198_1,C30_EColi1198_1
EColi1199_1,C95_EColi1199_1,C90_EColi1199_1,C70_EColi1199_1,C50_EColi1199_1,C40_EColi1199_1,C30_EColi2276_0
EColi1200_1,C95_EColi1200_1,C90_EColi1200_1,C70_EColi1200_1,C50_EColi1200_1,C40_EColi1200_1,C30_EColi1200_1
EColi1201_1,C95_EColi1201_1,C90_EColi1201_1,C70_EColi1201_1,C50_EColi1201_1,C40_EColi1201_1,C30_EColi1201_1
EColi1202_0,C95_EColi1202_0,C90_EColi1202_0,C70_EColi1202_0,C50_EColi1202_0,C40_EColi5535_0,C30_EColi5535_0
EColi1203_2,C95_EColi1203_2,C90_EColi1203_2,C70_EColi1203_2,C50_EColi1203_2,C40_EColi5535_0,C30_EColi5535_0
EColi1204_0,C95_EColi1204_0,C90_EColi1204_0,C70_EColi1204_0,C50_EColi1204_0,C40_EColi3263_1,C30_EColi3263_1
EColi1205_2,C95_EColi1205_2,C90_EColi1205_2,C70_EColi1205_2,C50_EColi1205_2,C40_EColi2_2,C30_EColi321_0
EColi1206_2,C95_EColi1206_2,C90_EColi1206_2,C70_EColi1206_2,C50_EColi1206_2,C40_EColi1206_2,C30_EColi1206_2
EColi1207_2,C95_EColi1207_2,C90_EColi1207_2,C70_EColi1207_2,C50_EColi1207_2,C40_EColi1207_2,C30_EColi5338_1
EColi1208_2,C95_EColi1208_2,C90_EColi1208_2,C70_EColi1208_2,C50_EColi1208_2,C40_EColi1208_2,C30_EColi1208_2
EColi1209_1,C95_EColi1209_1,C90_EColi1209_1,C70_EColi1209_1,C50_EColi1209_1,C40_EColi1209_1,C30_EColi1217_0
EColi1210_0,C95_EColi1210_0,C90_EColi1210_0,C70_EColi1210_0,C50_EColi1210_0,C40_EColi1210_0,C30_EColi1210_0
EColi1211_0,C95_EColi1211_0,C90_EColi1211_0,C70_EColi1211_0,C50_EColi1211_0,C40_EColi1211_0,C30_EColi1217_0
EColi1212_1,C95_EColi1212_1,C90_EColi1212_1,C70_EColi1212_1,C50_EColi1083_1,C40_EColi3004_0,C30_EColi3004_0
EColi1213_2,C95_EColi1213_2,C90_EColi1213_2,C70_EColi1213_2,C50_EColi1213_2,C40_EColi1213_2,C30_EColi1654_0
EColi1214_0,C95_EColi1214_0,C90_EColi1214_0,C70_EColi1214_0,C50_EColi1214_0,C40_EColi1214_0,C30_EColi1214_0
EColi1215_2,C95_EColi1215_2,C90_EColi1215_2,C70_EColi1215_2,C50_EColi1215_2,C40_EColi1215_2,C30_EColi1215_2
EColi1216_2,C95_EColi1216_2,C90_EColi1216_2,C70_EColi1216_2,C50_EColi1216_2,C40_EColi1216_2,C30_EColi5309_0
EColi1217_0,C95_EColi1217_0,C90_EColi1217_0,C70_EColi1217_0,C50_EColi1217_0,C40_EColi1217_0,C30_EColi1217_0
EColi1218_2,C95_EColi1218_2,C90_EColi1218_2,C70_EColi1218_2,C50_EColi5236_1,C40_EColi5236_1,C30_EColi5236_1
EColi1219_0,C95_EColi1219_0,C90_EColi1219_0,C70_EColi1219_0,C50_EColi1219_0,C40_EColi1219_0,C30_EColi1219_0
EColi1220_0,C95_EColi1220_0,C90_EColi1220_0,C70_EColi1220_0,C50_EColi1220_0,C40_EColi1220_0,C30_EColi1220_0
EColi1221_0,C95_EColi1221_0,C90_EColi1221_0,C70_EColi1221_0,C50_EColi1221_0,C40_EColi1221_0,C30_EColi1221_0
EColi1222_0,C95_EColi1222_0,C90_EColi1222_0,C70_EColi1222_0,C50_EColi1222_0,C40_EColi1222_0,C30_EColi1222_0
EColi1223_1,C95_EColi1223_1,C90_EColi1223_1,C70_EColi1223_1,C50_EColi1223_1,C40_EColi1223_1,C30_EColi1223_1
EColi1224_1,C95_EColi1224_1,C90_EColi1224_1,C70_EColi1224_1,C50_EColi1224_1,C40_EColi1224_1,C30_EColi1224_1
EColi1225_1,C95_EColi1225_1,C90_EColi1225_1,C70_EColi1225_1,C50_EColi1225_1,C40_EColi1225_1,C30_EColi1225_1
EColi1226_0,C95_EColi1226_0,C90_EColi1226_0,C70_EColi1226_0,C50_EColi1226_0,C40_EColi1226_0,C30_EColi1223_1
EColi1227_1,C95_EColi1227_1,C90_EColi1227_1,C70_EColi1227_1,C50_EColi1087_0,C40_EColi1087_0,C30_EColi1087_0
EColi1228_0,C95_EColi1228_0,C90_EColi1228_0,C70_EColi1228_0,C50_EColi1228_0,C40_EColi1228_0,C30_EColi1228_0
EColi1229_2,C95_EColi1229_2,C90_EColi1229_2,C70_EColi1229_2,C50_EColi1229_2,C40_EColi1229_2,C30_EColi1229_2
EColi1230_0,C95_EColi1230_0,C90_EColi1230_0,C70_EColi1230_0,C50_EColi1230_0,C40_EColi1230_0,C30_EColi1230_0
EColi1231_2,C95_EColi1231_2,C90_EColi1231_2,C70_EColi1231_2,C50_EColi1231_2,C40_EColi1231_2,C30_EColi1231_2
EColi1232_0,C95_EColi1232_0,C90_EColi1232_0,C70_EColi1232_0,C50_EColi1232_0,C40_EColi1232_0,C30_EColi1232_0
EColi1233_2,C95_EColi1233_2,C90_EColi1233_2,C70_EColi1233_2,C50_EColi1233_2,C40_EColi1233_2,C30_EColi1233_2
EColi1234_2,C95_EColi1234_2,C90_EColi1234_2,C70_EColi1234_2,C50_EColi1086_0,C40_EColi1086_0,C30_EColi1086_0
EColi1235_0,C95_EColi1235_0,C90_EColi1235_0,C70_EColi1235_0,C50_EColi2578_2,C40_EColi2578_2,C30_EColi2578_2
EColi1236_2,C95_EColi1236_2,C90_EColi1236_2,C70_EColi1236_2,C50_EColi1236_2,C40_EColi1236_2,C30_EColi1236_2
EColi1237_2,C95_EColi1237_2,C90_EColi1237_2,C70_EColi1237_2,C50_EColi1237_2,C40_EColi1237_2,C30_EColi1237_2
EColi1238_2,C95_EColi1238_2,C90_EColi1238_2,C70_EColi1238_2,C50_EColi1238_2,C40_EColi2761_2,C30_EColi1231_2
EColi1239_0,C95_EColi1239_0,C90_EColi1239_0,C70_EColi1239_0,C50_EColi1239_0,C40_EColi570_0,C30_EColi570_0
EColi1240_0,C95_EColi1240_0,C90_EColi1240_0,C70_EColi1240_0,C50_EColi1240_0,C40_EColi1240_0,C30_EColi145_2
EColi1241_2,C95_EColi1241_2,C90_EColi1241_2,C70_EColi1241_2,C50_EColi1241_2,C40_EColi1241_2,C30_EColi1102_1
EColi1242_0,C95_EColi1242_0,C90_EColi1242_0,C70_EColi1242_0,C50_EColi1242_0,C40_EColi1240_0,C30_EColi145_2
EColi1243_1,C95_EColi1243_1,C90_EColi1243_1,C70_EColi1243_1,C50_EColi1243_1,C40_EColi1243_1,C30_EColi1243_1
EColi1244_2,C95_EColi1244_2,C90_EColi1244_2,C70_EColi1244_2,C50_EColi1244_2,C40_EColi1244_2,C30_EColi1244_2
EColi1245_0,C95_EColi1245_0,C90_EColi1245_0,C70_EColi1245_0,C50_EColi1245_0,C40_EColi1106_1,C30_EColi1106_1
EColi1246_0,C95_EColi1246_0,C90_EColi1246_0,C70_EColi1246_0,C50_EColi1246_0,C40_EColi1246_0,C30_EColi1246_0
EColi1247_1,C95_EColi1247_1,C90_EColi1247_1,C70_EColi1247_1,C50_EColi1247_1,C40_EColi1247_1,C30_EColi3536_1
EColi1248_2,C95_EColi1248_2,C90_EColi1248_2,C70_EColi1248_2,C50_EColi1248_2,C40_EColi1248_2,C30_EColi821_2
EColi1249_2,C95_EColi1249_2,C90_EColi1249_2,C70_EColi1249_2,C50_EColi1249_2,C40_EColi1249_2,C30_EColi1249_2
EColi1250_2,C95_EColi1250_2,C90_EColi1250_2,C70_EColi1250_2,C50_EColi1250_2,C40_EColi1250_2,C30_EColi1250_2
EColi1251_0,C95_EColi1251_0,C90_EColi1251_0,C70_EColi1251_0,C50_EColi1251_0,C40_EColi1251_0,C30_EColi1251_0
EColi1252_2,C95_EColi1252_2,C90_EColi1252_2,C70_EColi1252_2,C50_EColi1252_2,C40_EColi1252_2,C30_EColi1253_2
EColi1253_2,C95_EColi1253_2,C90_EColi1253_2,C70_EColi1253_2,C50_EColi1253_2,C40_EColi1253_2,C30_EColi1253_2
EColi1254_2,C95_EColi1254_2,C90_EColi1254_2,C70_EColi1254_2,C50_EColi957_0,C40_EColi957_0,C30_EColi957_0
EColi1255_2,C95_EColi1255_2,C90_EColi1255_2,C70_EColi1255_2,C50_EColi1255_2,C40_EColi1255_2,C30_EColi1255_2
EColi1256_2,C95_EColi1256_2,C90_EColi1256_2,C70_EColi1256_2,C50_EColi1797_2,C40_EColi1400_1,C30_EColi1400_1
EColi1257_1,C95_EColi1257_1,C90_EColi1257_1,C70_EColi1257_1,C50_EColi1257_1,C40_EColi1257_1,C30_EColi2798_2
EColi1258_2,C95_EColi1258_2,C90_EColi1258_2,C70_EColi1258_2,C50_EColi1258_2,C40_EColi1258_2,C30_EColi3836_0
EColi1259_2,C95_EColi1259_2,C90_EColi1259_2,C70_EColi1259_2,C50_EColi1259_2,C40_EColi1259_2,C30_EColi1259_2
EColi1260_1,C95_EColi1260_1,C90_EColi1260_1,C70_EColi1260_1,C50_EColi1260_1,C40_EColi1260_1,C30_EColi1260_1
EColi1261_2,C95_EColi1261_2,C90_EColi1261_2,C70_EColi1261_2,C50_EColi1261_2,C40_EColi1261_2,C30_EColi1261_2
EColi1262_1,C95_EColi1262_1,C90_EColi1262_1,C70_EColi1262_1,C50_EColi1262_1,C40_EColi1262_1,C30_EColi1262_1
EColi1263_2,C95_EColi1263_2,C90_EColi1263_2,C70_EColi1263_2,C50_EColi1263_2,C40_EColi1263_2,C30_EColi1263_2
EColi1264_0,C95_EColi1264_0,C90_EColi1264_0,C70_EColi1264_0,C50_EColi1264_0,C40_EColi1264_0,C30_EColi1264_0
EColi1265_1,C95_EColi1265_1,C90_EColi1265_1,C70_EColi1265_1,C50_EColi1265_1,C40_EColi2890_0,C30_EColi4180_1
EColi1266_0,C95_EColi1266_0,C90_EColi1266_0,C70_EColi1266_0,C50_EColi1266_0,C40_EColi1266_0,C30_EColi1243_1
EColi1267_1,C95_EColi1267_1,C90_EColi1267_1,C70_EColi1267_1,C50_EColi1267_1,C40_EColi1267_1,C30_EColi3262_1
EColi1268_0,C95_EColi1268_0,C90_EColi1268_0,C70_EColi1268_0,C50_EColi1268_0,C40_EColi1268_0,C30_EColi1268_0
EColi1269_1,C95_EColi1269_1,C90_EColi1269_1,C70_EColi1269_1,C50_EColi1269_1,C40_EColi1269_1,C30_EColi1269_1
EColi1270_1,C95_EColi1270_1,C90_EColi1270_1,C70_EColi1270_1,C50_EColi1270_1,C40_EColi1270_1,C30_EColi3952_2
EColi1271_1,C95_EColi1271_1,C90_EColi1271_1,C70_EColi1271_1,C50_EColi1271_1,C40_EColi1271_1,C30_EColi1271_1
EColi1272_0,C95_EColi1272_0,C90_EColi1272_0,C70_EColi1272_0,C50_EColi1272_0,C40_EColi1272_0,C30_EColi1272_0
EColi1273_0,C95_EColi1273_0,C90_EColi1273_0,C70_EColi1273_0,C50_EColi1273_0,C40_EColi168_1,C30_EColi172_0
EColi1274_2,C95_EColi1274_2,C90_EColi1274_2,C70_EColi1274_2,C50_EColi1274_2,C40_EColi1274_2,C30_EColi1274_2
EColi1275_0,C95_EColi1275_0,C90_EColi1275_0,C70_EColi1275_0,C50_EColi1275_0,C40_EColi1275_0,C30_EColi1275_0
EColi1276_2,C95_EColi1276_2,C90_EColi1276_2,C70_EColi1276_2,C50_EColi1276_2,C40_EColi1276_2,C30_EColi1276_2
EColi1277_0,C95_EColi1277_0,C90_EColi1277_0,C70_EColi1277_0,C50_EColi1277_0,C40_EColi1277_0,C30_EColi1277_0
EColi1278_2,C95_EColi1278_2,C90_EColi1278_2,C70_EColi1278_2,C50_EColi1014_1,C40_EColi527_0,C30_EColi527_0
EColi1279_0,C95_EColi1279_0,C90_EColi1279_0,C70_EColi1279_0,C50_EColi1279_0,C40_EColi1279_0,C30_EColi4789_0
EColi1280_0,C95_EColi1280_0,C90_EColi1280_0,C70_EColi1280_0,C50_EColi1280_0,C40_EColi1280_0,C30_EColi1017_0
EColi1281_1,C95_EColi1281_1,C90_EColi1281_1,C70_EColi1281_1,C50_EColi1281_1,C40_EColi1281_1,C30_EColi1281_1
EColi1282_0,C95_EColi1282_0,C90_EColi1282_0,C70_EColi1282_0,C50_EColi1282_0,C40_EColi1282_0,C30_EColi4965_1
EColi1283_0,C95_EColi1283_0,C90_EColi1283_0,C70_EColi1283_0,C50_EColi1283_0,C40_EColi1283_0,C30_EColi1305_0
EColi1284_0,C95_EColi1284_0,C90_EColi1284_0,C70_EColi1284_0,C50_EColi5787_1,C40_EColi1284_0,C30_EColi3898_0
EColi1285_0,C95_EColi1285_0,C90_EColi1285_0,C70_EColi1285_0,C50_EColi1285_0,C40_EColi1309_0,C30_EColi1309_0
EColi1286_0,C95_EColi1286_0,C90_EColi1286_0,C70_EColi1286_0,C50_EColi1286_0,C40_EColi1286_0,C30_EColi1286_0
EColi1287_2,C95_EColi1287_2,C90_EColi1287_2,C70_EColi1287_2,C50_EColi1287_2,C40_EColi1287_2,C30_EColi1287_2
EColi1288_2,C95_EColi1288_2,C90_EColi1288_2,C70_EColi1288_2,C50_EColi1288_2,C40_EColi1288_2,C30_EColi1288_2
EColi1289_1,C95_EColi1289_1,C90_EColi1289_1,C70_EColi1289_1,C50_EColi1289_1,C40_EColi1289_1,C30_EColi1007_1
EColi1290_1,C95_EColi1290_1,C90_EColi1290_1,C70_EColi1290_1,C50_EColi1290_1,C40_EColi1290_1,C30_EColi1290_1
EColi1291_2,C95_EColi1291_2,C90_EColi1291_2,C70_EColi1291_2,C50_EColi1291_2,C40_EColi1291_2,C30_EColi5680_0
EColi1292_0,C95_EColi1292_0,C90_EColi1292_0,C70_EColi1292_0,C50_EColi1007_1,C40_EColi1007_1,C30_EColi1007_1
EColi1293_2,C95_EColi1293_2,C90_EColi1293_2,C70_EColi1293_2,C50_EColi1293_2,C40_EColi1293_2,C30_EColi1293_2
EColi1294_1,C95_EColi1294_1,C90_EColi1294_1,C70_EColi1294_1,C50_EColi1294_1,C40_EColi1323_1,C30_EColi1295_0
EColi1295_0,C95_EColi1295_0,C90_EColi1295_0,C70_EColi1295_0,C50_EColi1295_0,C40_EColi1295_0,C30_EColi1295_0
EColi1296_0,C95_EColi1296_0,C90_EColi1296_0,C70_EColi1296_0,C50_EColi1296_0,C40_EColi1296_0,C30_EColi1296_0
EColi1297_2,C95_EColi1297_2,C90_EColi1297_2,C70_EColi1297_2,C50_EColi1297_2,C40_EColi3688_2,C30_EColi6166_2
EColi1298_2,C95_EColi1298_2,C90_EColi1298_2,C70_EColi1298_2,C50_EColi1014_1,C40_EColi527_0,C30_EColi527_0
EColi1299_2,C95_EColi1299_2,C90_EColi1299_2,C70_EColi1299_2,C50_EColi1299_2,C40_EColi1299_2,C30_EColi1299_2
EColi1300_2,C95_EColi1300_2,C90_EColi1300_2,C70_EColi1300_2,C50_EColi1300_2,C40_EColi1300_2,C30_EColi3254_2
EColi1301_0,C95_EColi1301_0,C90_EColi1301_0,C70_EColi1301_0,C50_EColi1301_0,C40_EColi3261_0,C30_EColi3261_0
EColi1302_1,C95_EColi1302_1,C90_EColi1302_1,C70_EColi1302_1,C50_EColi1302_1,C40_EColi1302_1,C30_EColi1302_1
EColi1303_1,C95_EColi1303_1,C90_EColi1303_1,C70_EColi1303_1,C50_EColi1303_1,C40_EColi1303_1,C30_EColi998_2
EColi1304_0,C95_EColi1304_0,C90_EColi1304_0,C70_EColi1304_0,C50_EColi1304_0,C40_EColi1304_0,C30_EColi1304_0
EColi1305_0,C95_EColi1305_0,C90_EColi1305_0,C70_EColi1305_0,C50_EColi1305_0,C40_EColi1283_0,C30_EColi1305_0
EColi1306_0,C95_EColi1306_0,C90_EColi1306_0,C70_EColi1306_0,C50_EColi1306_0,C40_EColi1306_0,C30_EColi1306_0
EColi1307_2,C95_EColi1307_2,C90_EColi1307_2,C70_EColi1307_2,C50_EColi1307_2,C40_EColi901_0,C30_EColi901_0
EColi1308_0,C95_EColi1308_0,C90_EColi1308_0,C70_EColi1308_0,C50_EColi1308_0,C40_EColi1308_0,C30_EColi1308_0
EColi1309_0,C95_EColi1309_0,C90_EColi1309_0,C70_EColi1309_0,C50_EColi1309_0,C40_EColi1309_0,C30_EColi1309_0
EColi1310_0,C95_EColi1310_0,C90_EColi1310_0,C70_EColi1310_0,C50_EColi1310_0,C40_EColi1310_0,C30_EColi1310_0
EColi1311_1,C95_EColi1311_1,C90_EColi1311_1,C70_EColi1311_1,C50_EColi2635_0,C40_EColi2635_0,C30_EColi2635_0
EColi1312_2,C95_EColi1312_2,C90_EColi1312_2,C70_EColi1312_2,C50_EColi2963_1,C40_EColi2963_1,C30_EColi3750_2
EColi1313_0,C95_EColi1313_0,C90_EColi1313_0,C70_EColi1313_0,C50_EColi1313_0,C40_EColi1313_0,C30_EColi1313_0
EColi1314_1,C95_EColi1314_1,C90_EColi1314_1,C70_EColi1314_1,C50_EColi1314_1,C40_EColi3416_1,C30_EColi3416_1
EColi1315_1,C95_EColi1315_1,C90_EColi1315_1,C70_EColi1315_1,C50_EColi1315_1,C40_EColi1315_1,C30_EColi5482_2
EColi1316_1,C95_EColi1316_1,C90_EColi1316_1,C70_EColi1316_1,C50_EColi1316_1,C40_EColi1316_1,C30_EColi3419_1
EColi1317_0,C95_EColi1317_0,C90_EColi1317_0,C70_EColi1317_0,C50_EColi1317_0,C40_EColi1317_0,C30_EColi1742_1
EColi1318_2,C95_EColi1318_2,C90_EColi1318_2,C70_EColi1318_2,C50_EColi1318_2,C40_EColi1318_2,C30_EColi1318_2
EColi1319_0,C95_EColi1319_0,C90_EColi1319_0,C70_EColi1319_0,C50_EColi1319_0,C40_EColi1319_0,C30_EColi4434_2
EColi1320_0,C95_EColi1320_0,C90_EColi1320_0,C70_EColi1320_0,C50_EColi1320_0,C40_EColi4956_0,C30_EColi3606_2
EColi1321_1,C95_EColi1321_1,C90_EColi1321_1,C70_EColi1321_1,C50_EColi6304_1,C40_EColi6304_1,C30_EColi1321_1
EColi1322_0,C95_EColi1322_0,C90_EColi1322_0,C70_EColi1322_0,C50_EColi1322_0,C40_EColi1322_0,C30_EColi1322_0
EColi1323_1,C95_EColi1323_1,C90_EColi1323_1,C70_EColi1323_1,C50_EColi1323_1,C40_EColi1323_1,C30_EColi1008_0
EColi1324_0,C95_EColi1324_0,C90_EColi1324_0,C70_EColi1324_0,C50_EColi1324_0,C40_EColi1324_0,C30_EColi3856_0
EColi1325_2,C95_EColi1325_2,C90_EColi1325_2,C70_EColi1325_2,C50_EColi1325_2,C40_EColi1325_2,C30_EColi1325_2
EColi1326_0,C95_EColi1326_0,C90_EColi1326_0,C70_EColi1326_0,C50_EColi1326_0,C40_EColi1326_0,C30_EColi4366_0
EColi1327_2,C95_EColi1327_2,C90_EColi1327_2,C70_EColi1327_2,C50_EColi1327_2,C40_EColi1327_2,C30_EColi3381_1
EColi1328_2,C95_EColi1328_2,C90_EColi1328_2,C70_EColi1328_2,C50_EColi1328_2,C40_EColi1328_2,C30_EColi880_0
EColi1329_2,C95_EColi1329_2,C90_EColi1329_2,C70_EColi1329_2,C50_EColi1329_2,C40_EColi1015_0,C30_EColi2918_0
EColi1330_1,C95_EColi1330_1,C90_EColi1330_1,C70_EColi1330_1,C50_EColi1330_1,C40_EColi1015_0,C30_EColi2918_0
EColi1331_2,C95_EColi1331_2,C90_EColi1331_2,C70_EColi1331_2,C50_EColi1331_2,C40_EColi1331_2,C30_EColi1017_0
EColi1332_2,C95_EColi1332_2,C90_EColi1332_2,C70_EColi1332_2,C50_EColi1332_2,C40_EColi1332_2,C30_EColi1332_2
EColi1333_2,C95_EColi1333_2,C90_EColi1333_2,C70_EColi1333_2,C50_EColi1462_2,C40_EColi440_2,C30_EColi440_2
EColi1334_1,C95_EColi1334_1,C90_EColi1334_1,C70_EColi1334_1,C50_EColi1334_1,C40_EColi3924_1,C30_EColi1577_0
EColi1335_1,C95_EColi1335_1,C90_EColi1335_1,C70_EColi1335_1,C50_EColi1335_1,C40_EColi1335_1,C30_EColi1335_1
EColi1336_1,C95_EColi1336_1,C90_EColi1336_1,C70_EColi1336_1,C50_EColi1336_1,C40_EColi1336_1,C30_EColi1336_1
EColi1337_1,C95_EColi1337_1,C90_EColi1337_1,C70_EColi1337_1,C50_EColi1337_1,C40_EColi1337_1,C30_EColi1337_1
EColi1338_2,C95_EColi1338_2,C90_EColi1338_2,C70_EColi1338_2,C50_EColi1338_2,C40_EColi921_2,C30_EColi921_2
EColi1339_1,C95_EColi1339_1,C90_EColi1339_1,C70_EColi1339_1,C50_EColi1339_1,C40_EColi1339_1,C30_EColi1650_1
EColi1340_1,C95_EColi1340_1,C90_EColi1340_1,C70_EColi1340_1,C50_EColi457_2,C40_EColi3583_1,C30_EColi1650_1
EColi1341_1,C95_EColi1341_1,C90_EColi1341_1,C70_EColi1341_1,C50_EColi1341_1,C40_EColi1341_1,C30_EColi1341_1
EColi1342_2,C95_EColi1342_2,C90_EColi1342_2,C70_EColi1342_2,C50_EColi1342_2,C40_EColi1342_2,C30_EColi1342_2
EColi1343_2,C95_EColi1343_2,C90_EColi1343_2,C70_EColi1343_2,C50_EColi1343_2,C40_EColi1343_2,C30_EColi1343_2
EColi1344_2,C95_EColi1344_2,C90_EColi1344_2,C70_EColi1344_2,C50_EColi1344_2,C40_EColi1344_2,C30_EColi1344_2
EColi1345_2,C95_EColi1345_2,C90_EColi1345_2,C70_EColi1345_2,C50_EColi1345_2,C40_EColi1345_2,C30_EColi1345_2
EColi1346_0,C95_EColi1346_0,C90_EColi1346_0,C70_EColi1346_0,C50_EColi1346_0,C40_EColi1346_0,C30_EColi656_0
EColi1347_2,C95_EColi1347_2,C90_EColi1347_2,C70_EColi1347_2,C50_EColi1347_2,C40_EColi1347_2,C30_EColi1347_2
EColi1348_1,C95_EColi1348_1,C90_EColi1348_1,C70_EColi1348_1,C50_EColi1348_1,C40_EColi1348_1,C30_EColi1348_1
EColi1349_2,C95_EColi1349_2,C90_EColi1349_2,C70_EColi1349_2,C50_EColi1349_2,C40_EColi1349_2,C30_EColi1349_2
EColi1350_2,C95_EColi1350_2,C90_EColi1350_2,C70_EColi1350_2,C50_EColi1350_2,C40_EColi1350_2,C30_EColi1350_2
EColi1351_2,C95_EColi1351_2,C90_EColi1351_2,C70_EColi1351_2,C50_EColi1351_2,C40_EColi1351_2,C30_EColi1342_2
EColi1352_1,C95_EColi1352_1,C90_EColi1352_1,C70_EColi1352_1,C50_EColi1352_1,C40_EColi1352_1,C30_EColi1352_1
EColi1353_0,C95_EColi1353_0,C90_EColi1353_0,C70_EColi1353_0,C50_EColi1353_0,C40_EColi1353_0,C30_EColi1353_0
EColi1354_2,C95_EColi1354_2,C90_EColi1354_2,C70_EColi1354_2,C50_EColi1354_2,C40_EColi1354_2,C30_EColi1354_2
EColi1355_2,C95_EColi1355_2,C90_EColi1355_2,C70_EColi1355_2,C50_EColi1355_2,C40_EColi1355_2,C30_EColi1355_2
EColi1356_1,C95_EColi1356_1,C90_EColi1356_1,C70_EColi1356_1,C50_EColi1356_1,C40_EColi4435_1,C30_EColi356_1
EColi1357_1,C95_EColi1357_1,C90_EColi1357_1,C70_EColi1357_1,C50_EColi1357_1,C40_EColi3172_2,C30_EColi1357_1
EColi1358_2,C95_EColi1358_2,C90_EColi1358_2,C70_EColi1358_2,C50_EColi1358_2,C40_EColi3972_1,C30_EColi1357_1
EColi1359_2,C95_EColi1359_2,C90_EColi1359_2,C70_EColi1359_2,C50_EColi1359_2,C40_EColi1359_2,C30_EColi1657_2
EColi1360_0,C95_EColi1360_0,C90_EColi1360_0,C70_EColi1360_0,C50_EColi1360_0,C40_EColi1360_0,C30_EColi1360_0
EColi1361_1,C95_EColi1361_1,C90_EColi1361_1,C70_EColi1361_1,C50_EColi1361_1,C40_EColi2764_2,C30_EColi2764_2
EColi1362_1,C95_EColi1362_1,C90_EColi1362_1,C70_EColi1362_1,C50_EColi1362_1,C40_EColi1362_1,C30_EColi1362_1
EColi1363_1,C95_EColi1363_1,C90_EColi1363_1,C70_EColi1363_1,C50_EColi1363_1,C40_EColi1363_1,C30_EColi1363_1
EColi1364_1,C95_EColi1364_1,C90_EColi1364_1,C70_EColi1364_1,C50_EColi1364_1,C40_EColi1364_1,C30_EColi5585_2
EColi1365_2,C95_EColi1365_2,C90_EColi1365_2,C70_EColi1365_2,C50_EColi1365_2,C40_EColi1365_2,C30_EColi3026_0
EColi1366_0,C95_EColi1366_0,C90_EColi1366_0,C70_EColi1366_0,C50_EColi1366_0,C40_EColi1366_0,C30_EColi1366_0
EColi1367_0,C95_EColi1367_0,C90_EColi1367_0,C70_EColi1367_0,C50_EColi1367_0,C40_EColi1367_0,C30_EColi1367_0
EColi1368_0,C95_EColi1368_0,C90_EColi1368_0,C70_EColi1368_0,C50_EColi1368_0,C40_EColi1368_0,C30_EColi4374_0
EColi1369_1,C95_EColi1369_1,C90_EColi1369_1,C70_EColi1369_1,C50_EColi1369_1,C40_EColi6342_1,C30_EColi6342_1
EColi1370_0,C95_EColi1370_0,C90_EColi1370_0,C70_EColi1370_0,C50_EColi1370_0,C40_EColi1370_0,C30_EColi827_2
EColi1371_0,C95_EColi1371_0,C90_EColi1371_0,C70_EColi1371_0,C50_EColi1371_0,C40_EColi1371_0,C30_EColi3725_0
EColi1372_2,C95_EColi1372_2,C90_EColi1372_2,C70_EColi1372_2,C50_EColi1372_2,C40_EColi1372_2,C30_EColi1372_2
EColi1373_0,C95_EColi1373_0,C90_EColi1373_0,C70_EColi1373_0,C50_EColi1373_0,C40_EColi1373_0,C30_EColi1373_0
EColi1374_0,C95_EColi1374_0,C90_EColi1374_0,C70_EColi1374_0,C50_EColi1374_0,C40_EColi6156_0,C30_EColi6156_0
EColi1375_0,C95_EColi1375_0,C90_EColi1375_0,C70_EColi1375_0,C50_EColi1375_0,C40_EColi1375_0,C30_EColi1375_0
EColi1376_1,C95_EColi1376_1,C90_EColi1376_1,C70_EColi1376_1,C50_EColi1376_1,C40_EColi1376_1,C30_EColi1376_1
EColi1377_1,C95_EColi1377_1,C90_EColi1377_1,C70_EColi1377_1,C50_EColi1377_1,C40_EColi1377_1,C30_EColi4409_2
EColi1378_0,C95_EColi1378_0,C90_EColi1378_0,C70_EColi1378_0,C50_EColi1251_0,C40_EColi1251_0,C30_EColi1251_0
EColi1379_2,C95_EColi1379_2,C90_EColi1379_2,C70_EColi1379_2,C50_EColi1379_2,C40_EColi1379_2,C30_EColi1379_2
EColi1380_1,C95_EColi1380_1,C90_EColi1380_1,C70_EColi1380_1,C50_EColi1380_1,C40_EColi1380_1,C30_EColi674_0
EColi1381_1,C95_EColi1381_1,C90_EColi1381_1,C70_EColi1381_1,C50_EColi1381_1,C40_EColi1381_1,C30_EColi2817_2
EColi1382_1,C95_EColi1382_1,C90_EColi1382_1,C70_EColi1382_1,C50_EColi1382_1,C40_EColi1382_1,C30_EColi656_0
EColi1383_2,C95_EColi1383_2,C90_EColi1383_2,C70_EColi1383_2,C50_EColi1383_2,C40_EColi1383_2,C30_EColi1383_2
EColi1384_1,C95_EColi1384_1,C90_EColi1384_1,C70_EColi1384_1,C50_EColi1384_1,C40_EColi1384_1,C30_EColi1384_1
EColi1385_0,C95_EColi1385_0,C90_EColi1385_0,C70_EColi1385_0,C50_EColi1385_0,C40_EColi3381_1,C30_EColi3381_1
EColi1386_0,C95_EColi1386_0,C90_EColi1386_0,C70_EColi1386_0,C50_EColi1386_0,C40_EColi5222_1,C30_EColi1446_0
EColi1387_0,C95_EColi1387_0,C90_EColi1387_0,C70_EColi1387_0,C50_EColi1387_0,C40_EColi1387_0,C30_EColi1387_0
EColi1388_0,C95_EColi1388_0,C90_EColi1388_0,C70_EColi1388_0,C50_EColi1388_0,C40_EColi1388_0,C30_EColi1388_0
EColi1389_2,C95_EColi1389_2,C90_EColi1389_2,C70_EColi1389_2,C50_EColi2105_2,C40_EColi2105_2,C30_EColi2105_2
EColi1390_2,C95_EColi1390_2,C90_EColi1390_2,C70_EColi1390_2,C50_EColi1390_2,C40_EColi1390_2,C30_EColi1390_2
EColi1391_1,C95_EColi1391_1,C90_EColi1391_1,C70_EColi1391_1,C50_EColi1391_1,C40_EColi1391_1,C30_EColi4023_2
EColi1392_0,C95_EColi1392_0,C90_EColi1392_0,C70_EColi1392_0,C50_EColi1392_0,C40_EColi1392_0,C30_EColi1392_0
EColi1393_1,C95_EColi1393_1,C90_EColi1393_1,C70_EColi1393_1,C50_EColi1393_1,C40_EColi4725_0,C30_EColi4725_0
EColi1394_2,C95_EColi1394_2,C90_EColi1394_2,C70_EColi1394_2,C50_EColi1394_2,C40_EColi1394_2,C30_EColi1394_2
EColi1395_2,C95_EColi1395_2,C90_EColi1395_2,C70_EColi1395_2,C50_EColi1395_2,C40_EColi1395_2,C30_EColi3460_0
EColi1396_1,C95_EColi1396_1,C90_EColi1396_1,C70_EColi1396_1,C50_EColi1396_1,C40_EColi1981_1,C30_EColi1981_1
EColi1397_2,C95_EColi1397_2,C90_EColi1397_2,C70_EColi1397_2,C50_EColi1397_2,C40_EColi1397_2,C30_EColi1399_0
EColi1398_1,C95_EColi1398_1,C90_EColi1398_1,C70_EColi1398_1,C50_EColi1398_1,C40_EColi4757_2,C30_EColi4757_2
EColi1399_0,C95_EColi1399_0,C90_EColi1399_0,C70_EColi1399_0,C50_EColi1399_0,C40_EColi1399_0,C30_EColi1399_0
EColi3100_2,C95_EColi3100_2,C90_EColi3100_2,C70_EColi3100_2,C50_EColi3100_2,C40_EColi3100_2,C30_EColi3100_2
EColi3101_0,C95_EColi3101_0,C90_EColi3101_0,C70_EColi3101_0,C50_EColi3709_2,C40_EColi3709_2,C30_EColi1243_1
EColi3102_2,C95_EColi3102_2,C90_EColi3102_2,C70_EColi3102_2,C50_EColi3102_2,C40_EColi3102_2,C30_EColi3102_2
EColi3103_1,C95_EColi3103_1,C90_EColi3103_1,C70_EColi3103_1,C50_EColi3103_1,C40_EColi3103_1,C30_EColi3103_1
EColi3104_2,C95_EColi3104_2,C90_EColi3104_2,C70_EColi3104_2,C50_EColi3104_2,C40_EColi3104_2,C30_EColi3104_2
EColi3105_2,C95_EColi3105_2,C90_EColi3105_2,C70_EColi3105_2,C50_EColi3105_2,C40_EColi3105_2,C30_EColi3105_2
EColi3106_0,C95_EColi3106_0,C90_EColi3106_0,C70_EColi3106_0,C50_EColi3106_0,C40_EColi2549_2,C30_EColi2549_2
EColi3107_0,C95_EColi3107_0,C90_EColi3107_0,C70_EColi3107_0,C50_EColi3107_0,C40_EColi3107_0,C30_EColi3107_0
EColi3108_1,C95_EColi3108_1,C90_EColi3108_1,C70_EColi3108_1,C50_EColi3108_1,C40_EColi3108_1,C30_EColi3108_1
EColi3109_2,C95_EColi3109_2,C90_EColi3109_2,C70_EColi3109_2,C50_EColi3109_2,C40_EColi3109_2,C30_EColi5594_0
EColi3110_0,C95_EColi3110_0,C90_EColi3110_0,C70_EColi3110_0,C50_EColi3110_0,C40_EColi6156_0,C30_EColi6156_0
EColi3111_0,C95_EColi3111_0,C90_EColi3111_0,C70_EColi3111_0,C50_EColi3726_2,C40_EColi3726_2,C30_EColi3726_2
EColi3112_2,C95_EColi3112_2,C90_EColi3112_2,C70_EColi3112_2,C50_EColi5041_2,C40_EColi5041_2,C30_EColi5041_2
EColi3113_0,C95_EColi3113_0,C90_EColi3113_0,C70_EColi3113_0,C50_EColi3725_0,C40_EColi1371_0,C30_EColi3725_0
EColi3114_2,C95_EColi3114_2,C90_EColi3114_2,C70_EColi3114_2,C50_EColi3114_2,C40_EColi3114_2,C30_EColi3114_2
EColi3115_2,C95_EColi3115_2,C90_EColi3115_2,C70_EColi3115_2,C50_EColi3115_2,C40_EColi3115_2,C30_EColi3115_2
EColi3116_0,C95_EColi3116_0,C90_EColi3116_0,C70_EColi3116_0,C50_EColi3727_1,C40_EColi3727_1,C30_EColi1308_0
EColi3117_0,C95_EColi3117_0,C90_EColi3117_0,C70_EColi3117_0,C50_EColi3117_0,C40_EColi3117_0,C30_EColi3117_0
EColi3118_1,C95_EColi3118_1,C90_EColi3118_1,C70_EColi3118_1,C50_EColi3118_1,C40_EColi518_0,C30_EColi3118_1
EColi3119_0,C95_EColi3119_0,C90_EColi3119_0,C70_EColi3119_0,C50_EColi3733_0,C40_EColi3733_0,C30_EColi3733_0
EColi3120_0,C95_EColi3120_0,C90_EColi3120_0,C70_EColi3120_0,C50_EColi3120_0,C40_EColi3120_0,C30_EColi3120_0
EColi3121_0,C95_EColi3121_0,C90_EColi3121_0,C70_EColi3121_0,C50_EColi3121_0,C40_EColi3121_0,C30_EColi3121_0
EColi3122_2,C95_EColi3122_2,C90_EColi3122_2,C70_EColi3122_2,C50_EColi3122_2,C40_EColi3122_2,C30_EColi3122_2
EColi3123_0,C95_EColi3123_0,C90_EColi3123_0,C70_EColi3123_0,C50_EColi5206_1,C40_EColi3737_2,C30_EColi3737_2
EColi3124_0,C95_EColi3124_0,C90_EColi3124_0,C70_EColi3124_0,C50_EColi3124_0,C40_EColi3124_0,C30_EColi3124_0
EColi3125_2,C95_EColi3125_2,C90_EColi3125_2,C70_EColi3125_2,C50_EColi3125_2,C40_EColi6209_1,C30_EColi6209_1
EColi3126_0,C95_EColi3126_0,C90_EColi3126_0,C70_EColi3126_0,C50_EColi3126_0,C40_EColi6209_1,C30_EColi6209_1
EColi3127_0,C95_EColi3127_0,C90_EColi3127_0,C70_EColi3127_0,C50_EColi3127_0,C40_EColi3127_0,C30_EColi3127_0
EColi3128_0,C95_EColi3128_0,C90_EColi3128_0,C70_EColi3128_0,C50_EColi3752_0,C40_EColi3752_0,C30_EColi3752_0
EColi3129_0,C95_EColi3129_0,C90_EColi3129_0,C70_EColi3129_0,C50_EColi3129_0,C40_EColi3758_0,C30_EColi3758_0
EColi3130_2,C95_EColi3130_2,C90_EColi3130_2,C70_EColi3130_2,C50_EColi3130_2,C40_EColi3130_2,C30_EColi3130_2
EColi3131_2,C95_EColi3131_2,C90_EColi3131_2,C70_EColi3131_2,C50_EColi4546_0,C40_EColi4546_0,C30_EColi4546_0
EColi3132_0,C95_EColi3132_0,C90_EColi3132_0,C70_EColi3132_0,C50_EColi3132_0,C40_EColi3132_0,C30_EColi2653_2
EColi3133_2,C95_EColi3133_2,C90_EColi3133_2,C70_EColi3133_2,C50_EColi3133_2,C40_EColi3133_2,C30_EColi3133_2
EColi3134_2,C95_EColi3134_2,C90_EColi3134_2,C70_EColi3134_2,C50_EColi3134_2,C40_EColi3134_2,C30_EColi3134_2
EColi3135_0,C95_EColi3135_0,C90_EColi3135_0,C70_EColi3135_0,C50_EColi3135_0,C40_EColi3135_0,C30_EColi3135_0
EColi3136_1,C95_EColi3136_1,C90_EColi3136_1,C70_EColi3136_1,C50_EColi3136_1,C40_EColi3136_1,C30_EColi674_0
EColi3137_2,C95_EColi3137_2,C90_EColi3137_2,C70_EColi3137_2,C50_EColi210_2,C40_EColi4093_1,C30_EColi2630_0
EColi3138_0,C95_EColi3138_0,C90_EColi3138_0,C70_EColi3138_0,C50_EColi3138_0,C40_EColi3138_0,C30_EColi4096_0
EColi3139_0,C95_EColi3139_0,C90_EColi3139_0,C70_EColi3139_0,C50_EColi3139_0,C40_EColi1384_1,C30_EColi1384_1
EColi3140_2,C95_EColi3140_2,C90_EColi3140_2,C70_EColi3140_2,C50_EColi3140_2,C40_EColi3140_2,C30_EColi3140_2
EColi3141_1,C95_EColi3141_1,C90_EColi3141_1,C70_EColi3141_1,C50_EColi3141_1,C40_EColi3141_1,C30_EColi3141_1
EColi3142_0,C95_EColi3142_0,C90_EColi3142_0,C70_EColi3142_0,C50_EColi3142_0,C40_EColi3142_0,C30_EColi5908_0
EColi3143_1,C95_EColi3143_1,C90_EColi3143_1,C70_EColi3143_1,C50_EColi3143_1,C40_EColi3143_1,C30_EColi3143_1
EColi3144_0,C95_EColi3144_0,C90_EColi3144_0,C70_EColi3144_0,C50_EColi4043_1,C40_EColi4043_1,C30_EColi4043_1
EColi3145_2,C95_EColi3145_2,C90_EColi3145_2,C70_EColi3145_2,C50_EColi3145_2,C40_EColi3145_2,C30_EColi1387_0
EColi3146_2,C95_EColi3146_2,C90_EColi3146_2,C70_EColi3146_2,C50_EColi3146_2,C40_EColi3146_2,C30_EColi3384_2
EColi3147_0,C95_EColi3147_0,C90_EColi3147_0,C70_EColi3147_0,C50_EColi3147_0,C40_EColi3147_0,C30_EColi1390_2
EColi3148_2,C95_EColi3148_2,C90_EColi3148_2,C70_EColi3148_2,C50_EColi3148_2,C40_EColi2693_2,C30_EColi2693_2
EColi3149_2,C95_EColi3149_2,C90_EColi3149_2,C70_EColi3149_2,C50_EColi3149_2,C40_EColi3149_2,C30_EColi1701_1
EColi3150_2,C95_EColi3150_2,C90_EColi3150_2,C70_EColi3150_2,C50_EColi3150_2,C40_EColi3150_2,C30_EColi3150_2
EColi3151_2,C95_EColi3151_2,C90_EColi3151_2,C70_EColi3151_2,C50_EColi3151_2,C40_EColi3151_2,C30_EColi3926_0
EColi3152_1,C95_EColi3152_1,C90_EColi3152_1,C70_EColi3152_1,C50_EColi3152_1,C40_EColi3152_1,C30_EColi3154_0
EColi3153_2,C95_EColi3153_2,C90_EColi3153_2,C70_EColi3153_2,C50_EColi3153_2,C40_EColi3153_2,C30_EColi5043_0
EColi3154_0,C95_EColi3154_0,C90_EColi3154_0,C70_EColi3154_0,C50_EColi3154_0,C40_EColi3154_0,C30_EColi3154_0
EColi3155_1,C95_EColi3155_1,C90_EColi3155_1,C70_EColi3155_1,C50_EColi3155_1,C40_EColi3155_1,C30_EColi3155_1
EColi3156_2,C95_EColi3156_2,C90_EColi3156_2,C70_EColi3156_2,C50_EColi3156_2,C40_EColi3156_2,C30_EColi3156_2
EColi3157_2,C95_EColi3157_2,C90_EColi3157_2,C70_EColi3157_2,C50_EColi3157_2,C40_EColi3157_2,C30_EColi4813_0
EColi3158_2,C95_EColi3158_2,C90_EColi3158_2,C70_EColi3158_2,C50_EColi3158_2,C40_EColi1981_1,C30_EColi1981_1
EColi3159_2,C95_EColi3159_2,C90_EColi3159_2,C70_EColi3159_2,C50_EColi1595_1,C40_EColi3159_2,C30_EColi46_2
EColi3160_0,C95_EColi3160_0,C90_EColi3160_0,C70_EColi3160_0,C50_EColi3160_0,C40_EColi3934_1,C30_EColi43_1
EColi3161_2,C95_EColi3161_2,C90_EColi3161_2,C70_EColi3161_2,C50_EColi3161_2,C40_EColi3161_2,C30_EColi6221_1
EColi3162_1,C95_EColi3162_1,C90_EColi3162_1,C70_EColi3162_1,C50_EColi3162_1,C40_EColi3935_1,C30_EColi3935_1
EColi3163_0,C95_EColi3163_0,C90_EColi3163_0,C70_EColi3163_0,C50_EColi1990_2,C40_EColi3163_0,C30_EColi4695_0
EColi3164_1,C95_EColi3164_1,C90_EColi3164_1,C70_EColi3164_1,C50_EColi3164_1,C40_EColi3164_1,C30_EColi4940_1
EColi3165_1,C95_EColi3165_1,C90_EColi3165_1,C70_EColi3165_1,C50_EColi4602_1,C40_EColi105_1,C30_EColi105_1
EColi3166_1,C95_EColi3166_1,C90_EColi3166_1,C70_EColi3166_1,C50_EColi3166_1,C40_EColi1381_1,C30_EColi2817_2
EColi3167_2,C95_EColi3167_2,C90_EColi3167_2,C70_EColi3167_2,C50_EColi329_0,C40_EColi4930_1,C30_EColi4930_1
EColi3168_0,C95_EColi3168_0,C90_EColi3168_0,C70_EColi3168_0,C50_EColi3168_0,C40_EColi3168_0,C30_EColi3168_0
EColi3169_1,C95_EColi3169_1,C90_EColi3169_1,C70_EColi3169_1,C50_EColi4016_1,C40_EColi2503_1,C30_EColi50_2
EColi3170_0,C95_EColi3170_0,C90_EColi3170_0,C70_EColi3170_0,C50_EColi3170_0,C40_EColi3170_0,C30_EColi1656_1
EColi3171_1,C95_EColi3171_1,C90_EColi3171_1,C70_EColi3171_1,C50_EColi3171_1,C40_EColi759_2,C30_EColi759_2
EColi3172_2,C95_EColi3172_2,C90_EColi3172_2,C70_EColi3172_2,C50_EColi3172_2,C40_EColi3172_2,C30_EColi1357_1
EColi3173_0,C95_EColi3173_0,C90_EColi3173_0,C70_EColi3173_0,C50_EColi3173_0,C40_EColi3173_0,C30_EColi3173_0
EColi3174_2,C95_EColi3174_2,C90_EColi3174_2,C70_EColi3174_2,C50_EColi4049_2,C40_EColi1359_2,C30_EColi3174_2
EColi3175_2,C95_EColi3175_2,C90_EColi3175_2,C70_EColi3175_2,C50_EColi3175_2,C40_EColi3175_2,C30_EColi555_2
EColi3176_2,C95_EColi3176_2,C90_EColi3176_2,C70_EColi3176_2,C50_EColi3176_2,C40_EColi3176_2,C30_EColi3176_2
EColi3177_1,C95_EColi3177_1,C90_EColi3177_1,C70_EColi3177_1,C50_EColi3177_1,C40_EColi3177_1,C30_EColi3177_1
EColi3178_2,C95_EColi3178_2,C90_EColi3178_2,C70_EColi3178_2,C50_EColi3944_2,C40_EColi3944_2,C30_EColi6340_1
EColi3179_0,C95_EColi3179_0,C90_EColi3179_0,C70_EColi3179_0,C50_EColi3978_1,C40_EColi4830_0,C30_EColi4830_0
EColi3180_2,C95_EColi3180_2,C90_EColi3180_2,C70_EColi3180_2,C50_EColi3180_2,C40_EColi3180_2,C30_EColi3180_2
EColi3181_1,C95_EColi3181_1,C90_EColi3181_1,C70_EColi3181_1,C50_EColi3181_1,C40_EColi154_0,C30_EColi154_0
EColi3182_2,C95_EColi3182_2,C90_EColi3182_2,C70_EColi3182_2,C50_EColi3182_2,C40_EColi3182_2,C30_EColi3182_2
EColi3183_2,C95_EColi3183_2,C90_EColi3183_2,C70_EColi3183_2,C50_EColi3183_2,C40_EColi5598_2,C30_EColi5598_2
EColi3184_0,C95_EColi3184_0,C90_EColi3184_0,C70_EColi3184_0,C50_EColi3184_0,C40_EColi3184_0,C30_EColi3184_0
EColi3185_0,C95_EColi3185_0,C90_EColi3185_0,C70_EColi3185_0,C50_EColi3185_0,C40_EColi3185_0,C30_EColi3185_0
EColi3186_0,C95_EColi3186_0,C90_EColi3186_0,C70_EColi3186_0,C50_EColi3186_0,C40_EColi3186_0,C30_EColi3186_0
EColi3187_1,C95_EColi3187_1,C90_EColi3187_1,C70_EColi3187_1,C50_EColi3187_1,C40_EColi3187_1,C30_EColi936_0
EColi3188_2,C95_EColi3188_2,C90_EColi3188_2,C70_EColi3188_2,C50_EColi3188_2,C40_EColi3188_2,C30_EColi3188_2
EColi3189_2,C95_EColi3189_2,C90_EColi3189_2,C70_EColi3189_2,C50_EColi2657_2,C40_EColi2811_1,C30_EColi2811_1
EColi3190_2,C95_EColi3190_2,C90_EColi3190_2,C70_EColi3190_2,C50_EColi3190_2,C40_EColi4204_2,C30_EColi2281_0
EColi3191_2,C95_EColi3191_2,C90_EColi3191_2,C70_EColi3191_2,C50_EColi3191_2,C40_EColi3191_2,C30_EColi3191_2
EColi3192_0,C95_EColi3192_0,C90_EColi3192_0,C70_EColi3192_0,C50_EColi3192_0,C40_EColi3192_0,C30_EColi3192_0
EColi3193_2,C95_EColi3193_2,C90_EColi3193_2,C70_EColi3193_2,C50_EColi3193_2,C40_EColi827_2,C30_EColi5404_2
EColi3194_2,C95_EColi3194_2,C90_EColi3194_2,C70_EColi3194_2,C50_EColi3194_2,C40_EColi3194_2,C30_EColi3194_2
EColi3195_2,C95_EColi3195_2,C90_EColi3195_2,C70_EColi3195_2,C50_EColi3195_2,C40_EColi3195_2,C30_EColi3195_2
EColi3196_2,C95_EColi3196_2,C90_EColi3196_2,C70_EColi3196_2,C50_EColi3196_2,C40_EColi4069_1,C30_EColi4069_1
EColi3197_1,C95_EColi3197_1,C90_EColi3197_1,C70_EColi3197_1,C50_EColi3197_1,C40_EColi3197_1,C30_EColi4069_1
EColi3198_2,C95_EColi3198_2,C90_EColi3198_2,C70_EColi3198_2,C50_EColi4703_2,C40_EColi4703_2,C30_EColi4703_2
EColi3199_0,C95_EColi3199_0,C90_EColi3199_0,C70_EColi3199_0,C50_EColi3199_0,C40_EColi1375_0,C30_EColi1375_0
EColi3400_2,C95_EColi3400_2,C90_EColi3400_2,C70_EColi3400_2,C50_EColi3400_2,C40_EColi3400_2,C30_EColi3400_2
EColi3401_1,C95_EColi3401_1,C90_EColi3401_1,C70_EColi3401_1,C50_EColi3401_1,C40_EColi2503_1,C30_EColi50_2
EColi3402_1,C95_EColi3402_1,C90_EColi3402_1,C70_EColi3402_1,C50_EColi5602_0,C40_EColi5602_0,C30_EColi5602_0
EColi3403_0,C95_EColi3403_0,C90_EColi3403_0,C70_EColi3403_0,C50_EColi3403_0,C40_EColi2504_2,C30_EColi3403_0
EColi3404_1,C95_EColi3404_1,C90_EColi3404_1,C70_EColi3404_1,C50_EColi3404_1,C40_EColi3404_1,C30_EColi4413_0
EColi3405_0,C95_EColi3405_0,C90_EColi3405_0,C70_EColi3405_0,C50_EColi3405_0,C40_EColi3405_0,C30_EColi3405_0
EColi3406_0,C95_EColi3406_0,C90_EColi3406_0,C70_EColi3406_0,C50_EColi1656_1,C40_EColi1656_1,C30_EColi1656_1
EColi3407_2,C95_EColi3407_2,C90_EColi3407_2,C70_EColi3407_2,C50_EColi3407_2,C40_EColi3407_2,C30_EColi3407_2
EColi3408_0,C95_EColi3408_0,C90_EColi3408_0,C70_EColi3408_0,C50_EColi692_0,C40_EColi2958_0,C30_EColi4350_0
EColi3409_0,C95_EColi3409_0,C90_EColi3409_0,C70_EColi3409_0,C50_EColi4598_0,C40_EColi4495_0,C30_EColi111_2
EColi3410_2,C95_EColi3410_2,C90_EColi3410_2,C70_EColi3410_2,C50_EColi3410_2,C40_EColi5926_1,C30_EColi5926_1
EColi3411_1,C95_EColi3411_1,C90_EColi3411_1,C70_EColi3411_1,C50_EColi3411_1,C40_EColi3400_2,C30_EColi3400_2
EColi3412_0,C95_EColi3412_0,C90_EColi3412_0,C70_EColi3412_0,C50_EColi3412_0,C40_EColi3412_0,C30_EColi6099_1
EColi3413_2,C95_EColi3413_2,C90_EColi3413_2,C70_EColi3413_2,C50_EColi3413_2,C40_EColi3413_2,C30_EColi3413_2
EColi3414_0,C95_EColi3414_0,C90_EColi3414_0,C70_EColi3414_0,C50_EColi1657_2,C40_EColi1657_2,C30_EColi1657_2
EColi3415_2,C95_EColi3415_2,C90_EColi3415_2,C70_EColi3415_2,C50_EColi3415_2,C40_EColi3415_2,C30_EColi6340_1
EColi3416_1,C95_EColi3416_1,C90_EColi3416_1,C70_EColi3416_1,C50_EColi3416_1,C40_EColi3416_1,C30_EColi3416_1
EColi3417_1,C95_EColi3417_1,C90_EColi3417_1,C70_EColi3417_1,C50_EColi4678_2,C40_EColi4546_0,C30_EColi4546_0
EColi3418_2,C95_EColi3418_2,C90_EColi3418_2,C70_EColi3418_2,C50_EColi3418_2,C40_EColi3418_2,C30_EColi3418_2
EColi3419_1,C95_EColi3419_1,C90_EColi3419_1,C70_EColi3419_1,C50_EColi3419_1,C40_EColi3419_1,C30_EColi3419_1
EColi3420_2,C95_EColi3420_2,C90_EColi3420_2,C70_EColi3420_2,C50_EColi3420_2,C40_EColi3420_2,C30_EColi784_1
EColi3421_2,C95_EColi3421_2,C90_EColi3421_2,C70_EColi3421_2,C50_EColi3421_2,C40_EColi3421_2,C30_EColi3421_2
EColi3422_1,C95_EColi3422_1,C90_EColi3422_1,C70_EColi3422_1,C50_EColi3422_1,C40_EColi3422_1,C30_EColi3422_1
EColi3423_1,C95_EColi3423_1,C90_EColi3423_1,C70_EColi3423_1,C50_EColi3423_1,C40_EColi3423_1,C30_EColi3423_1
EColi3424_0,C95_EColi3424_0,C90_EColi3424_0,C70_EColi3424_0,C50_EColi3424_0,C40_EColi3424_0,C30_EColi3424_0
EColi3425_2,C95_EColi3425_2,C90_EColi3425_2,C70_EColi3425_2,C50_EColi3425_2,C40_EColi3425_2,C30_EColi3425_2
EColi3426_2,C95_EColi3426_2,C90_EColi3426_2,C70_EColi3426_2,C50_EColi3426_2,C40_EColi3426_2,C30_EColi3426_2
EColi3427_2,C95_EColi3427_2,C90_EColi3427_2,C70_EColi3427_2,C50_EColi3427_2,C40_EColi3427_2,C30_EColi3427_2
EColi3428_0,C95_EColi3428_0,C90_EColi3428_0,C70_EColi3428_0,C50_EColi3215_1,C40_EColi2717_0,C30_EColi2717_0
EColi3429_2,C95_EColi3429_2,C90_EColi3429_2,C70_EColi3429_2,C50_EColi2305_2,C40_EColi2305_2,C30_EColi2305_2
EColi3430_2,C95_EColi3430_2,C90_EColi3430_2,C70_EColi3430_2,C50_EColi3430_2,C40_EColi3430_2,C30_EColi3430_2
EColi3431_1,C95_EColi3431_1,C90_EColi3431_1,C70_EColi3431_1,C50_EColi3431_1,C40_EColi3431_1,C30_EColi1084_1
EColi3432_0,C95_EColi3432_0,C90_EColi3432_0,C70_EColi3432_0,C50_EColi6043_0,C40_EColi6043_0,C30_EColi3438_0
EColi3433_1,C95_EColi3433_1,C90_EColi3433_1,C70_EColi3433_1,C50_EColi3433_1,C40_EColi3433_1,C30_EColi3433_1
EColi3434_1,C95_EColi3434_1,C90_EColi3434_1,C70_EColi3434_1,C50_EColi6043_0,C40_EColi3438_0,C30_EColi3219_1
EColi3435_2,C95_EColi3435_2,C90_EColi3435_2,C70_EColi3435_2,C50_EColi3435_2,C40_EColi3435_2,C30_EColi3435_2
EColi3436_1,C95_EColi3436_1,C90_EColi3436_1,C70_EColi3436_1,C50_EColi3437_1,C40_EColi3437_1,C30_EColi3437_1
EColi3437_1,C95_EColi3437_1,C90_EColi3437_1,C70_EColi3437_1,C50_EColi3437_1,C40_EColi3437_1,C30_EColi3437_1
EColi3438_0,C95_EColi3438_0,C90_EColi3438_0,C70_EColi3438_0,C50_EColi3438_0,C40_EColi3438_0,C30_EColi3438_0
EColi3439_0,C95_EColi3439_0,C90_EColi3439_0,C70_EColi3439_0,C50_EColi3439_0,C40_EColi5451_0,C30_EColi5451_0
EColi3440_1,C95_EColi3440_1,C90_EColi3440_1,C70_EColi3440_1,C50_EColi5451_0,C40_EColi5451_0,C30_EColi5451_0
EColi3441_0,C95_EColi3441_0,C90_EColi3441_0,C70_EColi3441_0,C50_EColi3441_0,C40_EColi3243_0,C30_EColi3243_0
EColi3442_2,C95_EColi3442_2,C90_EColi3442_2,C70_EColi3442_2,C50_EColi2982_0,C40_EColi2982_0,C30_EColi2982_0
EColi3443_1,C95_EColi3443_1,C90_EColi3443_1,C70_EColi3443_1,C50_EColi3235_2,C40_EColi2021_2,C30_EColi6029_0
EColi3444_2,C95_EColi3444_2,C90_EColi3444_2,C70_EColi3444_2,C50_EColi3444_2,C40_EColi3444_2,C30_EColi3444_2
EColi3445_0,C95_EColi3445_0,C90_EColi3445_0,C70_EColi3445_0,C50_EColi3445_0,C40_EColi3445_0,C30_EColi3445_0
EColi3446_1,C95_EColi3446_1,C90_EColi3446_1,C70_EColi3446_1,C50_EColi3446_1,C40_EColi3446_1,C30_EColi3446_1
EColi3447_0,C95_EColi3447_0,C90_EColi3447_0,C70_EColi3447_0,C50_EColi3447_0,C40_EColi4883_0,C30_EColi4883_0
EColi3448_2,C95_EColi3448_2,C90_EColi3448_2,C70_EColi3448_2,C50_EColi3448_2,C40_EColi3448_2,C30_EColi3448_2
EColi3449_2,C95_EColi3449_2,C90_EColi3449_2,C70_EColi3449_2,C50_EColi3449_2,C40_EColi3449_2,C30_EColi5129_0
EColi3450_2,C95_EColi3450_2,C90_EColi3450_2,C70_EColi3450_2,C50_EColi3450_2,C40_EColi3450_2,C30_EColi3450_2
EColi3451_1,C95_EColi3451_1,C90_EColi3451_1,C70_EColi3451_1,C50_EColi3451_1,C40_EColi3451_1,C30_EColi660_0
EColi3452_2,C95_EColi3452_2,C90_EColi3452_2,C70_EColi3452_2,C50_EColi3452_2,C40_EColi3452_2,C30_EColi3452_2
EColi3453_0,C95_EColi3453_0,C90_EColi3453_0,C70_EColi3453_0,C50_EColi3453_0,C40_EColi3453_0,C30_EColi3453_0
EColi3454_2,C95_EColi3454_2,C90_EColi3454_2,C70_EColi3454_2,C50_EColi3454_2,C40_EColi3454_2,C30_EColi1573_0
EColi3455_1,C95_EColi3455_1,C90_EColi3455_1,C70_EColi3455_1,C50_EColi3455_1,C40_EColi3455_1,C30_EColi3455_1
EColi3456_2,C95_EColi3456_2,C90_EColi3456_2,C70_EColi3456_2,C50_EColi5101_1,C40_EColi5101_1,C30_EColi5101_1
EColi3457_2,C95_EColi3457_2,C90_EColi3457_2,C70_EColi3457_2,C50_EColi3457_2,C40_EColi3457_2,C30_EColi2049_1
EColi3458_2,C95_EColi3458_2,C90_EColi3458_2,C70_EColi3458_2,C50_EColi3458_2,C40_EColi2047_1,C30_EColi4348_0
EColi3459_2,C95_EColi3459_2,C90_EColi3459_2,C70_EColi3459_2,C50_EColi279_2,C40_EColi279_2,C30_EColi279_2
EColi3460_0,C95_EColi3460_0,C90_EColi3460_0,C70_EColi3460_0,C50_EColi3460_0,C40_EColi3460_0,C30_EColi3460_0
EColi3461_2,C95_EColi3461_2,C90_EColi3461_2,C70_EColi3461_2,C50_EColi3240_2,C40_EColi3240_2,C30_EColi3240_2
EColi3462_0,C95_EColi3462_0,C90_EColi3462_0,C70_EColi3462_0,C50_EColi3462_0,C40_EColi3462_0,C30_EColi3462_0
EColi3463_2,C95_EColi3463_2,C90_EColi3463_2,C70_EColi3463_2,C50_EColi3463_2,C40_EColi3463_2,C30_EColi3463_2
EColi3464_1,C95_EColi3464_1,C90_EColi3464_1,C70_EColi3464_1,C50_EColi3464_1,C40_EColi3464_1,C30_EColi2111_0
EColi3465_0,C95_EColi3465_0,C90_EColi3465_0,C70_EColi3465_0,C50_EColi3465_0,C40_EColi5309_0,C30_EColi5309_0
EColi3466_2,C95_EColi3466_2,C90_EColi3466_2,C70_EColi3466_2,C50_EColi3466_2,C40_EColi3466_2,C30_EColi3466_2
EColi3467_1,C95_EColi3467_1,C90_EColi3467_1,C70_EColi3467_1,C50_EColi892_1,C40_EColi892_1,C30_EColi1349_2
EColi3468_0,C95_EColi3468_0,C90_EColi3468_0,C70_EColi3468_0,C50_EColi3468_0,C40_EColi2253_1,C30_EColi2253_1
EColi3469_2,C95_EColi3469_2,C90_EColi3469_2,C70_EColi3469_2,C50_EColi5441_2,C40_EColi5439_2,C30_EColi5439_2
EColi3470_1,C95_EColi3470_1,C90_EColi3470_1,C70_EColi3470_1,C50_EColi3470_1,C40_EColi3470_1,C30_EColi3470_1
EColi3471_2,C95_EColi3471_2,C90_EColi3471_2,C70_EColi3471_2,C50_EColi3471_2,C40_EColi3471_2,C30_EColi390_0
EColi3472_1,C95_EColi3472_1,C90_EColi3472_1,C70_EColi3472_1,C50_EColi3093_2,C40_EColi3093_2,C30_EColi3093_2
EColi3473_2,C95_EColi3473_2,C90_EColi3473_2,C70_EColi3473_2,C50_EColi3473_2,C40_EColi3473_2,C30_EColi3473_2
EColi3474_2,C95_EColi3474_2,C90_EColi3474_2,C70_EColi3474_2,C50_EColi3474_2,C40_EColi3474_2,C30_EColi3474_2
EColi3475_1,C95_EColi3475_1,C90_EColi3475_1,C70_EColi3475_1,C50_EColi3475_1,C40_EColi1469_2,C30_EColi1469_2
EColi3476_2,C95_EColi3476_2,C90_EColi3476_2,C70_EColi3476_2,C50_EColi3476_2,C40_EColi4440_2,C30_EColi5981_2
EColi3477_2,C95_EColi3477_2,C90_EColi3477_2,C70_EColi3477_2,C50_EColi3477_2,C40_EColi3477_2,C30_EColi3477_2
EColi3478_2,C95_EColi3478_2,C90_EColi3478_2,C70_EColi3478_2,C50_EColi3478_2,C40_EColi3478_2,C30_EColi3478_2
EColi3479_2,C95_EColi3479_2,C90_EColi3479_2,C70_EColi3479_2,C50_EColi3479_2,C40_EColi3479_2,C30_EColi625_1
EColi3480_1,C95_EColi3480_1,C90_EColi3480_1,C70_EColi3480_1,C50_EColi3480_1,C40_EColi3480_1,C30_EColi5905_2
EColi3481_1,C95_EColi3481_1,C90_EColi3481_1,C70_EColi3481_1,C50_EColi3481_1,C40_EColi3481_1,C30_EColi3481_1
EColi3482_2,C95_EColi3482_2,C90_EColi3482_2,C70_EColi3482_2,C50_EColi5888_1,C40_EColi5888_1,C30_EColi5888_1
EColi3483_0,C95_EColi3483_0,C90_EColi3483_0,C70_EColi3483_0,C50_EColi1193_1,C40_EColi1193_1,C30_EColi6064_0
EColi3484_0,C95_EColi3484_0,C90_EColi3484_0,C70_EColi3484_0,C50_EColi3484_0,C40_EColi6181_2,C30_EColi3004_0
EColi3485_2,C95_EColi3485_2,C90_EColi3485_2,C70_EColi3485_2,C50_EColi3485_2,C40_EColi183_2,C30_EColi183_2
EColi3486_2,C95_EColi3486_2,C90_EColi3486_2,C70_EColi3486_2,C50_EColi3486_2,C40_EColi3486_2,C30_EColi65_0
EColi3487_2,C95_EColi3487_2,C90_EColi3487_2,C70_EColi3487_2,C50_EColi3487_2,C40_EColi3487_2,C30_EColi3487_2
EColi3488_0,C95_EColi3488_0,C90_EColi3488_0,C70_EColi3488_0,C50_EColi3488_0,C40_EColi3488_0,C30_EColi3488_0
EColi3489_0,C95_EColi3489_0,C90_EColi3489_0,C70_EColi3489_0,C50_EColi3489_0,C40_EColi1090_0,C30_EColi1090_0
EColi3490_1,C95_EColi3490_1,C90_EColi3490_1,C70_EColi3490_1,C50_EColi3490_1,C40_EColi3490_1,C30_EColi3490_1
EColi3491_2,C95_EColi3491_2,C90_EColi3491_2,C70_EColi3491_2,C50_EColi3491_2,C40_EColi1967_1,C30_EColi2499_1
EColi3492_0,C95_EColi3492_0,C90_EColi3492_0,C70_EColi3492_0,C50_EColi6254_1,C40_EColi6254_1,C30_EColi6254_1
EColi3493_0,C95_EColi3493_0,C90_EColi3493_0,C70_EColi3493_0,C50_EColi3493_0,C40_EColi3493_0,C30_EColi3493_0
EColi3494_0,C95_EColi3494_0,C90_EColi3494_0,C70_EColi3494_0,C50_EColi3494_0,C40_EColi3494_0,C30_EColi3494_0
EColi3495_0,C95_EColi3495_0,C90_EColi3495_0,C70_EColi3495_0,C50_EColi3495_0,C40_EColi3495_0,C30_EColi5535_0
EColi3496_1,C95_EColi3496_1,C90_EColi3496_1,C70_EColi3496_1,C50_EColi3495_0,C40_EColi3495_0,C30_EColi5535_0
EColi3497_0,C95_EColi3497_0,C90_EColi3497_0,C70_EColi3497_0,C50_EColi3497_0,C40_EColi1196_2,C30_EColi1196_2
EColi3498_2,C95_EColi3498_2,C90_EColi3498_2,C70_EColi3498_2,C50_EColi5535_0,C40_EColi5535_0,C30_EColi5535_0
EColi3499_0,C95_EColi3499_0,C90_EColi3499_0,C70_EColi3499_0,C50_EColi2276_0,C40_EColi2276_0,C30_EColi2276_0
EColi3600_2,C95_EColi3600_2,C90_EColi3600_2,C70_EColi3600_2,C50_EColi3600_2,C40_EColi3600_2,C30_EColi1997_2
EColi3601_1,C95_EColi3601_1,C90_EColi3601_1,C70_EColi3601_1,C50_EColi3601_1,C40_EColi3601_1,C30_EColi3601_1
EColi3602_1,C95_EColi3602_1,C90_EColi3602_1,C70_EColi3602_1,C50_EColi3602_1,C40_EColi3602_1,C30_EColi3602_1
EColi3603_1,C95_EColi3603_1,C90_EColi3603_1,C70_EColi3603_1,C50_EColi3603_1,C40_EColi3603_1,C30_EColi3603_1
EColi3604_0,C95_EColi3604_0,C90_EColi3604_0,C70_EColi3604_0,C50_EColi3604_0,C40_EColi3604_0,C30_EColi987_2
EColi3605_0,C95_EColi3605_0,C90_EColi3605_0,C70_EColi3605_0,C50_EColi2229_2,C40_EColi2229_2,C30_EColi4115_0
EColi3606_2,C95_EColi3606_2,C90_EColi3606_2,C70_EColi3606_2,C50_EColi3606_2,C40_EColi3606_2,C30_EColi3606_2
EColi3607_0,C95_EColi3607_0,C90_EColi3607_0,C70_EColi3607_0,C50_EColi3607_0,C40_EColi3607_0,C30_EColi4115_0
EColi3608_1,C95_EColi3608_1,C90_EColi3608_1,C70_EColi3608_1,C50_EColi3608_1,C40_EColi3608_1,C30_EColi3474_2
EColi3609_0,C95_EColi3609_0,C90_EColi3609_0,C70_EColi3609_0,C50_EColi2237_1,C40_EColi2237_1,C30_EColi625_1
EColi3610_0,C95_EColi3610_0,C90_EColi3610_0,C70_EColi3610_0,C50_EColi3610_0,C40_EColi3610_0,C30_EColi3610_0
EColi3611_1,C95_EColi3611_1,C90_EColi3611_1,C70_EColi3611_1,C50_EColi3611_1,C40_EColi1726_0,C30_EColi2294_0
EColi3612_0,C95_EColi3612_0,C90_EColi3612_0,C70_EColi3612_0,C50_EColi3612_0,C40_EColi3612_0,C30_EColi2335_0
EColi3613_2,C95_EColi3613_2,C90_EColi3613_2,C70_EColi3613_2,C50_EColi3613_2,C40_EColi4128_0,C30_EColi3613_2
EColi3614_0,C95_EColi3614_0,C90_EColi3614_0,C70_EColi3614_0,C50_EColi3614_0,C40_EColi3614_0,C30_EColi4985_1
EColi3615_2,C95_EColi3615_2,C90_EColi3615_2,C70_EColi3615_2,C50_EColi1648_0,C40_EColi1648_0,C30_EColi4985_1
EColi3616_1,C95_EColi3616_1,C90_EColi3616_1,C70_EColi3616_1,C50_EColi3616_1,C40_EColi3616_1,C30_EColi861_1
EColi3617_1,C95_EColi3617_1,C90_EColi3617_1,C70_EColi3617_1,C50_EColi2337_0,C40_EColi5823_0,C30_EColi3312_1
EColi3618_0,C95_EColi3618_0,C90_EColi3618_0,C70_EColi3618_0,C50_EColi3618_0,C40_EColi4982_1,C30_EColi3618_0
EColi3619_0,C95_EColi3619_0,C90_EColi3619_0,C70_EColi3619_0,C50_EColi3619_0,C40_EColi3619_0,C30_EColi5837_0
EColi3620_1,C95_EColi3620_1,C90_EColi3620_1,C70_EColi3620_1,C50_EColi3620_1,C40_EColi3620_1,C30_EColi3620_1
EColi3621_2,C95_EColi3621_2,C90_EColi3621_2,C70_EColi3621_2,C50_EColi3621_2,C40_EColi3621_2,C30_EColi4735_1
EColi3622_2,C95_EColi3622_2,C90_EColi3622_2,C70_EColi3622_2,C50_EColi6108_2,C40_EColi6108_2,C30_EColi6108_2
EColi3623_2,C95_EColi3623_2,C90_EColi3623_2,C70_EColi3623_2,C50_EColi3623_2,C40_EColi3623_2,C30_EColi3623_2
EColi3624_1,C95_EColi3624_1,C90_EColi3624_1,C70_EColi3624_1,C50_EColi1696_1,C40_EColi1696_1,C30_EColi1696_1
EColi3625_2,C95_EColi3625_2,C90_EColi3625_2,C70_EColi3625_2,C50_EColi3625_2,C40_EColi6036_0,C30_EColi5000_1
EColi3626_1,C95_EColi3626_1,C90_EColi3626_1,C70_EColi3626_1,C50_EColi3626_1,C40_EColi2610_0,C30_EColi1778_2
EColi3627_0,C95_EColi3627_0,C90_EColi3627_0,C70_EColi3627_0,C50_EColi3627_0,C40_EColi2198_0,C30_EColi2198_0
EColi3628_1,C95_EColi3628_1,C90_EColi3628_1,C70_EColi3628_1,C50_EColi3628_1,C40_EColi3628_1,C30_EColi3657_1
EColi3629_2,C95_EColi3629_2,C90_EColi3629_2,C70_EColi3629_2,C50_EColi3629_2,C40_EColi3629_2,C30_EColi3629_2
EColi3630_1,C95_EColi3630_1,C90_EColi3630_1,C70_EColi3630_1,C50_EColi3630_1,C40_EColi2414_2,C30_EColi2414_2
EColi3631_1,C95_EColi3631_1,C90_EColi3631_1,C70_EColi3631_1,C50_EColi2244_1,C40_EColi3333_1,C30_EColi3333_1
EColi3632_1,C95_EColi3632_1,C90_EColi3632_1,C70_EColi3632_1,C50_EColi3632_1,C40_EColi5093_2,C30_EColi2415_2
EColi3633_1,C95_EColi3633_1,C90_EColi3633_1,C70_EColi3633_1,C50_EColi2612_1,C40_EColi5714_2,C30_EColi3341_1
EColi3634_1,C95_EColi3634_1,C90_EColi3634_1,C70_EColi3634_1,C50_EColi5036_1,C40_EColi4136_1,C30_EColi4136_1
EColi3635_0,C95_EColi3635_0,C90_EColi3635_0,C70_EColi3635_0,C50_EColi3635_0,C40_EColi3635_0,C30_EColi3635_0
EColi3636_2,C95_EColi3636_2,C90_EColi3636_2,C70_EColi3636_2,C50_EColi5653_2,C40_EColi5653_2,C30_EColi5653_2
EColi3637_1,C95_EColi3637_1,C90_EColi3637_1,C70_EColi3637_1,C50_EColi4712_1,C40_EColi4712_1,C30_EColi4712_1
EColi3638_1,C95_EColi3638_1,C90_EColi3638_1,C70_EColi3638_1,C50_EColi2624_0,C40_EColi2624_0,C30_EColi2624_0
EColi3639_2,C95_EColi3639_2,C90_EColi3639_2,C70_EColi3639_2,C50_EColi3639_2,C40_EColi48_0,C30_EColi48_0
EColi3640_1,C95_EColi3640_1,C90_EColi3640_1,C70_EColi3640_1,C50_EColi3640_1,C40_EColi3640_1,C30_EColi3640_1
EColi3641_1,C95_EColi3641_1,C90_EColi3641_1,C70_EColi3641_1,C50_EColi3641_1,C40_EColi5705_1,C30_EColi5705_1
EColi3642_0,C95_EColi3642_0,C90_EColi3642_0,C70_EColi3642_0,C50_EColi3642_0,C40_EColi3642_0,C30_EColi5650_2
EColi3643_0,C95_EColi3643_0,C90_EColi3643_0,C70_EColi3643_0,C50_EColi3643_0,C40_EColi2218_1,C30_EColi5650_2
EColi3644_0,C95_EColi3644_0,C90_EColi3644_0,C70_EColi3644_0,C50_EColi3644_0,C40_EColi3644_0,C30_EColi3644_0
EColi3645_1,C95_EColi3645_1,C90_EColi3645_1,C70_EColi3645_1,C50_EColi3645_1,C40_EColi3645_1,C30_EColi3645_1
EColi3646_1,C95_EColi3646_1,C90_EColi3646_1,C70_EColi3646_1,C50_EColi3646_1,C40_EColi3646_1,C30_EColi3646_1
EColi3647_2,C95_EColi3647_2,C90_EColi3647_2,C70_EColi3647_2,C50_EColi3647_2,C40_EColi5720_1,C30_EColi4981_1
EColi3648_1,C95_EColi3648_1,C90_EColi3648_1,C70_EColi3648_1,C50_EColi3648_1,C40_EColi2218_1,C30_EColi5650_2
EColi3649_0,C95_EColi3649_0,C90_EColi3649_0,C70_EColi3649_0,C50_EColi3649_0,C40_EColi3649_0,C30_EColi3649_0
EColi3650_0,C95_EColi3650_0,C90_EColi3650_0,C70_EColi3650_0,C50_EColi3650_0,C40_EColi3650_0,C30_EColi3650_0
EColi3651_1,C95_EColi3651_1,C90_EColi3651_1,C70_EColi3651_1,C50_EColi3651_1,C40_EColi3651_1,C30_EColi3651_1
EColi3652_1,C95_EColi3652_1,C90_EColi3652_1,C70_EColi3652_1,C50_EColi2196_2,C40_EColi3620_1,C30_EColi2198_0
EColi3653_2,C95_EColi3653_2,C90_EColi3653_2,C70_EColi3653_2,C50_EColi3653_2,C40_EColi3653_2,C30_EColi3653_2
EColi3654_1,C95_EColi3654_1,C90_EColi3654_1,C70_EColi3654_1,C50_EColi3654_1,C40_EColi3654_1,C30_EColi3654_1
EColi3655_1,C95_EColi3655_1,C90_EColi3655_1,C70_EColi3655_1,C50_EColi3655_1,C40_EColi3655_1,C30_EColi3655_1
EColi3656_1,C95_EColi3656_1,C90_EColi3656_1,C70_EColi3656_1,C50_EColi3656_1,C40_EColi3656_1,C30_EColi5535_0
EColi3657_1,C95_EColi3657_1,C90_EColi3657_1,C70_EColi3657_1,C50_EColi3657_1,C40_EColi3657_1,C30_EColi3657_1
EColi3658_1,C95_EColi3658_1,C90_EColi3658_1,C70_EColi3658_1,C50_EColi3658_1,C40_EColi3658_1,C30_EColi3658_1
EColi3659_1,C95_EColi3659_1,C90_EColi3659_1,C70_EColi3659_1,C50_EColi3659_1,C40_EColi3659_1,C30_EColi3659_1
EColi3660_0,C95_EColi3660_0,C90_EColi3660_0,C70_EColi3660_0,C50_EColi3660_0,C40_EColi3660_0,C30_EColi3660_0
EColi3661_0,C95_EColi3661_0,C90_EColi3661_0,C70_EColi3661_0,C50_EColi3661_0,C40_EColi3661_0,C30_EColi1916_2
EColi3662_1,C95_EColi3662_1,C90_EColi3662_1,C70_EColi3662_1,C50_EColi3662_1,C40_EColi4681_1,C30_EColi1332_2
EColi3663_0,C95_EColi3663_0,C90_EColi3663_0,C70_EColi3663_0,C50_EColi3663_0,C40_EColi3663_0,C30_EColi3663_0
EColi3664_0,C95_EColi3664_0,C90_EColi3664_0,C70_EColi3664_0,C50_EColi3664_0,C40_EColi3664_0,C30_EColi2579_0
EColi3665_1,C95_EColi3665_1,C90_EColi3665_1,C70_EColi3665_1,C50_EColi3801_1,C40_EColi3801_1,C30_EColi3801_1
EColi3666_0,C95_EColi3666_0,C90_EColi3666_0,C70_EColi3666_0,C50_EColi3666_0,C40_EColi3666_0,C30_EColi3666_0
EColi3667_0,C95_EColi3667_0,C90_EColi3667_0,C70_EColi3667_0,C50_EColi3667_0,C40_EColi486_1,C30_EColi4546_0
EColi3668_2,C95_EColi3668_2,C90_EColi3668_2,C70_EColi3668_2,C50_EColi3668_2,C40_EColi3601_1,C30_EColi3601_1
EColi3669_0,C95_EColi3669_0,C90_EColi3669_0,C70_EColi3669_0,C50_EColi3804_1,C40_EColi3804_1,C30_EColi3804_1
EColi3670_2,C95_EColi3670_2,C90_EColi3670_2,C70_EColi3670_2,C50_EColi3670_2,C40_EColi3670_2,C30_EColi3670_2
EColi3671_2,C95_EColi3671_2,C90_EColi3671_2,C70_EColi3671_2,C50_EColi3671_2,C40_EColi3671_2,C30_EColi3671_2
EColi3672_0,C95_EColi3672_0,C90_EColi3672_0,C70_EColi3672_0,C50_EColi3672_0,C40_EColi3672_0,C30_EColi3672_0
EColi3673_1,C95_EColi3673_1,C90_EColi3673_1,C70_EColi3673_1,C50_EColi3673_1,C40_EColi3673_1,C30_EColi3673_1
EColi3674_1,C95_EColi3674_1,C90_EColi3674_1,C70_EColi3674_1,C50_EColi3674_1,C40_EColi3674_1,C30_EColi3674_1
EColi3675_0,C95_EColi3675_0,C90_EColi3675_0,C70_EColi3675_0,C50_EColi3675_0,C40_EColi3675_0,C30_EColi3675_0
EColi3676_0,C95_EColi3676_0,C90_EColi3676_0,C70_EColi3676_0,C50_EColi3676_0,C40_EColi3676_0,C30_EColi1243_1
EColi3677_1,C95_EColi3677_1,C90_EColi3677_1,C70_EColi3677_1,C50_EColi3779_1,C40_EColi5823_0,C30_EColi3312_1
EColi3678_1,C95_EColi3678_1,C90_EColi3678_1,C70_EColi3678_1,C50_EColi3678_1,C40_EColi1284_0,C30_EColi3898_0
EColi3679_0,C95_EColi3679_0,C90_EColi3679_0,C70_EColi3679_0,C50_EColi3679_0,C40_EColi3679_0,C30_EColi3679_0
EColi3680_0,C95_EColi3680_0,C90_EColi3680_0,C70_EColi3680_0,C50_EColi3680_0,C40_EColi3680_0,C30_EColi3680_0
EColi3681_1,C95_EColi3681_1,C90_EColi3681_1,C70_EColi3681_1,C50_EColi3681_1,C40_EColi3681_1,C30_EColi3681_1
EColi3682_2,C95_EColi3682_2,C90_EColi3682_2,C70_EColi3682_2,C50_EColi3682_2,C40_EColi3682_2,C30_EColi3682_2
EColi3683_0,C95_EColi3683_0,C90_EColi3683_0,C70_EColi3683_0,C50_EColi3683_0,C40_EColi3683_0,C30_EColi3683_0
EColi3684_2,C95_EColi3684_2,C90_EColi3684_2,C70_EColi3684_2,C50_EColi3684_2,C40_EColi3684_2,C30_EColi3684_2
EColi3685_1,C95_EColi3685_1,C90_EColi3685_1,C70_EColi3685_1,C50_EColi3685_1,C40_EColi3685_1,C30_EColi3685_1
EColi3686_2,C95_EColi3686_2,C90_EColi3686_2,C70_EColi3686_2,C50_EColi3686_2,C40_EColi3686_2,C30_EColi3686_2
EColi3687_0,C95_EColi3687_0,C90_EColi3687_0,C70_EColi3687_0,C50_EColi3687_0,C40_EColi3687_0,C30_EColi3687_0
EColi3688_2,C95_EColi3688_2,C90_EColi3688_2,C70_EColi3688_2,C50_EColi3688_2,C40_EColi3688_2,C30_EColi6166_2
EColi3689_1,C95_EColi3689_1,C90_EColi3689_1,C70_EColi3689_1,C50_EColi3689_1,C40_EColi1469_2,C30_EColi1469_2
EColi3690_2,C95_EColi3690_2,C90_EColi3690_2,C70_EColi3690_2,C50_EColi3690_2,C40_EColi3690_2,C30_EColi3690_2
EColi3691_1,C95_EColi3691_1,C90_EColi3691_1,C70_EColi3691_1,C50_EColi3691_1,C40_EColi1284_0,C30_EColi3898_0
EColi3692_0,C95_EColi3692_0,C90_EColi3692_0,C70_EColi3692_0,C50_EColi3692_0,C40_EColi3692_0,C30_EColi1645_0
EColi3693_1,C95_EColi3693_1,C90_EColi3693_1,C70_EColi3693_1,C50_EColi3693_1,C40_EColi3693_1,C30_EColi2818_2
EColi3694_2,C95_EColi3694_2,C90_EColi3694_2,C70_EColi3694_2,C50_EColi3684_2,C40_EColi3684_2,C30_EColi3684_2
EColi3695_2,C95_EColi3695_2,C90_EColi3695_2,C70_EColi3695_2,C50_EColi3684_2,C40_EColi3684_2,C30_EColi3684_2
EColi3696_2,C95_EColi3696_2,C90_EColi3696_2,C70_EColi3696_2,C50_EColi3696_2,C40_EColi3696_2,C30_EColi3696_2
EColi3697_0,C95_EColi3697_0,C90_EColi3697_0,C70_EColi3697_0,C50_EColi3697_0,C40_EColi3697_0,C30_EColi1645_0
EColi3698_0,C95_EColi3698_0,C90_EColi3698_0,C70_EColi3698_0,C50_EColi3698_0,C40_EColi3698_0,C30_EColi3698_0
EColi3699_0,C95_EColi3699_0,C90_EColi3699_0,C70_EColi3699_0,C50_EColi3699_0,C40_EColi3699_0,C30_EColi3699_0
EColi3700_2,C95_EColi3700_2,C90_EColi3700_2,C70_EColi3700_2,C50_EColi3700_2,C40_EColi3700_2,C30_EColi1749_1
EColi3701_0,C95_EColi3701_0,C90_EColi3701_0,C70_EColi3701_0,C50_EColi3701_0,C40_EColi3701_0,C30_EColi3701_0
EColi3702_2,C95_EColi3702_2,C90_EColi3702_2,C70_EColi3702_2,C50_EColi3702_2,C40_EColi3702_2,C30_EColi3702_2
EColi3703_0,C95_EColi3703_0,C90_EColi3703_0,C70_EColi3703_0,C50_EColi3703_0,C40_EColi3703_0,C30_EColi3703_0
EColi3704_2,C95_EColi3704_2,C90_EColi3704_2,C70_EColi3704_2,C50_EColi3704_2,C40_EColi3704_2,C30_EColi3704_2
EColi3705_1,C95_EColi3705_1,C90_EColi3705_1,C70_EColi3705_1,C50_EColi3705_1,C40_EColi3705_1,C30_EColi3706_0
EColi3706_0,C95_EColi3706_0,C90_EColi3706_0,C70_EColi3706_0,C50_EColi3706_0,C40_EColi3706_0,C30_EColi3706_0
EColi3707_2,C95_EColi3707_2,C90_EColi3707_2,C70_EColi3707_2,C50_EColi3707_2,C40_EColi3707_2,C30_EColi3707_2
EColi3708_0,C95_EColi3708_0,C90_EColi3708_0,C70_EColi3708_0,C50_EColi3708_0,C40_EColi3708_0,C30_EColi44_0
EColi3709_2,C95_EColi3709_2,C90_EColi3709_2,C70_EColi3709_2,C50_EColi3709_2,C40_EColi3709_2,C30_EColi1243_1
EColi3710_2,C95_EColi3710_2,C90_EColi3710_2,C70_EColi3710_2,C50_EColi3710_2,C40_EColi3710_2,C30_EColi3710_2
EColi3711_2,C95_EColi3711_2,C90_EColi3711_2,C70_EColi3711_2,C50_EColi3711_2,C40_EColi3711_2,C30_EColi3711_2
EColi3712_2,C95_EColi3712_2,C90_EColi3712_2,C70_EColi3712_2,C50_EColi3712_2,C40_EColi3712_2,C30_EColi3952_2
EColi3713_1,C95_EColi3713_1,C90_EColi3713_1,C70_EColi3713_1,C50_EColi3713_1,C40_EColi1530_0,C30_EColi1530_0
EColi3714_2,C95_EColi3714_2,C90_EColi3714_2,C70_EColi3714_2,C50_EColi3714_2,C40_EColi3714_2,C30_EColi3714_2
EColi3715_2,C95_EColi3715_2,C90_EColi3715_2,C70_EColi3715_2,C50_EColi3715_2,C40_EColi3715_2,C30_EColi3715_2
EColi3716_0,C95_EColi3716_0,C90_EColi3716_0,C70_EColi3716_0,C50_EColi3716_0,C40_EColi3716_0,C30_EColi3716_0
EColi3717_0,C95_EColi3717_0,C90_EColi3717_0,C70_EColi3717_0,C50_EColi3717_0,C40_EColi5609_2,C30_EColi5609_2
EColi3718_2,C95_EColi3718_2,C90_EColi3718_2,C70_EColi3718_2,C50_EColi3100_2,C40_EColi3100_2,C30_EColi3100_2
EColi3719_1,C95_EColi3719_1,C90_EColi3719_1,C70_EColi3719_1,C50_EColi3719_1,C40_EColi3719_1,C30_EColi3719_1
EColi3720_0,C95_EColi3720_0,C90_EColi3720_0,C70_EColi3720_0,C50_EColi3720_0,C40_EColi3720_0,C30_EColi3720_0
EColi3721_2,C95_EColi3721_2,C90_EColi3721_2,C70_EColi3721_2,C50_EColi3721_2,C40_EColi3721_2,C30_EColi3721_2
EColi3722_1,C95_EColi3722_1,C90_EColi3722_1,C70_EColi3722_1,C50_EColi3722_1,C40_EColi3722_1,C30_EColi3722_1
EColi3723_2,C95_EColi3723_2,C90_EColi3723_2,C70_EColi3723_2,C50_EColi3723_2,C40_EColi3723_2,C30_EColi3723_2
EColi3724_0,C95_EColi3724_0,C90_EColi3724_0,C70_EColi3724_0,C50_EColi3724_0,C40_EColi3724_0,C30_EColi3724_0
EColi3725_0,C95_EColi3725_0,C90_EColi3725_0,C70_EColi3725_0,C50_EColi3725_0,C40_EColi1371_0,C30_EColi3725_0
EColi3726_2,C95_EColi3726_2,C90_EColi3726_2,C70_EColi3726_2,C50_EColi3726_2,C40_EColi3726_2,C30_EColi3726_2
EColi3727_1,C95_EColi3727_1,C90_EColi3727_1,C70_EColi3727_1,C50_EColi3727_1,C40_EColi3727_1,C30_EColi1308_0
EColi3728_1,C95_EColi3728_1,C90_EColi3728_1,C70_EColi3728_1,C50_EColi3728_1,C40_EColi3728_1,C30_EColi1509_2
EColi3729_1,C95_EColi3729_1,C90_EColi3729_1,C70_EColi3729_1,C50_EColi3729_1,C40_EColi3729_1,C30_EColi3729_1
EColi3730_0,C95_EColi3730_0,C90_EColi3730_0,C70_EColi3730_0,C50_EColi3730_0,C40_EColi3730_0,C30_EColi3730_0
EColi3731_0,C95_EColi3731_0,C90_EColi3731_0,C70_EColi3731_0,C50_EColi3731_0,C40_EColi3731_0,C30_EColi5338_1
EColi3732_0,C95_EColi3732_0,C90_EColi3732_0,C70_EColi3732_0,C50_EColi3732_0,C40_EColi3732_0,C30_EColi3033_2
EColi3733_0,C95_EColi3733_0,C90_EColi3733_0,C70_EColi3733_0,C50_EColi3733_0,C40_EColi3733_0,C30_EColi3733_0
EColi3734_0,C95_EColi3734_0,C90_EColi3734_0,C70_EColi3734_0,C50_EColi3734_0,C40_EColi4582_0,C30_EColi4582_0
EColi3735_0,C95_EColi3735_0,C90_EColi3735_0,C70_EColi3735_0,C50_EColi3735_0,C40_EColi3735_0,C30_EColi3735_0
EColi3736_2,C95_EColi3736_2,C90_EColi3736_2,C70_EColi3736_2,C50_EColi3736_2,C40_EColi3736_2,C30_EColi3737_2
EColi3737_2,C95_EColi3737_2,C90_EColi3737_2,C70_EColi3737_2,C50_EColi3737_2,C40_EColi3737_2,C30_EColi3737_2
EColi3738_2,C95_EColi3738_2,C90_EColi3738_2,C70_EColi3738_2,C50_EColi3738_2,C40_EColi3122_2,C30_EColi3122_2
EColi3739_2,C95_EColi3739_2,C90_EColi3739_2,C70_EColi3739_2,C50_EColi6209_1,C40_EColi6209_1,C30_EColi6209_1
EColi3740_0,C95_EColi3740_0,C90_EColi3740_0,C70_EColi3740_0,C50_EColi3125_2,C40_EColi6209_1,C30_EColi6209_1
EColi3741_1,C95_EColi3741_1,C90_EColi3741_1,C70_EColi3741_1,C50_EColi3741_1,C40_EColi3741_1,C30_EColi6112_0
EColi3742_0,C95_EColi3742_0,C90_EColi3742_0,C70_EColi3742_0,C50_EColi4957_0,C40_EColi3742_0,C30_EColi3084_0
EColi3743_2,C95_EColi3743_2,C90_EColi3743_2,C70_EColi3743_2,C50_EColi3743_2,C40_EColi3743_2,C30_EColi1780_1
EColi3744_1,C95_EColi3744_1,C90_EColi3744_1,C70_EColi3744_1,C50_EColi3744_1,C40_EColi3744_1,C30_EColi3744_1
EColi3745_2,C95_EColi3745_2,C90_EColi3745_2,C70_EColi3745_2,C50_EColi3745_2,C40_EColi3745_2,C30_EColi3745_2
EColi3746_0,C95_EColi3746_0,C90_EColi3746_0,C70_EColi3746_0,C50_EColi4490_2,C40_EColi4490_2,C30_EColi4490_2
EColi3747_1,C95_EColi3747_1,C90_EColi3747_1,C70_EColi3747_1,C50_EColi6053_1,C40_EColi6053_1,C30_EColi6053_1
EColi3748_1,C95_EColi3748_1,C90_EColi3748_1,C70_EColi3748_1,C50_EColi3748_1,C40_EColi3748_1,C30_EColi3748_1
EColi3749_1,C95_EColi3749_1,C90_EColi3749_1,C70_EColi3749_1,C50_EColi3749_1,C40_EColi3749_1,C30_EColi4553_0
EColi3750_2,C95_EColi3750_2,C90_EColi3750_2,C70_EColi3750_2,C50_EColi3750_2,C40_EColi3750_2,C30_EColi3750_2
EColi3751_2,C95_EColi3751_2,C90_EColi3751_2,C70_EColi3751_2,C50_EColi6151_1,C40_EColi6151_1,C30_EColi6151_1
